"batch_id","partition_origin","capture_area_id","program_id","program_name","replicate_start","replicate_end","expected_replicate_count","observed_replicate_count","expected_membership_rows","observed_membership_rows","seed_min","seed_max","source_file","source_sha256","output_file","output_size_bytes","output_sha256","validation_status","completion_time","scientific_parameters_changed","notes"
"SALVAGED__gsm8500534_cap_area1_ln_v1__macrophage_rich__r0001-r1000","SALVAGED_FROM_INTERRUPTED_FILE","GSM8500534_Cap.area1_LN_V1","macrophage_rich","Macrophage-rich program",1,1000,1000,1000,22000,22000,21370805,21371804,"${DLBCL_PROJECT_ROOT}/revision_2026_reviewer_response/06p_wp3_matched_null_and_depth_sensitivity/01_execution_outputs/matched_null/MATCHED_RANDOM_SET_MEMBERSHIP.csv","335f2f67a5ae6432df456faaded956168426ff470426e2f26a25bf577fe94e14","${DLBCL_PROJECT_ROOT}/revision_2026_reviewer_response/06p_wp3_matched_null_and_depth_sensitivity/01_execution_outputs/matched_null/membership_parts/salvaged/GSM8500534_Cap.area1_LN_V1__macrophage_rich__r0001-r1000.csv",3298780,"a370266699e54f29c7cb12fd59de70cc77d8e2b353cfd74d0df523982eb827b8","PASS","2026-08-05T18:23:29+0800",FALSE,"Deterministic composite-key extraction from complete parseable rows; independently validated; not recomputed"
"SALVAGED__gsm8500534_cap_area1_ln_v1__t_cell_inflamed__r0001-r1000","SALVAGED_FROM_INTERRUPTED_FILE","GSM8500534_Cap.area1_LN_V1","t_cell_inflamed","T cell-inflamed program",1,1000,1000,1000,22000,22000,21470805,21471804,"${DLBCL_PROJECT_ROOT}/revision_2026_reviewer_response/06p_wp3_matched_null_and_depth_sensitivity/01_execution_outputs/matched_null/MATCHED_RANDOM_SET_MEMBERSHIP.csv","335f2f67a5ae6432df456faaded956168426ff470426e2f26a25bf577fe94e14","${DLBCL_PROJECT_ROOT}/revision_2026_reviewer_response/06p_wp3_matched_null_and_depth_sensitivity/01_execution_outputs/matched_null/membership_parts/salvaged/GSM8500534_Cap.area1_LN_V1__t_cell_inflamed__r0001-r1000.csv",3292005,"a33614ec2c99d071c1647eb4c0c0e8f0fdc3efbb5f5935366581b5823cd6766d","PASS","2026-08-05T18:23:30+0800",FALSE,"Deterministic composite-key extraction from complete parseable rows; independently validated; not recomputed"
"GENERATED__gsm8500534_cap_area1_ln_v1__antigen_presentation__r0001-r0100","GENERATED_BY_CONTROLLED_RESUME","GSM8500534_Cap.area1_LN_V1","antigen_presentation","Immune-inflamed / antigen-presentation program",1,100,100,100,2000,2000,21570805,21570904,"${DLBCL_PROJECT_ROOT}/revision_2026_reviewer_response/06p_wp3_matched_null_and_depth_sensitivity/01_execution_scripts/05_06p_partitioned_membership_resume.R","c26643ea7c59428bd516cbe93006168c13bdff590940977ef2318f8df7bc9e85","${DLBCL_PROJECT_ROOT}/revision_2026_reviewer_response/06p_wp3_matched_null_and_depth_sensitivity/01_execution_outputs/matched_null/membership_parts/generated/GSM8500534_Cap.area1_LN_V1__antigen_presentation__r0001-r0100.csv",355200,"a71665ee1aef4b4fb3174a5f8215729c5b9158833188705d68f8da227dad50b4","PASS","2026-08-05T18:23:35+0800",FALSE,"Create-once controlled-resume partition using frozen composite keys and seeds"
"GENERATED__gsm8500534_cap_area1_ln_v1__antigen_presentation__r0101-r0200","GENERATED_BY_CONTROLLED_RESUME","GSM8500534_Cap.area1_LN_V1","antigen_presentation","Immune-inflamed / antigen-presentation program",101,200,100,100,2000,2000,21570905,21571004,"${DLBCL_PROJECT_ROOT}/revision_2026_reviewer_response/06p_wp3_matched_null_and_depth_sensitivity/01_execution_scripts/05_06p_partitioned_membership_resume.R","c26643ea7c59428bd516cbe93006168c13bdff590940977ef2318f8df7bc9e85","${DLBCL_PROJECT_ROOT}/revision_2026_reviewer_response/06p_wp3_matched_null_and_depth_sensitivity/01_execution_outputs/matched_null/membership_parts/generated/GSM8500534_Cap.area1_LN_V1__antigen_presentation__r0101-r0200.csv",357472,"f8dbb98ad18b281997b17c7a411af16683043b4eeccaad44dd2668183caa17e1","PASS","2026-08-05T18:23:36+0800",FALSE,"Create-once controlled-resume partition using frozen composite keys and seeds"
"GENERATED__gsm8500534_cap_area1_ln_v1__antigen_presentation__r0201-r0300","GENERATED_BY_CONTROLLED_RESUME","GSM8500534_Cap.area1_LN_V1","antigen_presentation","Immune-inflamed / antigen-presentation program",201,300,100,100,2000,2000,21571005,21571104,"${DLBCL_PROJECT_ROOT}/revision_2026_reviewer_response/06p_wp3_matched_null_and_depth_sensitivity/01_execution_scripts/05_06p_partitioned_membership_resume.R","c26643ea7c59428bd516cbe93006168c13bdff590940977ef2318f8df7bc9e85","${DLBCL_PROJECT_ROOT}/revision_2026_reviewer_response/06p_wp3_matched_null_and_depth_sensitivity/01_execution_outputs/matched_null/membership_parts/generated/GSM8500534_Cap.area1_LN_V1__antigen_presentation__r0201-r0300.csv",357363,"6bfd1a517fffa20bea6fe23a3b272d8680266a959a41a0cc61970d9027c8ca53","PASS","2026-08-05T18:23:37+0800",FALSE,"Create-once controlled-resume partition using frozen composite keys and seeds"
"GENERATED__gsm8500534_cap_area1_ln_v1__antigen_presentation__r0301-r0400","GENERATED_BY_CONTROLLED_RESUME","GSM8500534_Cap.area1_LN_V1","antigen_presentation","Immune-inflamed / antigen-presentation program",301,400,100,100,2000,2000,21571105,21571204,"${DLBCL_PROJECT_ROOT}/revision_2026_reviewer_response/06p_wp3_matched_null_and_depth_sensitivity/01_execution_scripts/05_06p_partitioned_membership_resume.R","c26643ea7c59428bd516cbe93006168c13bdff590940977ef2318f8df7bc9e85","${DLBCL_PROJECT_ROOT}/revision_2026_reviewer_response/06p_wp3_matched_null_and_depth_sensitivity/01_execution_outputs/matched_null/membership_parts/generated/GSM8500534_Cap.area1_LN_V1__antigen_presentation__r0301-r0400.csv",357460,"42b3d73a2cec2c442ae78dde60b164c7fb749bc4d89c53bf08e532694123d219","PASS","2026-08-05T18:23:38+0800",FALSE,"Create-once controlled-resume partition using frozen composite keys and seeds"
"GENERATED__gsm8500534_cap_area1_ln_v1__antigen_presentation__r0401-r0500","GENERATED_BY_CONTROLLED_RESUME","GSM8500534_Cap.area1_LN_V1","antigen_presentation","Immune-inflamed / antigen-presentation program",401,500,100,100,2000,2000,21571205,21571304,"${DLBCL_PROJECT_ROOT}/revision_2026_reviewer_response/06p_wp3_matched_null_and_depth_sensitivity/01_execution_scripts/05_06p_partitioned_membership_resume.R","c26643ea7c59428bd516cbe93006168c13bdff590940977ef2318f8df7bc9e85","${DLBCL_PROJECT_ROOT}/revision_2026_reviewer_response/06p_wp3_matched_null_and_depth_sensitivity/01_execution_outputs/matched_null/membership_parts/generated/GSM8500534_Cap.area1_LN_V1__antigen_presentation__r0401-r0500.csv",357270,"8af239cd933c9b84faf6f64c768bcfc6c8d120a928a0973611a28c3dbda5b79c","PASS","2026-08-05T18:23:39+0800",FALSE,"Create-once controlled-resume partition using frozen composite keys and seeds"
"GENERATED__gsm8500534_cap_area1_ln_v1__antigen_presentation__r0501-r0600","GENERATED_BY_CONTROLLED_RESUME","GSM8500534_Cap.area1_LN_V1","antigen_presentation","Immune-inflamed / antigen-presentation program",501,600,100,100,2000,2000,21571305,21571404,"${DLBCL_PROJECT_ROOT}/revision_2026_reviewer_response/06p_wp3_matched_null_and_depth_sensitivity/01_execution_scripts/05_06p_partitioned_membership_resume.R","c26643ea7c59428bd516cbe93006168c13bdff590940977ef2318f8df7bc9e85","${DLBCL_PROJECT_ROOT}/revision_2026_reviewer_response/06p_wp3_matched_null_and_depth_sensitivity/01_execution_outputs/matched_null/membership_parts/generated/GSM8500534_Cap.area1_LN_V1__antigen_presentation__r0501-r0600.csv",357283,"4a3a9c1efafbd443109046a11004ab1cdb23cf91af479d02e55320e0cf1ff989","PASS","2026-08-05T18:23:39+0800",FALSE,"Create-once controlled-resume partition using frozen composite keys and seeds"
"GENERATED__gsm8500534_cap_area1_ln_v1__antigen_presentation__r0601-r0700","GENERATED_BY_CONTROLLED_RESUME","GSM8500534_Cap.area1_LN_V1","antigen_presentation","Immune-inflamed / antigen-presentation program",601,700,100,100,2000,2000,21571405,21571504,"${DLBCL_PROJECT_ROOT}/revision_2026_reviewer_response/06p_wp3_matched_null_and_depth_sensitivity/01_execution_scripts/05_06p_partitioned_membership_resume.R","c26643ea7c59428bd516cbe93006168c13bdff590940977ef2318f8df7bc9e85","${DLBCL_PROJECT_ROOT}/revision_2026_reviewer_response/06p_wp3_matched_null_and_depth_sensitivity/01_execution_outputs/matched_null/membership_parts/generated/GSM8500534_Cap.area1_LN_V1__antigen_presentation__r0601-r0700.csv",357410,"22b509978a4591de63a22bd53e28662c98b632575bbe1722d55c8a082906b8c1","PASS","2026-08-05T18:23:40+0800",FALSE,"Create-once controlled-resume partition using frozen composite keys and seeds"
"GENERATED__gsm8500534_cap_area1_ln_v1__antigen_presentation__r0701-r0800","GENERATED_BY_CONTROLLED_RESUME","GSM8500534_Cap.area1_LN_V1","antigen_presentation","Immune-inflamed / antigen-presentation program",701,800,100,100,2000,2000,21571505,21571604,"${DLBCL_PROJECT_ROOT}/revision_2026_reviewer_response/06p_wp3_matched_null_and_depth_sensitivity/01_execution_scripts/05_06p_partitioned_membership_resume.R","c26643ea7c59428bd516cbe93006168c13bdff590940977ef2318f8df7bc9e85","${DLBCL_PROJECT_ROOT}/revision_2026_reviewer_response/06p_wp3_matched_null_and_depth_sensitivity/01_execution_outputs/matched_null/membership_parts/generated/GSM8500534_Cap.area1_LN_V1__antigen_presentation__r0701-r0800.csv",357538,"cef55b1693c28f6cb979d467cadc0cbe245b0742083cc5a1517051276215cd18","PASS","2026-08-05T18:23:41+0800",FALSE,"Create-once controlled-resume partition using frozen composite keys and seeds"
"GENERATED__gsm8500534_cap_area1_ln_v1__antigen_presentation__r0801-r0900","GENERATED_BY_CONTROLLED_RESUME","GSM8500534_Cap.area1_LN_V1","antigen_presentation","Immune-inflamed / antigen-presentation program",801,900,100,100,2000,2000,21571605,21571704,"${DLBCL_PROJECT_ROOT}/revision_2026_reviewer_response/06p_wp3_matched_null_and_depth_sensitivity/01_execution_scripts/05_06p_partitioned_membership_resume.R","c26643ea7c59428bd516cbe93006168c13bdff590940977ef2318f8df7bc9e85","${DLBCL_PROJECT_ROOT}/revision_2026_reviewer_response/06p_wp3_matched_null_and_depth_sensitivity/01_execution_outputs/matched_null/membership_parts/generated/GSM8500534_Cap.area1_LN_V1__antigen_presentation__r0801-r0900.csv",357456,"1027f5b1b23fba53a3b72792653dc467e05ff6e09b2858c6eabc0b27877cd589","PASS","2026-08-05T18:23:41+0800",FALSE,"Create-once controlled-resume partition using frozen composite keys and seeds"
"GENERATED__gsm8500534_cap_area1_ln_v1__antigen_presentation__r0901-r1000","GENERATED_BY_CONTROLLED_RESUME","GSM8500534_Cap.area1_LN_V1","antigen_presentation","Immune-inflamed / antigen-presentation program",901,1000,100,100,2000,2000,21571705,21571804,"${DLBCL_PROJECT_ROOT}/revision_2026_reviewer_response/06p_wp3_matched_null_and_depth_sensitivity/01_execution_scripts/05_06p_partitioned_membership_resume.R","c26643ea7c59428bd516cbe93006168c13bdff590940977ef2318f8df7bc9e85","${DLBCL_PROJECT_ROOT}/revision_2026_reviewer_response/06p_wp3_matched_null_and_depth_sensitivity/01_execution_outputs/matched_null/membership_parts/generated/GSM8500534_Cap.area1_LN_V1__antigen_presentation__r0901-r1000.csv",357273,"49727261930645d83de749d01949e68b6e1f5c2583fe65905160f2c03bc5d09c","PASS","2026-08-05T18:23:42+0800",FALSE,"Create-once controlled-resume partition using frozen composite keys and seeds"
"SALVAGED__gsm8500534_cap_area1_ln_v1__stromal_fibrotic__r0001-r1000","SALVAGED_FROM_INTERRUPTED_FILE","GSM8500534_Cap.area1_LN_V1","stromal_fibrotic","Stromal / fibrotic program",1,1000,1000,1000,22000,22000,21670805,21671804,"${DLBCL_PROJECT_ROOT}/revision_2026_reviewer_response/06p_wp3_matched_null_and_depth_sensitivity/01_execution_outputs/matched_null/MATCHED_RANDOM_SET_MEMBERSHIP.csv","335f2f67a5ae6432df456faaded956168426ff470426e2f26a25bf577fe94e14","${DLBCL_PROJECT_ROOT}/revision_2026_reviewer_response/06p_wp3_matched_null_and_depth_sensitivity/01_execution_outputs/matched_null/membership_parts/salvaged/GSM8500534_Cap.area1_LN_V1__stromal_fibrotic__r0001-r1000.csv",3383569,"e61c615b553da27959c4f65f3415a46e434c9080dad2188a0fba057dc72cc481","PASS","2026-08-05T18:23:31+0800",FALSE,"Deterministic composite-key extraction from complete parseable rows; independently validated; not recomputed"
"SALVAGED__gsm8500534_cap_area1_ln_v1__immune_cold_exclusion__r0001-r1000","SALVAGED_FROM_INTERRUPTED_FILE","GSM8500534_Cap.area1_LN_V1","immune_cold_exclusion","Immune-cold / exclusion-associated program",1,1000,1000,1000,21000,21000,21770805,21771804,"${DLBCL_PROJECT_ROOT}/revision_2026_reviewer_response/06p_wp3_matched_null_and_depth_sensitivity/01_execution_outputs/matched_null/MATCHED_RANDOM_SET_MEMBERSHIP.csv","335f2f67a5ae6432df456faaded956168426ff470426e2f26a25bf577fe94e14","${DLBCL_PROJECT_ROOT}/revision_2026_reviewer_response/06p_wp3_matched_null_and_depth_sensitivity/01_execution_outputs/matched_null/membership_parts/salvaged/GSM8500534_Cap.area1_LN_V1__immune_cold_exclusion__r0001-r1000.csv",3684429,"3c34542a69965d74c65857baf8303bede9320fa96ff1988df06ecbb078982f1e","PASS","2026-08-05T18:23:32+0800",FALSE,"Deterministic composite-key extraction from complete parseable rows; independently validated; not recomputed"
"SALVAGED__gsm8500534_cap_area1_ln_v1__proliferative_cycling__r0001-r1000","SALVAGED_FROM_INTERRUPTED_FILE","GSM8500534_Cap.area1_LN_V1","proliferative_cycling","Proliferative / cycling program",1,1000,1000,1000,21000,21000,21870805,21871804,"${DLBCL_PROJECT_ROOT}/revision_2026_reviewer_response/06p_wp3_matched_null_and_depth_sensitivity/01_execution_outputs/matched_null/MATCHED_RANDOM_SET_MEMBERSHIP.csv","335f2f67a5ae6432df456faaded956168426ff470426e2f26a25bf577fe94e14","${DLBCL_PROJECT_ROOT}/revision_2026_reviewer_response/06p_wp3_matched_null_and_depth_sensitivity/01_execution_outputs/matched_null/membership_parts/salvaged/GSM8500534_Cap.area1_LN_V1__proliferative_cycling__r0001-r1000.csv",3447844,"433e1162c4fe22548b918c4f77c866b0b62fe0d556fa4d74bca6dcdb26c19436","PASS","2026-08-05T18:23:33+0800",FALSE,"Deterministic composite-key extraction from complete parseable rows; independently validated; not recomputed"
"SALVAGED__gsm8500535_cap_area2_tonsil_v1__macrophage_rich__r0001-r0999","SALVAGED_FROM_INTERRUPTED_FILE","GSM8500535_Cap.area2_tonsil_V1","macrophage_rich","Macrophage-rich program",1,999,999,999,21978,21978,22370805,22371803,"${DLBCL_PROJECT_ROOT}/revision_2026_reviewer_response/06p_wp3_matched_null_and_depth_sensitivity/01_execution_outputs/matched_null/MATCHED_RANDOM_SET_MEMBERSHIP.csv","335f2f67a5ae6432df456faaded956168426ff470426e2f26a25bf577fe94e14","${DLBCL_PROJECT_ROOT}/revision_2026_reviewer_response/06p_wp3_matched_null_and_depth_sensitivity/01_execution_outputs/matched_null/membership_parts/salvaged/GSM8500535_Cap.area2_tonsil_V1__macrophage_rich__r0001-r0999.csv",3384516,"4da64bea1fe632b71ec02db4e91f2a03acc6203887d608d6b285cd8a791c4925","PASS","2026-08-05T18:23:34+0800",FALSE,"Deterministic composite-key extraction from complete parseable rows; independently validated; not recomputed"
"GENERATED__gsm8500535_cap_area2_tonsil_v1__macrophage_rich__r1000-r1000","GENERATED_BY_CONTROLLED_RESUME","GSM8500535_Cap.area2_tonsil_V1","macrophage_rich","Macrophage-rich program",1000,1000,1,1,22,22,22371804,22371804,"${DLBCL_PROJECT_ROOT}/revision_2026_reviewer_response/06p_wp3_matched_null_and_depth_sensitivity/01_execution_scripts/05_06p_partitioned_membership_resume.R","c26643ea7c59428bd516cbe93006168c13bdff590940977ef2318f8df7bc9e85","${DLBCL_PROJECT_ROOT}/revision_2026_reviewer_response/06p_wp3_matched_null_and_depth_sensitivity/01_execution_outputs/matched_null/membership_parts/generated/GSM8500535_Cap.area2_tonsil_V1__macrophage_rich__r1000-r1000.csv",3613,"b49de8f23bccb77a4b92e06435a89e233ac864af63052a87541276fe88b70a84","PASS","2026-08-05T18:23:42+0800",FALSE,"Create-once controlled-resume partition using frozen composite keys and seeds"
"GENERATED__gsm8500535_cap_area2_tonsil_v1__t_cell_inflamed__r0001-r0100","GENERATED_BY_CONTROLLED_RESUME","GSM8500535_Cap.area2_tonsil_V1","t_cell_inflamed","T cell-inflamed program",1,100,100,100,2200,2200,22470805,22470904,"${DLBCL_PROJECT_ROOT}/revision_2026_reviewer_response/06p_wp3_matched_null_and_depth_sensitivity/01_execution_scripts/05_06p_partitioned_membership_resume.R","c26643ea7c59428bd516cbe93006168c13bdff590940977ef2318f8df7bc9e85","${DLBCL_PROJECT_ROOT}/revision_2026_reviewer_response/06p_wp3_matched_null_and_depth_sensitivity/01_execution_outputs/matched_null/membership_parts/generated/GSM8500535_Cap.area2_tonsil_V1__t_cell_inflamed__r0001-r0100.csv",335260,"165bcc35908756b0c84c3b540e86d850a49ad2c4a71c825c697de4cef4077b90","PASS","2026-08-05T18:23:43+0800",FALSE,"Create-once controlled-resume partition using frozen composite keys and seeds"
"GENERATED__gsm8500535_cap_area2_tonsil_v1__t_cell_inflamed__r0101-r0200","GENERATED_BY_CONTROLLED_RESUME","GSM8500535_Cap.area2_tonsil_V1","t_cell_inflamed","T cell-inflamed program",101,200,100,100,2200,2200,22470905,22471004,"${DLBCL_PROJECT_ROOT}/revision_2026_reviewer_response/06p_wp3_matched_null_and_depth_sensitivity/01_execution_scripts/05_06p_partitioned_membership_resume.R","c26643ea7c59428bd516cbe93006168c13bdff590940977ef2318f8df7bc9e85","${DLBCL_PROJECT_ROOT}/revision_2026_reviewer_response/06p_wp3_matched_null_and_depth_sensitivity/01_execution_outputs/matched_null/membership_parts/generated/GSM8500535_Cap.area2_tonsil_V1__t_cell_inflamed__r0101-r0200.csv",337675,"c6cb9f1a4dd27ebdea85fed5d978f8e644ebe0f56a7e218f73318eae5328708d","PASS","2026-08-05T18:23:43+0800",FALSE,"Create-once controlled-resume partition using frozen composite keys and seeds"
"GENERATED__gsm8500535_cap_area2_tonsil_v1__t_cell_inflamed__r0201-r0300","GENERATED_BY_CONTROLLED_RESUME","GSM8500535_Cap.area2_tonsil_V1","t_cell_inflamed","T cell-inflamed program",201,300,100,100,2200,2200,22471005,22471104,"${DLBCL_PROJECT_ROOT}/revision_2026_reviewer_response/06p_wp3_matched_null_and_depth_sensitivity/01_execution_scripts/05_06p_partitioned_membership_resume.R","c26643ea7c59428bd516cbe93006168c13bdff590940977ef2318f8df7bc9e85","${DLBCL_PROJECT_ROOT}/revision_2026_reviewer_response/06p_wp3_matched_null_and_depth_sensitivity/01_execution_outputs/matched_null/membership_parts/generated/GSM8500535_Cap.area2_tonsil_V1__t_cell_inflamed__r0201-r0300.csv",337719,"5302c8dee0dac23a9e355c2dc76e3f592724442e2aa80f32dc88e6e9c70f6515","PASS","2026-08-05T18:23:44+0800",FALSE,"Create-once controlled-resume partition using frozen composite keys and seeds"
"GENERATED__gsm8500535_cap_area2_tonsil_v1__t_cell_inflamed__r0301-r0400","GENERATED_BY_CONTROLLED_RESUME","GSM8500535_Cap.area2_tonsil_V1","t_cell_inflamed","T cell-inflamed program",301,400,100,100,2200,2200,22471105,22471204,"${DLBCL_PROJECT_ROOT}/revision_2026_reviewer_response/06p_wp3_matched_null_and_depth_sensitivity/01_execution_scripts/05_06p_partitioned_membership_resume.R","c26643ea7c59428bd516cbe93006168c13bdff590940977ef2318f8df7bc9e85","${DLBCL_PROJECT_ROOT}/revision_2026_reviewer_response/06p_wp3_matched_null_and_depth_sensitivity/01_execution_outputs/matched_null/membership_parts/generated/GSM8500535_Cap.area2_tonsil_V1__t_cell_inflamed__r0301-r0400.csv",337526,"2f88dbafc68d7a48750261c4f003a89e2d263499f21f390e90466d27c02a7f1c","PASS","2026-08-05T18:23:45+0800",FALSE,"Create-once controlled-resume partition using frozen composite keys and seeds"
"GENERATED__gsm8500535_cap_area2_tonsil_v1__t_cell_inflamed__r0401-r0500","GENERATED_BY_CONTROLLED_RESUME","GSM8500535_Cap.area2_tonsil_V1","t_cell_inflamed","T cell-inflamed program",401,500,100,100,2200,2200,22471205,22471304,"${DLBCL_PROJECT_ROOT}/revision_2026_reviewer_response/06p_wp3_matched_null_and_depth_sensitivity/01_execution_scripts/05_06p_partitioned_membership_resume.R","c26643ea7c59428bd516cbe93006168c13bdff590940977ef2318f8df7bc9e85","${DLBCL_PROJECT_ROOT}/revision_2026_reviewer_response/06p_wp3_matched_null_and_depth_sensitivity/01_execution_outputs/matched_null/membership_parts/generated/GSM8500535_Cap.area2_tonsil_V1__t_cell_inflamed__r0401-r0500.csv",337709,"52b1e1b06c033e3c42a7970ee48306827fa706ef2197e8dac1732a43b6d40159","PASS","2026-08-05T18:23:45+0800",FALSE,"Create-once controlled-resume partition using frozen composite keys and seeds"
"GENERATED__gsm8500535_cap_area2_tonsil_v1__t_cell_inflamed__r0501-r0600","GENERATED_BY_CONTROLLED_RESUME","GSM8500535_Cap.area2_tonsil_V1","t_cell_inflamed","T cell-inflamed program",501,600,100,100,2200,2200,22471305,22471404,"${DLBCL_PROJECT_ROOT}/revision_2026_reviewer_response/06p_wp3_matched_null_and_depth_sensitivity/01_execution_scripts/05_06p_partitioned_membership_resume.R","c26643ea7c59428bd516cbe93006168c13bdff590940977ef2318f8df7bc9e85","${DLBCL_PROJECT_ROOT}/revision_2026_reviewer_response/06p_wp3_matched_null_and_depth_sensitivity/01_execution_outputs/matched_null/membership_parts/generated/GSM8500535_Cap.area2_tonsil_V1__t_cell_inflamed__r0501-r0600.csv",337605,"a8efaf60c4f937552222baaa48aa3c3f1933414364663c7fa3a92a8b27d42be9","PASS","2026-08-05T18:23:46+0800",FALSE,"Create-once controlled-resume partition using frozen composite keys and seeds"
"GENERATED__gsm8500535_cap_area2_tonsil_v1__t_cell_inflamed__r0601-r0700","GENERATED_BY_CONTROLLED_RESUME","GSM8500535_Cap.area2_tonsil_V1","t_cell_inflamed","T cell-inflamed program",601,700,100,100,2200,2200,22471405,22471504,"${DLBCL_PROJECT_ROOT}/revision_2026_reviewer_response/06p_wp3_matched_null_and_depth_sensitivity/01_execution_scripts/05_06p_partitioned_membership_resume.R","c26643ea7c59428bd516cbe93006168c13bdff590940977ef2318f8df7bc9e85","${DLBCL_PROJECT_ROOT}/revision_2026_reviewer_response/06p_wp3_matched_null_and_depth_sensitivity/01_execution_outputs/matched_null/membership_parts/generated/GSM8500535_Cap.area2_tonsil_V1__t_cell_inflamed__r0601-r0700.csv",337702,"60193e8a1a323ff04f689b4a63a38a5dc4c6b5ffabbda8c16161fcf097d8bbcf","PASS","2026-08-05T18:23:47+0800",FALSE,"Create-once controlled-resume partition using frozen composite keys and seeds"
"GENERATED__gsm8500535_cap_area2_tonsil_v1__t_cell_inflamed__r0701-r0800","GENERATED_BY_CONTROLLED_RESUME","GSM8500535_Cap.area2_tonsil_V1","t_cell_inflamed","T cell-inflamed program",701,800,100,100,2200,2200,22471505,22471604,"${DLBCL_PROJECT_ROOT}/revision_2026_reviewer_response/06p_wp3_matched_null_and_depth_sensitivity/01_execution_scripts/05_06p_partitioned_membership_resume.R","c26643ea7c59428bd516cbe93006168c13bdff590940977ef2318f8df7bc9e85","${DLBCL_PROJECT_ROOT}/revision_2026_reviewer_response/06p_wp3_matched_null_and_depth_sensitivity/01_execution_outputs/matched_null/membership_parts/generated/GSM8500535_Cap.area2_tonsil_V1__t_cell_inflamed__r0701-r0800.csv",337774,"3af7dcc4f76212797f8247b5932aea37f090a8fc71ff14c4a992ee17a59af0d5","PASS","2026-08-05T18:23:47+0800",FALSE,"Create-once controlled-resume partition using frozen composite keys and seeds"
"GENERATED__gsm8500535_cap_area2_tonsil_v1__t_cell_inflamed__r0801-r0900","GENERATED_BY_CONTROLLED_RESUME","GSM8500535_Cap.area2_tonsil_V1","t_cell_inflamed","T cell-inflamed program",801,900,100,100,2200,2200,22471605,22471704,"${DLBCL_PROJECT_ROOT}/revision_2026_reviewer_response/06p_wp3_matched_null_and_depth_sensitivity/01_execution_scripts/05_06p_partitioned_membership_resume.R","c26643ea7c59428bd516cbe93006168c13bdff590940977ef2318f8df7bc9e85","${DLBCL_PROJECT_ROOT}/revision_2026_reviewer_response/06p_wp3_matched_null_and_depth_sensitivity/01_execution_outputs/matched_null/membership_parts/generated/GSM8500535_Cap.area2_tonsil_V1__t_cell_inflamed__r0801-r0900.csv",337779,"163121b3ab649b442b06b4143922ffe8d03eb990537ee2552eb4a1ea2dcdd1e9","PASS","2026-08-05T18:23:48+0800",FALSE,"Create-once controlled-resume partition using frozen composite keys and seeds"
"GENERATED__gsm8500535_cap_area2_tonsil_v1__t_cell_inflamed__r0901-r1000","GENERATED_BY_CONTROLLED_RESUME","GSM8500535_Cap.area2_tonsil_V1","t_cell_inflamed","T cell-inflamed program",901,1000,100,100,2200,2200,22471705,22471804,"${DLBCL_PROJECT_ROOT}/revision_2026_reviewer_response/06p_wp3_matched_null_and_depth_sensitivity/01_execution_scripts/05_06p_partitioned_membership_resume.R","c26643ea7c59428bd516cbe93006168c13bdff590940977ef2318f8df7bc9e85","${DLBCL_PROJECT_ROOT}/revision_2026_reviewer_response/06p_wp3_matched_null_and_depth_sensitivity/01_execution_outputs/matched_null/membership_parts/generated/GSM8500535_Cap.area2_tonsil_V1__t_cell_inflamed__r0901-r1000.csv",337665,"8e3a7838eab137ac249f8c364f0eef437e776bc0eb00ff24995a6df2ded22d38","PASS","2026-08-05T18:23:49+0800",FALSE,"Create-once controlled-resume partition using frozen composite keys and seeds"
"GENERATED__gsm8500535_cap_area2_tonsil_v1__antigen_presentation__r0001-r0100","GENERATED_BY_CONTROLLED_RESUME","GSM8500535_Cap.area2_tonsil_V1","antigen_presentation","Immune-inflamed / antigen-presentation program",1,100,100,100,2000,2000,22570805,22570904,"${DLBCL_PROJECT_ROOT}/revision_2026_reviewer_response/06p_wp3_matched_null_and_depth_sensitivity/01_execution_scripts/05_06p_partitioned_membership_resume.R","c26643ea7c59428bd516cbe93006168c13bdff590940977ef2318f8df7bc9e85","${DLBCL_PROJECT_ROOT}/revision_2026_reviewer_response/06p_wp3_matched_null_and_depth_sensitivity/01_execution_outputs/matched_null/membership_parts/generated/GSM8500535_Cap.area2_tonsil_V1__antigen_presentation__r0001-r0100.csv",362686,"1faa531effbfd7f534b71b68d50f9b67708838153f2a523b8a1d8ff1791f1d0f","PASS","2026-08-05T18:23:49+0800",FALSE,"Create-once controlled-resume partition using frozen composite keys and seeds"
"GENERATED__gsm8500535_cap_area2_tonsil_v1__antigen_presentation__r0101-r0200","GENERATED_BY_CONTROLLED_RESUME","GSM8500535_Cap.area2_tonsil_V1","antigen_presentation","Immune-inflamed / antigen-presentation program",101,200,100,100,2000,2000,22570905,22571004,"${DLBCL_PROJECT_ROOT}/revision_2026_reviewer_response/06p_wp3_matched_null_and_depth_sensitivity/01_execution_scripts/05_06p_partitioned_membership_resume.R","c26643ea7c59428bd516cbe93006168c13bdff590940977ef2318f8df7bc9e85","${DLBCL_PROJECT_ROOT}/revision_2026_reviewer_response/06p_wp3_matched_null_and_depth_sensitivity/01_execution_outputs/matched_null/membership_parts/generated/GSM8500535_Cap.area2_tonsil_V1__antigen_presentation__r0101-r0200.csv",364873,"13abac489883a0514f8ef40f68b66c65ff9702b0491a69baf62903706559e308","PASS","2026-08-05T18:23:50+0800",FALSE,"Create-once controlled-resume partition using frozen composite keys and seeds"
"GENERATED__gsm8500535_cap_area2_tonsil_v1__antigen_presentation__r0201-r0300","GENERATED_BY_CONTROLLED_RESUME","GSM8500535_Cap.area2_tonsil_V1","antigen_presentation","Immune-inflamed / antigen-presentation program",201,300,100,100,2000,2000,22571005,22571104,"${DLBCL_PROJECT_ROOT}/revision_2026_reviewer_response/06p_wp3_matched_null_and_depth_sensitivity/01_execution_scripts/05_06p_partitioned_membership_resume.R","c26643ea7c59428bd516cbe93006168c13bdff590940977ef2318f8df7bc9e85","${DLBCL_PROJECT_ROOT}/revision_2026_reviewer_response/06p_wp3_matched_null_and_depth_sensitivity/01_execution_outputs/matched_null/membership_parts/generated/GSM8500535_Cap.area2_tonsil_V1__antigen_presentation__r0201-r0300.csv",364801,"05819315170f025c4eaa74413b6b3d19fe86672388ae389d591105b84f130286","PASS","2026-08-05T18:23:50+0800",FALSE,"Create-once controlled-resume partition using frozen composite keys and seeds"
"GENERATED__gsm8500535_cap_area2_tonsil_v1__antigen_presentation__r0301-r0400","GENERATED_BY_CONTROLLED_RESUME","GSM8500535_Cap.area2_tonsil_V1","antigen_presentation","Immune-inflamed / antigen-presentation program",301,400,100,100,2000,2000,22571105,22571204,"${DLBCL_PROJECT_ROOT}/revision_2026_reviewer_response/06p_wp3_matched_null_and_depth_sensitivity/01_execution_scripts/05_06p_partitioned_membership_resume.R","c26643ea7c59428bd516cbe93006168c13bdff590940977ef2318f8df7bc9e85","${DLBCL_PROJECT_ROOT}/revision_2026_reviewer_response/06p_wp3_matched_null_and_depth_sensitivity/01_execution_outputs/matched_null/membership_parts/generated/GSM8500535_Cap.area2_tonsil_V1__antigen_presentation__r0301-r0400.csv",364820,"9aea30a8f8836365e764163a7776c0b3438e05311e296b2e98f5ba0efc3737bd","PASS","2026-08-05T18:23:51+0800",FALSE,"Create-once controlled-resume partition using frozen composite keys and seeds"
"GENERATED__gsm8500535_cap_area2_tonsil_v1__antigen_presentation__r0401-r0500","GENERATED_BY_CONTROLLED_RESUME","GSM8500535_Cap.area2_tonsil_V1","antigen_presentation","Immune-inflamed / antigen-presentation program",401,500,100,100,2000,2000,22571205,22571304,"${DLBCL_PROJECT_ROOT}/revision_2026_reviewer_response/06p_wp3_matched_null_and_depth_sensitivity/01_execution_scripts/05_06p_partitioned_membership_resume.R","c26643ea7c59428bd516cbe93006168c13bdff590940977ef2318f8df7bc9e85","${DLBCL_PROJECT_ROOT}/revision_2026_reviewer_response/06p_wp3_matched_null_and_depth_sensitivity/01_execution_outputs/matched_null/membership_parts/generated/GSM8500535_Cap.area2_tonsil_V1__antigen_presentation__r0401-r0500.csv",364848,"4b1906f7928a6320f1b3b7a5e2405f120801982c4a15f6a7fafd78b92b659e23","PASS","2026-08-05T18:23:52+0800",FALSE,"Create-once controlled-resume partition using frozen composite keys and seeds"
"GENERATED__gsm8500535_cap_area2_tonsil_v1__antigen_presentation__r0501-r0600","GENERATED_BY_CONTROLLED_RESUME","GSM8500535_Cap.area2_tonsil_V1","antigen_presentation","Immune-inflamed / antigen-presentation program",501,600,100,100,2000,2000,22571305,22571404,"${DLBCL_PROJECT_ROOT}/revision_2026_reviewer_response/06p_wp3_matched_null_and_depth_sensitivity/01_execution_scripts/05_06p_partitioned_membership_resume.R","c26643ea7c59428bd516cbe93006168c13bdff590940977ef2318f8df7bc9e85","${DLBCL_PROJECT_ROOT}/revision_2026_reviewer_response/06p_wp3_matched_null_and_depth_sensitivity/01_execution_outputs/matched_null/membership_parts/generated/GSM8500535_Cap.area2_tonsil_V1__antigen_presentation__r0501-r0600.csv",364808,"73044e580643c06b069b4c48f50c4527cd68929bdde10ea151dd53a0df609281","PASS","2026-08-05T18:23:52+0800",FALSE,"Create-once controlled-resume partition using frozen composite keys and seeds"
"GENERATED__gsm8500535_cap_area2_tonsil_v1__antigen_presentation__r0601-r0700","GENERATED_BY_CONTROLLED_RESUME","GSM8500535_Cap.area2_tonsil_V1","antigen_presentation","Immune-inflamed / antigen-presentation program",601,700,100,100,2000,2000,22571405,22571504,"${DLBCL_PROJECT_ROOT}/revision_2026_reviewer_response/06p_wp3_matched_null_and_depth_sensitivity/01_execution_scripts/05_06p_partitioned_membership_resume.R","c26643ea7c59428bd516cbe93006168c13bdff590940977ef2318f8df7bc9e85","${DLBCL_PROJECT_ROOT}/revision_2026_reviewer_response/06p_wp3_matched_null_and_depth_sensitivity/01_execution_outputs/matched_null/membership_parts/generated/GSM8500535_Cap.area2_tonsil_V1__antigen_presentation__r0601-r0700.csv",364787,"bb0332ace26f4b0e703976e9b5015b16270686a74f4e76d934ffa0315e132b2b","PASS","2026-08-05T18:23:53+0800",FALSE,"Create-once controlled-resume partition using frozen composite keys and seeds"
"GENERATED__gsm8500535_cap_area2_tonsil_v1__antigen_presentation__r0701-r0800","GENERATED_BY_CONTROLLED_RESUME","GSM8500535_Cap.area2_tonsil_V1","antigen_presentation","Immune-inflamed / antigen-presentation program",701,800,100,100,2000,2000,22571505,22571604,"${DLBCL_PROJECT_ROOT}/revision_2026_reviewer_response/06p_wp3_matched_null_and_depth_sensitivity/01_execution_scripts/05_06p_partitioned_membership_resume.R","c26643ea7c59428bd516cbe93006168c13bdff590940977ef2318f8df7bc9e85","${DLBCL_PROJECT_ROOT}/revision_2026_reviewer_response/06p_wp3_matched_null_and_depth_sensitivity/01_execution_outputs/matched_null/membership_parts/generated/GSM8500535_Cap.area2_tonsil_V1__antigen_presentation__r0701-r0800.csv",364862,"92baa7cc26e1eaa8563c5ee806925734f3b69d2843cd06f8e7deda76cdd0c370","PASS","2026-08-05T18:23:53+0800",FALSE,"Create-once controlled-resume partition using frozen composite keys and seeds"
"GENERATED__gsm8500535_cap_area2_tonsil_v1__antigen_presentation__r0801-r0900","GENERATED_BY_CONTROLLED_RESUME","GSM8500535_Cap.area2_tonsil_V1","antigen_presentation","Immune-inflamed / antigen-presentation program",801,900,100,100,2000,2000,22571605,22571704,"${DLBCL_PROJECT_ROOT}/revision_2026_reviewer_response/06p_wp3_matched_null_and_depth_sensitivity/01_execution_scripts/05_06p_partitioned_membership_resume.R","c26643ea7c59428bd516cbe93006168c13bdff590940977ef2318f8df7bc9e85","${DLBCL_PROJECT_ROOT}/revision_2026_reviewer_response/06p_wp3_matched_null_and_depth_sensitivity/01_execution_outputs/matched_null/membership_parts/generated/GSM8500535_Cap.area2_tonsil_V1__antigen_presentation__r0801-r0900.csv",364847,"c035f8ac7b549ffa954d61ab72be91a8354caa545c492a59ad521955d19a235b","PASS","2026-08-05T18:23:54+0800",FALSE,"Create-once controlled-resume partition using frozen composite keys and seeds"
"GENERATED__gsm8500535_cap_area2_tonsil_v1__antigen_presentation__r0901-r1000","GENERATED_BY_CONTROLLED_RESUME","GSM8500535_Cap.area2_tonsil_V1","antigen_presentation","Immune-inflamed / antigen-presentation program",901,1000,100,100,2000,2000,22571705,22571804,"${DLBCL_PROJECT_ROOT}/revision_2026_reviewer_response/06p_wp3_matched_null_and_depth_sensitivity/01_execution_scripts/05_06p_partitioned_membership_resume.R","c26643ea7c59428bd516cbe93006168c13bdff590940977ef2318f8df7bc9e85","${DLBCL_PROJECT_ROOT}/revision_2026_reviewer_response/06p_wp3_matched_null_and_depth_sensitivity/01_execution_outputs/matched_null/membership_parts/generated/GSM8500535_Cap.area2_tonsil_V1__antigen_presentation__r0901-r1000.csv",364773,"13ff6cf462909bb84dd35390f96f525d749bbd32e8427b995927b78b6271e2e6","PASS","2026-08-05T18:23:55+0800",FALSE,"Create-once controlled-resume partition using frozen composite keys and seeds"
"GENERATED__gsm8500535_cap_area2_tonsil_v1__stromal_fibrotic__r0001-r0100","GENERATED_BY_CONTROLLED_RESUME","GSM8500535_Cap.area2_tonsil_V1","stromal_fibrotic","Stromal / fibrotic program",1,100,100,100,2200,2200,22670805,22670904,"${DLBCL_PROJECT_ROOT}/revision_2026_reviewer_response/06p_wp3_matched_null_and_depth_sensitivity/01_execution_scripts/05_06p_partitioned_membership_resume.R","c26643ea7c59428bd516cbe93006168c13bdff590940977ef2318f8df7bc9e85","${DLBCL_PROJECT_ROOT}/revision_2026_reviewer_response/06p_wp3_matched_null_and_depth_sensitivity/01_execution_outputs/matched_null/membership_parts/generated/GSM8500535_Cap.area2_tonsil_V1__stromal_fibrotic__r0001-r0100.csv",344615,"3642949ecde1a182df1905c27fcf0c0d0754fee70117c2179215e928198e535c","PASS","2026-08-05T18:23:55+0800",FALSE,"Create-once controlled-resume partition using frozen composite keys and seeds"
"GENERATED__gsm8500535_cap_area2_tonsil_v1__stromal_fibrotic__r0101-r0200","GENERATED_BY_CONTROLLED_RESUME","GSM8500535_Cap.area2_tonsil_V1","stromal_fibrotic","Stromal / fibrotic program",101,200,100,100,2200,2200,22670905,22671004,"${DLBCL_PROJECT_ROOT}/revision_2026_reviewer_response/06p_wp3_matched_null_and_depth_sensitivity/01_execution_scripts/05_06p_partitioned_membership_resume.R","c26643ea7c59428bd516cbe93006168c13bdff590940977ef2318f8df7bc9e85","${DLBCL_PROJECT_ROOT}/revision_2026_reviewer_response/06p_wp3_matched_null_and_depth_sensitivity/01_execution_outputs/matched_null/membership_parts/generated/GSM8500535_Cap.area2_tonsil_V1__stromal_fibrotic__r0101-r0200.csv",346857,"ae1e18044bc19da9ef683b1d30388df570a9937cc042b8e16db6a78e45aaa72f","PASS","2026-08-05T18:23:56+0800",FALSE,"Create-once controlled-resume partition using frozen composite keys and seeds"
"GENERATED__gsm8500535_cap_area2_tonsil_v1__stromal_fibrotic__r0201-r0300","GENERATED_BY_CONTROLLED_RESUME","GSM8500535_Cap.area2_tonsil_V1","stromal_fibrotic","Stromal / fibrotic program",201,300,100,100,2200,2200,22671005,22671104,"${DLBCL_PROJECT_ROOT}/revision_2026_reviewer_response/06p_wp3_matched_null_and_depth_sensitivity/01_execution_scripts/05_06p_partitioned_membership_resume.R","c26643ea7c59428bd516cbe93006168c13bdff590940977ef2318f8df7bc9e85","${DLBCL_PROJECT_ROOT}/revision_2026_reviewer_response/06p_wp3_matched_null_and_depth_sensitivity/01_execution_outputs/matched_null/membership_parts/generated/GSM8500535_Cap.area2_tonsil_V1__stromal_fibrotic__r0201-r0300.csv",347039,"355ae994b2a144bceddb093e7cef02b046159dd8e433fe1ea8c7c0197c1ddbd9","PASS","2026-08-05T18:23:57+0800",FALSE,"Create-once controlled-resume partition using frozen composite keys and seeds"
"GENERATED__gsm8500535_cap_area2_tonsil_v1__stromal_fibrotic__r0301-r0400","GENERATED_BY_CONTROLLED_RESUME","GSM8500535_Cap.area2_tonsil_V1","stromal_fibrotic","Stromal / fibrotic program",301,400,100,100,2200,2200,22671105,22671204,"${DLBCL_PROJECT_ROOT}/revision_2026_reviewer_response/06p_wp3_matched_null_and_depth_sensitivity/01_execution_scripts/05_06p_partitioned_membership_resume.R","c26643ea7c59428bd516cbe93006168c13bdff590940977ef2318f8df7bc9e85","${DLBCL_PROJECT_ROOT}/revision_2026_reviewer_response/06p_wp3_matched_null_and_depth_sensitivity/01_execution_outputs/matched_null/membership_parts/generated/GSM8500535_Cap.area2_tonsil_V1__stromal_fibrotic__r0301-r0400.csv",346962,"89c8c6803234e494cf8e55a619863c5f0b0ac87e9c7a00cbaa6a896bc856b9d3","PASS","2026-08-05T18:23:57+0800",FALSE,"Create-once controlled-resume partition using frozen composite keys and seeds"
"GENERATED__gsm8500535_cap_area2_tonsil_v1__stromal_fibrotic__r0401-r0500","GENERATED_BY_CONTROLLED_RESUME","GSM8500535_Cap.area2_tonsil_V1","stromal_fibrotic","Stromal / fibrotic program",401,500,100,100,2200,2200,22671205,22671304,"${DLBCL_PROJECT_ROOT}/revision_2026_reviewer_response/06p_wp3_matched_null_and_depth_sensitivity/01_execution_scripts/05_06p_partitioned_membership_resume.R","c26643ea7c59428bd516cbe93006168c13bdff590940977ef2318f8df7bc9e85","${DLBCL_PROJECT_ROOT}/revision_2026_reviewer_response/06p_wp3_matched_null_and_depth_sensitivity/01_execution_outputs/matched_null/membership_parts/generated/GSM8500535_Cap.area2_tonsil_V1__stromal_fibrotic__r0401-r0500.csv",346916,"8a4d459c2305f513783eb6908e160326da171a4ef285d2ed3f4e59962ba4b85c","PASS","2026-08-05T18:23:58+0800",FALSE,"Create-once controlled-resume partition using frozen composite keys and seeds"
"GENERATED__gsm8500535_cap_area2_tonsil_v1__stromal_fibrotic__r0501-r0600","GENERATED_BY_CONTROLLED_RESUME","GSM8500535_Cap.area2_tonsil_V1","stromal_fibrotic","Stromal / fibrotic program",501,600,100,100,2200,2200,22671305,22671404,"${DLBCL_PROJECT_ROOT}/revision_2026_reviewer_response/06p_wp3_matched_null_and_depth_sensitivity/01_execution_scripts/05_06p_partitioned_membership_resume.R","c26643ea7c59428bd516cbe93006168c13bdff590940977ef2318f8df7bc9e85","${DLBCL_PROJECT_ROOT}/revision_2026_reviewer_response/06p_wp3_matched_null_and_depth_sensitivity/01_execution_outputs/matched_null/membership_parts/generated/GSM8500535_Cap.area2_tonsil_V1__stromal_fibrotic__r0501-r0600.csv",347036,"26da2ed5135ea357804c25ba974a89f4b0bac027a9fa6fb02f1953ceea1770cc","PASS","2026-08-05T18:23:59+0800",FALSE,"Create-once controlled-resume partition using frozen composite keys and seeds"
"GENERATED__gsm8500535_cap_area2_tonsil_v1__stromal_fibrotic__r0601-r0700","GENERATED_BY_CONTROLLED_RESUME","GSM8500535_Cap.area2_tonsil_V1","stromal_fibrotic","Stromal / fibrotic program",601,700,100,100,2200,2200,22671405,22671504,"${DLBCL_PROJECT_ROOT}/revision_2026_reviewer_response/06p_wp3_matched_null_and_depth_sensitivity/01_execution_scripts/05_06p_partitioned_membership_resume.R","c26643ea7c59428bd516cbe93006168c13bdff590940977ef2318f8df7bc9e85","${DLBCL_PROJECT_ROOT}/revision_2026_reviewer_response/06p_wp3_matched_null_and_depth_sensitivity/01_execution_outputs/matched_null/membership_parts/generated/GSM8500535_Cap.area2_tonsil_V1__stromal_fibrotic__r0601-r0700.csv",346968,"70a71748c59935e4abfd09b0b48c4d84a7df8f7a3e18480749b5bfb4c8a7a860","PASS","2026-08-05T18:23:59+0800",FALSE,"Create-once controlled-resume partition using frozen composite keys and seeds"
"GENERATED__gsm8500535_cap_area2_tonsil_v1__stromal_fibrotic__r0701-r0800","GENERATED_BY_CONTROLLED_RESUME","GSM8500535_Cap.area2_tonsil_V1","stromal_fibrotic","Stromal / fibrotic program",701,800,100,100,2200,2200,22671505,22671604,"${DLBCL_PROJECT_ROOT}/revision_2026_reviewer_response/06p_wp3_matched_null_and_depth_sensitivity/01_execution_scripts/05_06p_partitioned_membership_resume.R","c26643ea7c59428bd516cbe93006168c13bdff590940977ef2318f8df7bc9e85","${DLBCL_PROJECT_ROOT}/revision_2026_reviewer_response/06p_wp3_matched_null_and_depth_sensitivity/01_execution_outputs/matched_null/membership_parts/generated/GSM8500535_Cap.area2_tonsil_V1__stromal_fibrotic__r0701-r0800.csv",346958,"de782791336f39cdca3e939f3f373aa313211333e5605ca2c93338116f2f6ff6","PASS","2026-08-05T18:24:00+0800",FALSE,"Create-once controlled-resume partition using frozen composite keys and seeds"
"GENERATED__gsm8500535_cap_area2_tonsil_v1__stromal_fibrotic__r0801-r0900","GENERATED_BY_CONTROLLED_RESUME","GSM8500535_Cap.area2_tonsil_V1","stromal_fibrotic","Stromal / fibrotic program",801,900,100,100,2200,2200,22671605,22671704,"${DLBCL_PROJECT_ROOT}/revision_2026_reviewer_response/06p_wp3_matched_null_and_depth_sensitivity/01_execution_scripts/05_06p_partitioned_membership_resume.R","c26643ea7c59428bd516cbe93006168c13bdff590940977ef2318f8df7bc9e85","${DLBCL_PROJECT_ROOT}/revision_2026_reviewer_response/06p_wp3_matched_null_and_depth_sensitivity/01_execution_outputs/matched_null/membership_parts/generated/GSM8500535_Cap.area2_tonsil_V1__stromal_fibrotic__r0801-r0900.csv",347031,"0dd26b78ba4aeff615f8f5239c6bf92547607c35fc8e16d999fcf5114ee67113","PASS","2026-08-05T18:24:01+0800",FALSE,"Create-once controlled-resume partition using frozen composite keys and seeds"
"GENERATED__gsm8500535_cap_area2_tonsil_v1__stromal_fibrotic__r0901-r1000","GENERATED_BY_CONTROLLED_RESUME","GSM8500535_Cap.area2_tonsil_V1","stromal_fibrotic","Stromal / fibrotic program",901,1000,100,100,2200,2200,22671705,22671804,"${DLBCL_PROJECT_ROOT}/revision_2026_reviewer_response/06p_wp3_matched_null_and_depth_sensitivity/01_execution_scripts/05_06p_partitioned_membership_resume.R","c26643ea7c59428bd516cbe93006168c13bdff590940977ef2318f8df7bc9e85","${DLBCL_PROJECT_ROOT}/revision_2026_reviewer_response/06p_wp3_matched_null_and_depth_sensitivity/01_execution_outputs/matched_null/membership_parts/generated/GSM8500535_Cap.area2_tonsil_V1__stromal_fibrotic__r0901-r1000.csv",346950,"4203fbde1132961403c46c5bb671639ee43e3e0781503ed69b0cba1a84ecde01","PASS","2026-08-05T18:24:01+0800",FALSE,"Create-once controlled-resume partition using frozen composite keys and seeds"
"GENERATED__gsm8500535_cap_area2_tonsil_v1__immune_cold_exclusion__r0001-r0100","GENERATED_BY_CONTROLLED_RESUME","GSM8500535_Cap.area2_tonsil_V1","immune_cold_exclusion","Immune-cold / exclusion-associated program",1,100,100,100,2100,2100,22770805,22770904,"${DLBCL_PROJECT_ROOT}/revision_2026_reviewer_response/06p_wp3_matched_null_and_depth_sensitivity/01_execution_scripts/05_06p_partitioned_membership_resume.R","c26643ea7c59428bd516cbe93006168c13bdff590940977ef2318f8df7bc9e85","${DLBCL_PROJECT_ROOT}/revision_2026_reviewer_response/06p_wp3_matched_null_and_depth_sensitivity/01_execution_outputs/matched_null/membership_parts/generated/GSM8500535_Cap.area2_tonsil_V1__immune_cold_exclusion__r0001-r0100.csv",374500,"2e00409c3bb66bd58736dd53c4020c1a33eed5db9072332e700851b5f3eb81dd","PASS","2026-08-05T18:24:02+0800",FALSE,"Create-once controlled-resume partition using frozen composite keys and seeds"
"GENERATED__gsm8500535_cap_area2_tonsil_v1__immune_cold_exclusion__r0101-r0200","GENERATED_BY_CONTROLLED_RESUME","GSM8500535_Cap.area2_tonsil_V1","immune_cold_exclusion","Immune-cold / exclusion-associated program",101,200,100,100,2100,2100,22770905,22771004,"${DLBCL_PROJECT_ROOT}/revision_2026_reviewer_response/06p_wp3_matched_null_and_depth_sensitivity/01_execution_scripts/05_06p_partitioned_membership_resume.R","c26643ea7c59428bd516cbe93006168c13bdff590940977ef2318f8df7bc9e85","${DLBCL_PROJECT_ROOT}/revision_2026_reviewer_response/06p_wp3_matched_null_and_depth_sensitivity/01_execution_outputs/matched_null/membership_parts/generated/GSM8500535_Cap.area2_tonsil_V1__immune_cold_exclusion__r0101-r0200.csv",376793,"0ccdab68f970d151800f5e844a0df8ff2134398deb9238863f2ad326dce95249","PASS","2026-08-05T18:24:03+0800",FALSE,"Create-once controlled-resume partition using frozen composite keys and seeds"
"GENERATED__gsm8500535_cap_area2_tonsil_v1__immune_cold_exclusion__r0201-r0300","GENERATED_BY_CONTROLLED_RESUME","GSM8500535_Cap.area2_tonsil_V1","immune_cold_exclusion","Immune-cold / exclusion-associated program",201,300,100,100,2100,2100,22771005,22771104,"${DLBCL_PROJECT_ROOT}/revision_2026_reviewer_response/06p_wp3_matched_null_and_depth_sensitivity/01_execution_scripts/05_06p_partitioned_membership_resume.R","c26643ea7c59428bd516cbe93006168c13bdff590940977ef2318f8df7bc9e85","${DLBCL_PROJECT_ROOT}/revision_2026_reviewer_response/06p_wp3_matched_null_and_depth_sensitivity/01_execution_outputs/matched_null/membership_parts/generated/GSM8500535_Cap.area2_tonsil_V1__immune_cold_exclusion__r0201-r0300.csv",376833,"52d5e726704e1f4f8a46ad11d4898f56581ad8d00ea8ddf40b81e0b572040980","PASS","2026-08-05T18:24:03+0800",FALSE,"Create-once controlled-resume partition using frozen composite keys and seeds"
"GENERATED__gsm8500535_cap_area2_tonsil_v1__immune_cold_exclusion__r0301-r0400","GENERATED_BY_CONTROLLED_RESUME","GSM8500535_Cap.area2_tonsil_V1","immune_cold_exclusion","Immune-cold / exclusion-associated program",301,400,100,100,2100,2100,22771105,22771204,"${DLBCL_PROJECT_ROOT}/revision_2026_reviewer_response/06p_wp3_matched_null_and_depth_sensitivity/01_execution_scripts/05_06p_partitioned_membership_resume.R","c26643ea7c59428bd516cbe93006168c13bdff590940977ef2318f8df7bc9e85","${DLBCL_PROJECT_ROOT}/revision_2026_reviewer_response/06p_wp3_matched_null_and_depth_sensitivity/01_execution_outputs/matched_null/membership_parts/generated/GSM8500535_Cap.area2_tonsil_V1__immune_cold_exclusion__r0301-r0400.csv",376807,"f27395d5a536f3cb16e42e0fbe7bb8cd2cb41bc552a951881c1cddf1ed49c9f1","PASS","2026-08-05T18:24:04+0800",FALSE,"Create-once controlled-resume partition using frozen composite keys and seeds"
"GENERATED__gsm8500535_cap_area2_tonsil_v1__immune_cold_exclusion__r0401-r0500","GENERATED_BY_CONTROLLED_RESUME","GSM8500535_Cap.area2_tonsil_V1","immune_cold_exclusion","Immune-cold / exclusion-associated program",401,500,100,100,2100,2100,22771205,22771304,"${DLBCL_PROJECT_ROOT}/revision_2026_reviewer_response/06p_wp3_matched_null_and_depth_sensitivity/01_execution_scripts/05_06p_partitioned_membership_resume.R","c26643ea7c59428bd516cbe93006168c13bdff590940977ef2318f8df7bc9e85","${DLBCL_PROJECT_ROOT}/revision_2026_reviewer_response/06p_wp3_matched_null_and_depth_sensitivity/01_execution_outputs/matched_null/membership_parts/generated/GSM8500535_Cap.area2_tonsil_V1__immune_cold_exclusion__r0401-r0500.csv",376674,"13591074aea990da4de5e6d2762bec2935440cf03151588aea9029a44c651aa8","PASS","2026-08-05T18:24:04+0800",FALSE,"Create-once controlled-resume partition using frozen composite keys and seeds"
"GENERATED__gsm8500535_cap_area2_tonsil_v1__immune_cold_exclusion__r0501-r0600","GENERATED_BY_CONTROLLED_RESUME","GSM8500535_Cap.area2_tonsil_V1","immune_cold_exclusion","Immune-cold / exclusion-associated program",501,600,100,100,2100,2100,22771305,22771404,"${DLBCL_PROJECT_ROOT}/revision_2026_reviewer_response/06p_wp3_matched_null_and_depth_sensitivity/01_execution_scripts/05_06p_partitioned_membership_resume.R","c26643ea7c59428bd516cbe93006168c13bdff590940977ef2318f8df7bc9e85","${DLBCL_PROJECT_ROOT}/revision_2026_reviewer_response/06p_wp3_matched_null_and_depth_sensitivity/01_execution_outputs/matched_null/membership_parts/generated/GSM8500535_Cap.area2_tonsil_V1__immune_cold_exclusion__r0501-r0600.csv",376706,"953734f23748f0dfd3be7c6fde2ed0b034ee8bbeaff096f05dc401f72798bd83","PASS","2026-08-05T18:24:05+0800",FALSE,"Create-once controlled-resume partition using frozen composite keys and seeds"
"GENERATED__gsm8500535_cap_area2_tonsil_v1__immune_cold_exclusion__r0601-r0700","GENERATED_BY_CONTROLLED_RESUME","GSM8500535_Cap.area2_tonsil_V1","immune_cold_exclusion","Immune-cold / exclusion-associated program",601,700,100,100,2100,2100,22771405,22771504,"${DLBCL_PROJECT_ROOT}/revision_2026_reviewer_response/06p_wp3_matched_null_and_depth_sensitivity/01_execution_scripts/05_06p_partitioned_membership_resume.R","c26643ea7c59428bd516cbe93006168c13bdff590940977ef2318f8df7bc9e85","${DLBCL_PROJECT_ROOT}/revision_2026_reviewer_response/06p_wp3_matched_null_and_depth_sensitivity/01_execution_outputs/matched_null/membership_parts/generated/GSM8500535_Cap.area2_tonsil_V1__immune_cold_exclusion__r0601-r0700.csv",376791,"ab6166022713edfd2f0c227d34910130a78da2ceae772d046b01cb07f0951d4a","PASS","2026-08-05T18:24:06+0800",FALSE,"Create-once controlled-resume partition using frozen composite keys and seeds"
"GENERATED__gsm8500535_cap_area2_tonsil_v1__immune_cold_exclusion__r0701-r0800","GENERATED_BY_CONTROLLED_RESUME","GSM8500535_Cap.area2_tonsil_V1","immune_cold_exclusion","Immune-cold / exclusion-associated program",701,800,100,100,2100,2100,22771505,22771604,"${DLBCL_PROJECT_ROOT}/revision_2026_reviewer_response/06p_wp3_matched_null_and_depth_sensitivity/01_execution_scripts/05_06p_partitioned_membership_resume.R","c26643ea7c59428bd516cbe93006168c13bdff590940977ef2318f8df7bc9e85","${DLBCL_PROJECT_ROOT}/revision_2026_reviewer_response/06p_wp3_matched_null_and_depth_sensitivity/01_execution_outputs/matched_null/membership_parts/generated/GSM8500535_Cap.area2_tonsil_V1__immune_cold_exclusion__r0701-r0800.csv",376745,"9ad80e6aba3e090b7c40ba723e54b9e7e69a8ae7ac57127ad8f025c1d9ddf6dd","PASS","2026-08-05T18:24:06+0800",FALSE,"Create-once controlled-resume partition using frozen composite keys and seeds"
"GENERATED__gsm8500535_cap_area2_tonsil_v1__immune_cold_exclusion__r0801-r0900","GENERATED_BY_CONTROLLED_RESUME","GSM8500535_Cap.area2_tonsil_V1","immune_cold_exclusion","Immune-cold / exclusion-associated program",801,900,100,100,2100,2100,22771605,22771704,"${DLBCL_PROJECT_ROOT}/revision_2026_reviewer_response/06p_wp3_matched_null_and_depth_sensitivity/01_execution_scripts/05_06p_partitioned_membership_resume.R","c26643ea7c59428bd516cbe93006168c13bdff590940977ef2318f8df7bc9e85","${DLBCL_PROJECT_ROOT}/revision_2026_reviewer_response/06p_wp3_matched_null_and_depth_sensitivity/01_execution_outputs/matched_null/membership_parts/generated/GSM8500535_Cap.area2_tonsil_V1__immune_cold_exclusion__r0801-r0900.csv",376714,"eb3f8c0140bb8dc98db157b322a65b935f40c51804af1b48d550216294234607","PASS","2026-08-05T18:24:07+0800",FALSE,"Create-once controlled-resume partition using frozen composite keys and seeds"
"GENERATED__gsm8500535_cap_area2_tonsil_v1__immune_cold_exclusion__r0901-r1000","GENERATED_BY_CONTROLLED_RESUME","GSM8500535_Cap.area2_tonsil_V1","immune_cold_exclusion","Immune-cold / exclusion-associated program",901,1000,100,100,2100,2100,22771705,22771804,"${DLBCL_PROJECT_ROOT}/revision_2026_reviewer_response/06p_wp3_matched_null_and_depth_sensitivity/01_execution_scripts/05_06p_partitioned_membership_resume.R","c26643ea7c59428bd516cbe93006168c13bdff590940977ef2318f8df7bc9e85","${DLBCL_PROJECT_ROOT}/revision_2026_reviewer_response/06p_wp3_matched_null_and_depth_sensitivity/01_execution_outputs/matched_null/membership_parts/generated/GSM8500535_Cap.area2_tonsil_V1__immune_cold_exclusion__r0901-r1000.csv",376740,"e57b6634604d429a3a3bb90d3bb7fc6c2134e0db040ff09bfa3dfb1a267f640c","PASS","2026-08-05T18:24:08+0800",FALSE,"Create-once controlled-resume partition using frozen composite keys and seeds"
"GENERATED__gsm8500535_cap_area2_tonsil_v1__proliferative_cycling__r0001-r0100","GENERATED_BY_CONTROLLED_RESUME","GSM8500535_Cap.area2_tonsil_V1","proliferative_cycling","Proliferative / cycling program",1,100,100,100,2100,2100,22870805,22870904,"${DLBCL_PROJECT_ROOT}/revision_2026_reviewer_response/06p_wp3_matched_null_and_depth_sensitivity/01_execution_scripts/05_06p_partitioned_membership_resume.R","c26643ea7c59428bd516cbe93006168c13bdff590940977ef2318f8df7bc9e85","${DLBCL_PROJECT_ROOT}/revision_2026_reviewer_response/06p_wp3_matched_null_and_depth_sensitivity/01_execution_outputs/matched_null/membership_parts/generated/GSM8500535_Cap.area2_tonsil_V1__proliferative_cycling__r0001-r0100.csv",348996,"daf39a74bd8ee6e7d03833725e089122f9e7cf88648034f7509c78f007bfdbb1","PASS","2026-08-05T18:24:08+0800",FALSE,"Create-once controlled-resume partition using frozen composite keys and seeds"
"GENERATED__gsm8500535_cap_area2_tonsil_v1__proliferative_cycling__r0101-r0200","GENERATED_BY_CONTROLLED_RESUME","GSM8500535_Cap.area2_tonsil_V1","proliferative_cycling","Proliferative / cycling program",101,200,100,100,2100,2100,22870905,22871004,"${DLBCL_PROJECT_ROOT}/revision_2026_reviewer_response/06p_wp3_matched_null_and_depth_sensitivity/01_execution_scripts/05_06p_partitioned_membership_resume.R","c26643ea7c59428bd516cbe93006168c13bdff590940977ef2318f8df7bc9e85","${DLBCL_PROJECT_ROOT}/revision_2026_reviewer_response/06p_wp3_matched_null_and_depth_sensitivity/01_execution_outputs/matched_null/membership_parts/generated/GSM8500535_Cap.area2_tonsil_V1__proliferative_cycling__r0101-r0200.csv",351400,"86a89efaed16ce60715f14607ce158d40e197c46728100b72c8be1aad29cffcd","PASS","2026-08-05T18:24:09+0800",FALSE,"Create-once controlled-resume partition using frozen composite keys and seeds"
"GENERATED__gsm8500535_cap_area2_tonsil_v1__proliferative_cycling__r0201-r0300","GENERATED_BY_CONTROLLED_RESUME","GSM8500535_Cap.area2_tonsil_V1","proliferative_cycling","Proliferative / cycling program",201,300,100,100,2100,2100,22871005,22871104,"${DLBCL_PROJECT_ROOT}/revision_2026_reviewer_response/06p_wp3_matched_null_and_depth_sensitivity/01_execution_scripts/05_06p_partitioned_membership_resume.R","c26643ea7c59428bd516cbe93006168c13bdff590940977ef2318f8df7bc9e85","${DLBCL_PROJECT_ROOT}/revision_2026_reviewer_response/06p_wp3_matched_null_and_depth_sensitivity/01_execution_outputs/matched_null/membership_parts/generated/GSM8500535_Cap.area2_tonsil_V1__proliferative_cycling__r0201-r0300.csv",351215,"0dc3b8505975d38fb245ddacbb84a5bd5efd92f3c8a24e5d95b4305f32631680","PASS","2026-08-05T18:24:10+0800",FALSE,"Create-once controlled-resume partition using frozen composite keys and seeds"
"GENERATED__gsm8500535_cap_area2_tonsil_v1__proliferative_cycling__r0301-r0400","GENERATED_BY_CONTROLLED_RESUME","GSM8500535_Cap.area2_tonsil_V1","proliferative_cycling","Proliferative / cycling program",301,400,100,100,2100,2100,22871105,22871204,"${DLBCL_PROJECT_ROOT}/revision_2026_reviewer_response/06p_wp3_matched_null_and_depth_sensitivity/01_execution_scripts/05_06p_partitioned_membership_resume.R","c26643ea7c59428bd516cbe93006168c13bdff590940977ef2318f8df7bc9e85","${DLBCL_PROJECT_ROOT}/revision_2026_reviewer_response/06p_wp3_matched_null_and_depth_sensitivity/01_execution_outputs/matched_null/membership_parts/generated/GSM8500535_Cap.area2_tonsil_V1__proliferative_cycling__r0301-r0400.csv",351285,"6e1fd3f5543b7f920b854de422e9182aa356c00fd150934d07955a13767003b2","PASS","2026-08-05T18:24:10+0800",FALSE,"Create-once controlled-resume partition using frozen composite keys and seeds"
"GENERATED__gsm8500535_cap_area2_tonsil_v1__proliferative_cycling__r0401-r0500","GENERATED_BY_CONTROLLED_RESUME","GSM8500535_Cap.area2_tonsil_V1","proliferative_cycling","Proliferative / cycling program",401,500,100,100,2100,2100,22871205,22871304,"${DLBCL_PROJECT_ROOT}/revision_2026_reviewer_response/06p_wp3_matched_null_and_depth_sensitivity/01_execution_scripts/05_06p_partitioned_membership_resume.R","c26643ea7c59428bd516cbe93006168c13bdff590940977ef2318f8df7bc9e85","${DLBCL_PROJECT_ROOT}/revision_2026_reviewer_response/06p_wp3_matched_null_and_depth_sensitivity/01_execution_outputs/matched_null/membership_parts/generated/GSM8500535_Cap.area2_tonsil_V1__proliferative_cycling__r0401-r0500.csv",351210,"6c696127e26421231c6c863bf81695470d503a7348173b2986cd85dd034d7bbc","PASS","2026-08-05T18:24:11+0800",FALSE,"Create-once controlled-resume partition using frozen composite keys and seeds"
"GENERATED__gsm8500535_cap_area2_tonsil_v1__proliferative_cycling__r0501-r0600","GENERATED_BY_CONTROLLED_RESUME","GSM8500535_Cap.area2_tonsil_V1","proliferative_cycling","Proliferative / cycling program",501,600,100,100,2100,2100,22871305,22871404,"${DLBCL_PROJECT_ROOT}/revision_2026_reviewer_response/06p_wp3_matched_null_and_depth_sensitivity/01_execution_scripts/05_06p_partitioned_membership_resume.R","c26643ea7c59428bd516cbe93006168c13bdff590940977ef2318f8df7bc9e85","${DLBCL_PROJECT_ROOT}/revision_2026_reviewer_response/06p_wp3_matched_null_and_depth_sensitivity/01_execution_outputs/matched_null/membership_parts/generated/GSM8500535_Cap.area2_tonsil_V1__proliferative_cycling__r0501-r0600.csv",351422,"01254db064e8da81256eb66e7d65f0e64e77134430693f393e7def144540df72","PASS","2026-08-05T18:24:12+0800",FALSE,"Create-once controlled-resume partition using frozen composite keys and seeds"
"GENERATED__gsm8500535_cap_area2_tonsil_v1__proliferative_cycling__r0601-r0700","GENERATED_BY_CONTROLLED_RESUME","GSM8500535_Cap.area2_tonsil_V1","proliferative_cycling","Proliferative / cycling program",601,700,100,100,2100,2100,22871405,22871504,"${DLBCL_PROJECT_ROOT}/revision_2026_reviewer_response/06p_wp3_matched_null_and_depth_sensitivity/01_execution_scripts/05_06p_partitioned_membership_resume.R","c26643ea7c59428bd516cbe93006168c13bdff590940977ef2318f8df7bc9e85","${DLBCL_PROJECT_ROOT}/revision_2026_reviewer_response/06p_wp3_matched_null_and_depth_sensitivity/01_execution_outputs/matched_null/membership_parts/generated/GSM8500535_Cap.area2_tonsil_V1__proliferative_cycling__r0601-r0700.csv",351303,"840b1166821ec4f1ae95965479e3f4debfcbb6034b32c1bbce2976d40f55abb0","PASS","2026-08-05T18:24:12+0800",FALSE,"Create-once controlled-resume partition using frozen composite keys and seeds"
"GENERATED__gsm8500535_cap_area2_tonsil_v1__proliferative_cycling__r0701-r0800","GENERATED_BY_CONTROLLED_RESUME","GSM8500535_Cap.area2_tonsil_V1","proliferative_cycling","Proliferative / cycling program",701,800,100,100,2100,2100,22871505,22871604,"${DLBCL_PROJECT_ROOT}/revision_2026_reviewer_response/06p_wp3_matched_null_and_depth_sensitivity/01_execution_scripts/05_06p_partitioned_membership_resume.R","c26643ea7c59428bd516cbe93006168c13bdff590940977ef2318f8df7bc9e85","${DLBCL_PROJECT_ROOT}/revision_2026_reviewer_response/06p_wp3_matched_null_and_depth_sensitivity/01_execution_outputs/matched_null/membership_parts/generated/GSM8500535_Cap.area2_tonsil_V1__proliferative_cycling__r0701-r0800.csv",351147,"96f58f856f0f67a2b3c21de4e7b4377785816e207b97f4a8da0fa6150ebe6940","PASS","2026-08-05T18:24:13+0800",FALSE,"Create-once controlled-resume partition using frozen composite keys and seeds"
"GENERATED__gsm8500535_cap_area2_tonsil_v1__proliferative_cycling__r0801-r0900","GENERATED_BY_CONTROLLED_RESUME","GSM8500535_Cap.area2_tonsil_V1","proliferative_cycling","Proliferative / cycling program",801,900,100,100,2100,2100,22871605,22871704,"${DLBCL_PROJECT_ROOT}/revision_2026_reviewer_response/06p_wp3_matched_null_and_depth_sensitivity/01_execution_scripts/05_06p_partitioned_membership_resume.R","c26643ea7c59428bd516cbe93006168c13bdff590940977ef2318f8df7bc9e85","${DLBCL_PROJECT_ROOT}/revision_2026_reviewer_response/06p_wp3_matched_null_and_depth_sensitivity/01_execution_outputs/matched_null/membership_parts/generated/GSM8500535_Cap.area2_tonsil_V1__proliferative_cycling__r0801-r0900.csv",351370,"f4a36a9437d6c43bc835168534648b0159018d9b5ef71375935e1a44c239cbbb","PASS","2026-08-05T18:24:14+0800",FALSE,"Create-once controlled-resume partition using frozen composite keys and seeds"
"GENERATED__gsm8500535_cap_area2_tonsil_v1__proliferative_cycling__r0901-r1000","GENERATED_BY_CONTROLLED_RESUME","GSM8500535_Cap.area2_tonsil_V1","proliferative_cycling","Proliferative / cycling program",901,1000,100,100,2100,2100,22871705,22871804,"${DLBCL_PROJECT_ROOT}/revision_2026_reviewer_response/06p_wp3_matched_null_and_depth_sensitivity/01_execution_scripts/05_06p_partitioned_membership_resume.R","c26643ea7c59428bd516cbe93006168c13bdff590940977ef2318f8df7bc9e85","${DLBCL_PROJECT_ROOT}/revision_2026_reviewer_response/06p_wp3_matched_null_and_depth_sensitivity/01_execution_outputs/matched_null/membership_parts/generated/GSM8500535_Cap.area2_tonsil_V1__proliferative_cycling__r0901-r1000.csv",351326,"d6b2b0363fabf9605b29f8f7d5a1b867952b881235cc5cc6963e8f768db9a71b","PASS","2026-08-05T18:24:14+0800",FALSE,"Create-once controlled-resume partition using frozen composite keys and seeds"
"GENERATED__gsm8500536_cap_area3_dlbcl_v1__macrophage_rich__r0001-r0100","GENERATED_BY_CONTROLLED_RESUME","GSM8500536_Cap.area3_DLBCL_V1","macrophage_rich","Macrophage-rich program",1,100,100,100,2200,2200,23370805,23370904,"${DLBCL_PROJECT_ROOT}/revision_2026_reviewer_response/06p_wp3_matched_null_and_depth_sensitivity/01_execution_scripts/05_06p_partitioned_membership_resume.R","c26643ea7c59428bd516cbe93006168c13bdff590940977ef2318f8df7bc9e85","${DLBCL_PROJECT_ROOT}/revision_2026_reviewer_response/06p_wp3_matched_null_and_depth_sensitivity/01_execution_outputs/matched_null/membership_parts/generated/GSM8500536_Cap.area3_DLBCL_V1__macrophage_rich__r0001-r0100.csv",335779,"4ed7a79113e90c8758912061cb3b51273d165edc460c44d854bd8e18fb45d8d9","PASS","2026-08-05T18:24:15+0800",FALSE,"Create-once controlled-resume partition using frozen composite keys and seeds"
"GENERATED__gsm8500536_cap_area3_dlbcl_v1__macrophage_rich__r0101-r0200","GENERATED_BY_CONTROLLED_RESUME","GSM8500536_Cap.area3_DLBCL_V1","macrophage_rich","Macrophage-rich program",101,200,100,100,2200,2200,23370905,23371004,"${DLBCL_PROJECT_ROOT}/revision_2026_reviewer_response/06p_wp3_matched_null_and_depth_sensitivity/01_execution_scripts/05_06p_partitioned_membership_resume.R","c26643ea7c59428bd516cbe93006168c13bdff590940977ef2318f8df7bc9e85","${DLBCL_PROJECT_ROOT}/revision_2026_reviewer_response/06p_wp3_matched_null_and_depth_sensitivity/01_execution_outputs/matched_null/membership_parts/generated/GSM8500536_Cap.area3_DLBCL_V1__macrophage_rich__r0101-r0200.csv",338132,"f291d1e9b024e43888d4ff0979c2d97afcee090cb41f6aaf3160fddcf79213e3","PASS","2026-08-05T18:24:16+0800",FALSE,"Create-once controlled-resume partition using frozen composite keys and seeds"
"GENERATED__gsm8500536_cap_area3_dlbcl_v1__macrophage_rich__r0201-r0300","GENERATED_BY_CONTROLLED_RESUME","GSM8500536_Cap.area3_DLBCL_V1","macrophage_rich","Macrophage-rich program",201,300,100,100,2200,2200,23371005,23371104,"${DLBCL_PROJECT_ROOT}/revision_2026_reviewer_response/06p_wp3_matched_null_and_depth_sensitivity/01_execution_scripts/05_06p_partitioned_membership_resume.R","c26643ea7c59428bd516cbe93006168c13bdff590940977ef2318f8df7bc9e85","${DLBCL_PROJECT_ROOT}/revision_2026_reviewer_response/06p_wp3_matched_null_and_depth_sensitivity/01_execution_outputs/matched_null/membership_parts/generated/GSM8500536_Cap.area3_DLBCL_V1__macrophage_rich__r0201-r0300.csv",338114,"7d80ea6bee2f4e5b2f95d9c89adf34033044151a5d59f68819e1e118785b9a89","PASS","2026-08-05T18:24:16+0800",FALSE,"Create-once controlled-resume partition using frozen composite keys and seeds"
"GENERATED__gsm8500536_cap_area3_dlbcl_v1__macrophage_rich__r0301-r0400","GENERATED_BY_CONTROLLED_RESUME","GSM8500536_Cap.area3_DLBCL_V1","macrophage_rich","Macrophage-rich program",301,400,100,100,2200,2200,23371105,23371204,"${DLBCL_PROJECT_ROOT}/revision_2026_reviewer_response/06p_wp3_matched_null_and_depth_sensitivity/01_execution_scripts/05_06p_partitioned_membership_resume.R","c26643ea7c59428bd516cbe93006168c13bdff590940977ef2318f8df7bc9e85","${DLBCL_PROJECT_ROOT}/revision_2026_reviewer_response/06p_wp3_matched_null_and_depth_sensitivity/01_execution_outputs/matched_null/membership_parts/generated/GSM8500536_Cap.area3_DLBCL_V1__macrophage_rich__r0301-r0400.csv",338132,"50f6faec07c7dfd8acef70e4d4611789d0ed528d852d6d425e84764ed96ed1ab","PASS","2026-08-05T18:24:17+0800",FALSE,"Create-once controlled-resume partition using frozen composite keys and seeds"
"GENERATED__gsm8500536_cap_area3_dlbcl_v1__macrophage_rich__r0401-r0500","GENERATED_BY_CONTROLLED_RESUME","GSM8500536_Cap.area3_DLBCL_V1","macrophage_rich","Macrophage-rich program",401,500,100,100,2200,2200,23371205,23371304,"${DLBCL_PROJECT_ROOT}/revision_2026_reviewer_response/06p_wp3_matched_null_and_depth_sensitivity/01_execution_scripts/05_06p_partitioned_membership_resume.R","c26643ea7c59428bd516cbe93006168c13bdff590940977ef2318f8df7bc9e85","${DLBCL_PROJECT_ROOT}/revision_2026_reviewer_response/06p_wp3_matched_null_and_depth_sensitivity/01_execution_outputs/matched_null/membership_parts/generated/GSM8500536_Cap.area3_DLBCL_V1__macrophage_rich__r0401-r0500.csv",338142,"9539975428c1bc1c90a5eb16e569f9296d7b17fde21d1f5b0a59b434944452ad","PASS","2026-08-05T18:24:18+0800",FALSE,"Create-once controlled-resume partition using frozen composite keys and seeds"
"GENERATED__gsm8500536_cap_area3_dlbcl_v1__macrophage_rich__r0501-r0600","GENERATED_BY_CONTROLLED_RESUME","GSM8500536_Cap.area3_DLBCL_V1","macrophage_rich","Macrophage-rich program",501,600,100,100,2200,2200,23371305,23371404,"${DLBCL_PROJECT_ROOT}/revision_2026_reviewer_response/06p_wp3_matched_null_and_depth_sensitivity/01_execution_scripts/05_06p_partitioned_membership_resume.R","c26643ea7c59428bd516cbe93006168c13bdff590940977ef2318f8df7bc9e85","${DLBCL_PROJECT_ROOT}/revision_2026_reviewer_response/06p_wp3_matched_null_and_depth_sensitivity/01_execution_outputs/matched_null/membership_parts/generated/GSM8500536_Cap.area3_DLBCL_V1__macrophage_rich__r0501-r0600.csv",338183,"2abd8802076e716a3dc299533c3fbf5ed10ef208857369a5024fe0f6668b7ea5","PASS","2026-08-05T18:24:18+0800",FALSE,"Create-once controlled-resume partition using frozen composite keys and seeds"
"GENERATED__gsm8500536_cap_area3_dlbcl_v1__macrophage_rich__r0601-r0700","GENERATED_BY_CONTROLLED_RESUME","GSM8500536_Cap.area3_DLBCL_V1","macrophage_rich","Macrophage-rich program",601,700,100,100,2200,2200,23371405,23371504,"${DLBCL_PROJECT_ROOT}/revision_2026_reviewer_response/06p_wp3_matched_null_and_depth_sensitivity/01_execution_scripts/05_06p_partitioned_membership_resume.R","c26643ea7c59428bd516cbe93006168c13bdff590940977ef2318f8df7bc9e85","${DLBCL_PROJECT_ROOT}/revision_2026_reviewer_response/06p_wp3_matched_null_and_depth_sensitivity/01_execution_outputs/matched_null/membership_parts/generated/GSM8500536_Cap.area3_DLBCL_V1__macrophage_rich__r0601-r0700.csv",338235,"d6a07e068393035d0bfc11fecc9080aaa6b27a28a9b11bd48256ad6ff14bce27","PASS","2026-08-05T18:24:19+0800",FALSE,"Create-once controlled-resume partition using frozen composite keys and seeds"
"GENERATED__gsm8500536_cap_area3_dlbcl_v1__macrophage_rich__r0701-r0800","GENERATED_BY_CONTROLLED_RESUME","GSM8500536_Cap.area3_DLBCL_V1","macrophage_rich","Macrophage-rich program",701,800,100,100,2200,2200,23371505,23371604,"${DLBCL_PROJECT_ROOT}/revision_2026_reviewer_response/06p_wp3_matched_null_and_depth_sensitivity/01_execution_scripts/05_06p_partitioned_membership_resume.R","c26643ea7c59428bd516cbe93006168c13bdff590940977ef2318f8df7bc9e85","${DLBCL_PROJECT_ROOT}/revision_2026_reviewer_response/06p_wp3_matched_null_and_depth_sensitivity/01_execution_outputs/matched_null/membership_parts/generated/GSM8500536_Cap.area3_DLBCL_V1__macrophage_rich__r0701-r0800.csv",338106,"f8f5d3b9987f333259c71a6b2b4a39294b569f109785d18a8a267de998022535","PASS","2026-08-05T18:24:19+0800",FALSE,"Create-once controlled-resume partition using frozen composite keys and seeds"
"GENERATED__gsm8500536_cap_area3_dlbcl_v1__macrophage_rich__r0801-r0900","GENERATED_BY_CONTROLLED_RESUME","GSM8500536_Cap.area3_DLBCL_V1","macrophage_rich","Macrophage-rich program",801,900,100,100,2200,2200,23371605,23371704,"${DLBCL_PROJECT_ROOT}/revision_2026_reviewer_response/06p_wp3_matched_null_and_depth_sensitivity/01_execution_scripts/05_06p_partitioned_membership_resume.R","c26643ea7c59428bd516cbe93006168c13bdff590940977ef2318f8df7bc9e85","${DLBCL_PROJECT_ROOT}/revision_2026_reviewer_response/06p_wp3_matched_null_and_depth_sensitivity/01_execution_outputs/matched_null/membership_parts/generated/GSM8500536_Cap.area3_DLBCL_V1__macrophage_rich__r0801-r0900.csv",338303,"e901da1e4a78b6dbb100ec68da02879ffb5a7b42f8e340c0db665d04f11ec20a","PASS","2026-08-05T18:24:20+0800",FALSE,"Create-once controlled-resume partition using frozen composite keys and seeds"
"GENERATED__gsm8500536_cap_area3_dlbcl_v1__macrophage_rich__r0901-r1000","GENERATED_BY_CONTROLLED_RESUME","GSM8500536_Cap.area3_DLBCL_V1","macrophage_rich","Macrophage-rich program",901,1000,100,100,2200,2200,23371705,23371804,"${DLBCL_PROJECT_ROOT}/revision_2026_reviewer_response/06p_wp3_matched_null_and_depth_sensitivity/01_execution_scripts/05_06p_partitioned_membership_resume.R","c26643ea7c59428bd516cbe93006168c13bdff590940977ef2318f8df7bc9e85","${DLBCL_PROJECT_ROOT}/revision_2026_reviewer_response/06p_wp3_matched_null_and_depth_sensitivity/01_execution_outputs/matched_null/membership_parts/generated/GSM8500536_Cap.area3_DLBCL_V1__macrophage_rich__r0901-r1000.csv",338147,"98249d5646de190c23de095c4ce7e6bd7eb03e9e55bb0dd451fe0d378f514185","PASS","2026-08-05T18:24:21+0800",FALSE,"Create-once controlled-resume partition using frozen composite keys and seeds"
"GENERATED__gsm8500536_cap_area3_dlbcl_v1__t_cell_inflamed__r0001-r0100","GENERATED_BY_CONTROLLED_RESUME","GSM8500536_Cap.area3_DLBCL_V1","t_cell_inflamed","T cell-inflamed program",1,100,100,100,2200,2200,23470805,23470904,"${DLBCL_PROJECT_ROOT}/revision_2026_reviewer_response/06p_wp3_matched_null_and_depth_sensitivity/01_execution_scripts/05_06p_partitioned_membership_resume.R","c26643ea7c59428bd516cbe93006168c13bdff590940977ef2318f8df7bc9e85","${DLBCL_PROJECT_ROOT}/revision_2026_reviewer_response/06p_wp3_matched_null_and_depth_sensitivity/01_execution_outputs/matched_null/membership_parts/generated/GSM8500536_Cap.area3_DLBCL_V1__t_cell_inflamed__r0001-r0100.csv",335085,"de49567463a9a7eafc004f86e2bdb2d15a1ab27c0027a0aaadcc3860fbb7a5c0","PASS","2026-08-05T18:24:21+0800",FALSE,"Create-once controlled-resume partition using frozen composite keys and seeds"
"GENERATED__gsm8500536_cap_area3_dlbcl_v1__t_cell_inflamed__r0101-r0200","GENERATED_BY_CONTROLLED_RESUME","GSM8500536_Cap.area3_DLBCL_V1","t_cell_inflamed","T cell-inflamed program",101,200,100,100,2200,2200,23470905,23471004,"${DLBCL_PROJECT_ROOT}/revision_2026_reviewer_response/06p_wp3_matched_null_and_depth_sensitivity/01_execution_scripts/05_06p_partitioned_membership_resume.R","c26643ea7c59428bd516cbe93006168c13bdff590940977ef2318f8df7bc9e85","${DLBCL_PROJECT_ROOT}/revision_2026_reviewer_response/06p_wp3_matched_null_and_depth_sensitivity/01_execution_outputs/matched_null/membership_parts/generated/GSM8500536_Cap.area3_DLBCL_V1__t_cell_inflamed__r0101-r0200.csv",337477,"ebb8187581e551f2ac85853aa6d598bb9f11d1576828402b809792ed15e8ffb5","PASS","2026-08-05T18:24:22+0800",FALSE,"Create-once controlled-resume partition using frozen composite keys and seeds"
"GENERATED__gsm8500536_cap_area3_dlbcl_v1__t_cell_inflamed__r0201-r0300","GENERATED_BY_CONTROLLED_RESUME","GSM8500536_Cap.area3_DLBCL_V1","t_cell_inflamed","T cell-inflamed program",201,300,100,100,2200,2200,23471005,23471104,"${DLBCL_PROJECT_ROOT}/revision_2026_reviewer_response/06p_wp3_matched_null_and_depth_sensitivity/01_execution_scripts/05_06p_partitioned_membership_resume.R","c26643ea7c59428bd516cbe93006168c13bdff590940977ef2318f8df7bc9e85","${DLBCL_PROJECT_ROOT}/revision_2026_reviewer_response/06p_wp3_matched_null_and_depth_sensitivity/01_execution_outputs/matched_null/membership_parts/generated/GSM8500536_Cap.area3_DLBCL_V1__t_cell_inflamed__r0201-r0300.csv",337653,"a65c319f214d6dbc151411777af7b92e9493d88028a900155d26bae336e7b6b9","PASS","2026-08-05T18:24:23+0800",FALSE,"Create-once controlled-resume partition using frozen composite keys and seeds"
"GENERATED__gsm8500536_cap_area3_dlbcl_v1__t_cell_inflamed__r0301-r0400","GENERATED_BY_CONTROLLED_RESUME","GSM8500536_Cap.area3_DLBCL_V1","t_cell_inflamed","T cell-inflamed program",301,400,100,100,2200,2200,23471105,23471204,"${DLBCL_PROJECT_ROOT}/revision_2026_reviewer_response/06p_wp3_matched_null_and_depth_sensitivity/01_execution_scripts/05_06p_partitioned_membership_resume.R","c26643ea7c59428bd516cbe93006168c13bdff590940977ef2318f8df7bc9e85","${DLBCL_PROJECT_ROOT}/revision_2026_reviewer_response/06p_wp3_matched_null_and_depth_sensitivity/01_execution_outputs/matched_null/membership_parts/generated/GSM8500536_Cap.area3_DLBCL_V1__t_cell_inflamed__r0301-r0400.csv",337413,"5fcc99f524825c346ae0ab8c69279a06d77faaf60c35a624c5034bab05fb88b3","PASS","2026-08-05T18:24:23+0800",FALSE,"Create-once controlled-resume partition using frozen composite keys and seeds"
"GENERATED__gsm8500536_cap_area3_dlbcl_v1__t_cell_inflamed__r0401-r0500","GENERATED_BY_CONTROLLED_RESUME","GSM8500536_Cap.area3_DLBCL_V1","t_cell_inflamed","T cell-inflamed program",401,500,100,100,2200,2200,23471205,23471304,"${DLBCL_PROJECT_ROOT}/revision_2026_reviewer_response/06p_wp3_matched_null_and_depth_sensitivity/01_execution_scripts/05_06p_partitioned_membership_resume.R","c26643ea7c59428bd516cbe93006168c13bdff590940977ef2318f8df7bc9e85","${DLBCL_PROJECT_ROOT}/revision_2026_reviewer_response/06p_wp3_matched_null_and_depth_sensitivity/01_execution_outputs/matched_null/membership_parts/generated/GSM8500536_Cap.area3_DLBCL_V1__t_cell_inflamed__r0401-r0500.csv",337504,"d41430a522953b8da8b70a3f886c90efb0c275acaadb4f117dd94f6714c0a589","PASS","2026-08-05T18:24:24+0800",FALSE,"Create-once controlled-resume partition using frozen composite keys and seeds"
"GENERATED__gsm8500536_cap_area3_dlbcl_v1__t_cell_inflamed__r0501-r0600","GENERATED_BY_CONTROLLED_RESUME","GSM8500536_Cap.area3_DLBCL_V1","t_cell_inflamed","T cell-inflamed program",501,600,100,100,2200,2200,23471305,23471404,"${DLBCL_PROJECT_ROOT}/revision_2026_reviewer_response/06p_wp3_matched_null_and_depth_sensitivity/01_execution_scripts/05_06p_partitioned_membership_resume.R","c26643ea7c59428bd516cbe93006168c13bdff590940977ef2318f8df7bc9e85","${DLBCL_PROJECT_ROOT}/revision_2026_reviewer_response/06p_wp3_matched_null_and_depth_sensitivity/01_execution_outputs/matched_null/membership_parts/generated/GSM8500536_Cap.area3_DLBCL_V1__t_cell_inflamed__r0501-r0600.csv",337574,"7fd3bca379db9c19887d629ced4d453a35230de5eb4176ec630767372f82ef66","PASS","2026-08-05T18:24:25+0800",FALSE,"Create-once controlled-resume partition using frozen composite keys and seeds"
"GENERATED__gsm8500536_cap_area3_dlbcl_v1__t_cell_inflamed__r0601-r0700","GENERATED_BY_CONTROLLED_RESUME","GSM8500536_Cap.area3_DLBCL_V1","t_cell_inflamed","T cell-inflamed program",601,700,100,100,2200,2200,23471405,23471504,"${DLBCL_PROJECT_ROOT}/revision_2026_reviewer_response/06p_wp3_matched_null_and_depth_sensitivity/01_execution_scripts/05_06p_partitioned_membership_resume.R","c26643ea7c59428bd516cbe93006168c13bdff590940977ef2318f8df7bc9e85","${DLBCL_PROJECT_ROOT}/revision_2026_reviewer_response/06p_wp3_matched_null_and_depth_sensitivity/01_execution_outputs/matched_null/membership_parts/generated/GSM8500536_Cap.area3_DLBCL_V1__t_cell_inflamed__r0601-r0700.csv",337477,"c2bd8d41efe418fc990faa690ab6cfcdb496042d72cde7c77688739e41dcf29e","PASS","2026-08-05T18:24:25+0800",FALSE,"Create-once controlled-resume partition using frozen composite keys and seeds"
"GENERATED__gsm8500536_cap_area3_dlbcl_v1__t_cell_inflamed__r0701-r0800","GENERATED_BY_CONTROLLED_RESUME","GSM8500536_Cap.area3_DLBCL_V1","t_cell_inflamed","T cell-inflamed program",701,800,100,100,2200,2200,23471505,23471604,"${DLBCL_PROJECT_ROOT}/revision_2026_reviewer_response/06p_wp3_matched_null_and_depth_sensitivity/01_execution_scripts/05_06p_partitioned_membership_resume.R","c26643ea7c59428bd516cbe93006168c13bdff590940977ef2318f8df7bc9e85","${DLBCL_PROJECT_ROOT}/revision_2026_reviewer_response/06p_wp3_matched_null_and_depth_sensitivity/01_execution_outputs/matched_null/membership_parts/generated/GSM8500536_Cap.area3_DLBCL_V1__t_cell_inflamed__r0701-r0800.csv",337504,"9271ef3293b680811d454c12003318660ca6de42512e72699f43283e56cad2b4","PASS","2026-08-05T18:24:26+0800",FALSE,"Create-once controlled-resume partition using frozen composite keys and seeds"
"GENERATED__gsm8500536_cap_area3_dlbcl_v1__t_cell_inflamed__r0801-r0900","GENERATED_BY_CONTROLLED_RESUME","GSM8500536_Cap.area3_DLBCL_V1","t_cell_inflamed","T cell-inflamed program",801,900,100,100,2200,2200,23471605,23471704,"${DLBCL_PROJECT_ROOT}/revision_2026_reviewer_response/06p_wp3_matched_null_and_depth_sensitivity/01_execution_scripts/05_06p_partitioned_membership_resume.R","c26643ea7c59428bd516cbe93006168c13bdff590940977ef2318f8df7bc9e85","${DLBCL_PROJECT_ROOT}/revision_2026_reviewer_response/06p_wp3_matched_null_and_depth_sensitivity/01_execution_outputs/matched_null/membership_parts/generated/GSM8500536_Cap.area3_DLBCL_V1__t_cell_inflamed__r0801-r0900.csv",337575,"664e699b0251ba34e4f509919d6a364400a15a0e9bf5087714c8bc9986b34876","PASS","2026-08-05T18:24:27+0800",FALSE,"Create-once controlled-resume partition using frozen composite keys and seeds"
"GENERATED__gsm8500536_cap_area3_dlbcl_v1__t_cell_inflamed__r0901-r1000","GENERATED_BY_CONTROLLED_RESUME","GSM8500536_Cap.area3_DLBCL_V1","t_cell_inflamed","T cell-inflamed program",901,1000,100,100,2200,2200,23471705,23471804,"${DLBCL_PROJECT_ROOT}/revision_2026_reviewer_response/06p_wp3_matched_null_and_depth_sensitivity/01_execution_scripts/05_06p_partitioned_membership_resume.R","c26643ea7c59428bd516cbe93006168c13bdff590940977ef2318f8df7bc9e85","${DLBCL_PROJECT_ROOT}/revision_2026_reviewer_response/06p_wp3_matched_null_and_depth_sensitivity/01_execution_outputs/matched_null/membership_parts/generated/GSM8500536_Cap.area3_DLBCL_V1__t_cell_inflamed__r0901-r1000.csv",337534,"22fbd0aaf64f4ff745bafc3d16529fe7cbf5da2d4c3585e907f379315e42af86","PASS","2026-08-05T18:24:28+0800",FALSE,"Create-once controlled-resume partition using frozen composite keys and seeds"
"GENERATED__gsm8500536_cap_area3_dlbcl_v1__antigen_presentation__r0001-r0100","GENERATED_BY_CONTROLLED_RESUME","GSM8500536_Cap.area3_DLBCL_V1","antigen_presentation","Immune-inflamed / antigen-presentation program",1,100,100,100,1900,1900,23570805,23570904,"${DLBCL_PROJECT_ROOT}/revision_2026_reviewer_response/06p_wp3_matched_null_and_depth_sensitivity/01_execution_scripts/05_06p_partitioned_membership_resume.R","c26643ea7c59428bd516cbe93006168c13bdff590940977ef2318f8df7bc9e85","${DLBCL_PROJECT_ROOT}/revision_2026_reviewer_response/06p_wp3_matched_null_and_depth_sensitivity/01_execution_outputs/matched_null/membership_parts/generated/GSM8500536_Cap.area3_DLBCL_V1__antigen_presentation__r0001-r0100.csv",342979,"b8dafd77439ec7b9824c0cfe62f10b15107f0b717faf7af9f31216d861055bd5","PASS","2026-08-05T18:24:28+0800",FALSE,"Create-once controlled-resume partition using frozen composite keys and seeds"
"GENERATED__gsm8500536_cap_area3_dlbcl_v1__antigen_presentation__r0101-r0200","GENERATED_BY_CONTROLLED_RESUME","GSM8500536_Cap.area3_DLBCL_V1","antigen_presentation","Immune-inflamed / antigen-presentation program",101,200,100,100,1900,1900,23570905,23571004,"${DLBCL_PROJECT_ROOT}/revision_2026_reviewer_response/06p_wp3_matched_null_and_depth_sensitivity/01_execution_scripts/05_06p_partitioned_membership_resume.R","c26643ea7c59428bd516cbe93006168c13bdff590940977ef2318f8df7bc9e85","${DLBCL_PROJECT_ROOT}/revision_2026_reviewer_response/06p_wp3_matched_null_and_depth_sensitivity/01_execution_outputs/matched_null/membership_parts/generated/GSM8500536_Cap.area3_DLBCL_V1__antigen_presentation__r0101-r0200.csv",345185,"aacb2d2b46c09c8eb5f3e849636ee8912ef322055d4bebf522687208bb1561d7","PASS","2026-08-05T18:24:29+0800",FALSE,"Create-once controlled-resume partition using frozen composite keys and seeds"
"GENERATED__gsm8500536_cap_area3_dlbcl_v1__antigen_presentation__r0201-r0300","GENERATED_BY_CONTROLLED_RESUME","GSM8500536_Cap.area3_DLBCL_V1","antigen_presentation","Immune-inflamed / antigen-presentation program",201,300,100,100,1900,1900,23571005,23571104,"${DLBCL_PROJECT_ROOT}/revision_2026_reviewer_response/06p_wp3_matched_null_and_depth_sensitivity/01_execution_scripts/05_06p_partitioned_membership_resume.R","c26643ea7c59428bd516cbe93006168c13bdff590940977ef2318f8df7bc9e85","${DLBCL_PROJECT_ROOT}/revision_2026_reviewer_response/06p_wp3_matched_null_and_depth_sensitivity/01_execution_outputs/matched_null/membership_parts/generated/GSM8500536_Cap.area3_DLBCL_V1__antigen_presentation__r0201-r0300.csv",345197,"60f9bd8462ba39956a43e23bdf4f68ae820ad306ca59cfa346acbb7abc7f4d9f","PASS","2026-08-05T18:24:30+0800",FALSE,"Create-once controlled-resume partition using frozen composite keys and seeds"
"GENERATED__gsm8500536_cap_area3_dlbcl_v1__antigen_presentation__r0301-r0400","GENERATED_BY_CONTROLLED_RESUME","GSM8500536_Cap.area3_DLBCL_V1","antigen_presentation","Immune-inflamed / antigen-presentation program",301,400,100,100,1900,1900,23571105,23571204,"${DLBCL_PROJECT_ROOT}/revision_2026_reviewer_response/06p_wp3_matched_null_and_depth_sensitivity/01_execution_scripts/05_06p_partitioned_membership_resume.R","c26643ea7c59428bd516cbe93006168c13bdff590940977ef2318f8df7bc9e85","${DLBCL_PROJECT_ROOT}/revision_2026_reviewer_response/06p_wp3_matched_null_and_depth_sensitivity/01_execution_outputs/matched_null/membership_parts/generated/GSM8500536_Cap.area3_DLBCL_V1__antigen_presentation__r0301-r0400.csv",345136,"cce295c88b7d0929b5e526ad9e9f9a273effd862d6f2766c7544f2766bdcdc79","PASS","2026-08-05T18:24:30+0800",FALSE,"Create-once controlled-resume partition using frozen composite keys and seeds"
"GENERATED__gsm8500536_cap_area3_dlbcl_v1__antigen_presentation__r0401-r0500","GENERATED_BY_CONTROLLED_RESUME","GSM8500536_Cap.area3_DLBCL_V1","antigen_presentation","Immune-inflamed / antigen-presentation program",401,500,100,100,1900,1900,23571205,23571304,"${DLBCL_PROJECT_ROOT}/revision_2026_reviewer_response/06p_wp3_matched_null_and_depth_sensitivity/01_execution_scripts/05_06p_partitioned_membership_resume.R","c26643ea7c59428bd516cbe93006168c13bdff590940977ef2318f8df7bc9e85","${DLBCL_PROJECT_ROOT}/revision_2026_reviewer_response/06p_wp3_matched_null_and_depth_sensitivity/01_execution_outputs/matched_null/membership_parts/generated/GSM8500536_Cap.area3_DLBCL_V1__antigen_presentation__r0401-r0500.csv",345166,"4002ac9b7fb735946f8b1c12a899f219a7975771188047fa2f6cb07b457bff6b","PASS","2026-08-05T18:24:31+0800",FALSE,"Create-once controlled-resume partition using frozen composite keys and seeds"
"GENERATED__gsm8500536_cap_area3_dlbcl_v1__antigen_presentation__r0501-r0600","GENERATED_BY_CONTROLLED_RESUME","GSM8500536_Cap.area3_DLBCL_V1","antigen_presentation","Immune-inflamed / antigen-presentation program",501,600,100,100,1900,1900,23571305,23571404,"${DLBCL_PROJECT_ROOT}/revision_2026_reviewer_response/06p_wp3_matched_null_and_depth_sensitivity/01_execution_scripts/05_06p_partitioned_membership_resume.R","c26643ea7c59428bd516cbe93006168c13bdff590940977ef2318f8df7bc9e85","${DLBCL_PROJECT_ROOT}/revision_2026_reviewer_response/06p_wp3_matched_null_and_depth_sensitivity/01_execution_outputs/matched_null/membership_parts/generated/GSM8500536_Cap.area3_DLBCL_V1__antigen_presentation__r0501-r0600.csv",345153,"5c60c06d2acb3637c0b38af9c46d588b1d4ce4803bd7ee0f816840f758b4e9b2","PASS","2026-08-05T18:24:31+0800",FALSE,"Create-once controlled-resume partition using frozen composite keys and seeds"
"GENERATED__gsm8500536_cap_area3_dlbcl_v1__antigen_presentation__r0601-r0700","GENERATED_BY_CONTROLLED_RESUME","GSM8500536_Cap.area3_DLBCL_V1","antigen_presentation","Immune-inflamed / antigen-presentation program",601,700,100,100,1900,1900,23571405,23571504,"${DLBCL_PROJECT_ROOT}/revision_2026_reviewer_response/06p_wp3_matched_null_and_depth_sensitivity/01_execution_scripts/05_06p_partitioned_membership_resume.R","c26643ea7c59428bd516cbe93006168c13bdff590940977ef2318f8df7bc9e85","${DLBCL_PROJECT_ROOT}/revision_2026_reviewer_response/06p_wp3_matched_null_and_depth_sensitivity/01_execution_outputs/matched_null/membership_parts/generated/GSM8500536_Cap.area3_DLBCL_V1__antigen_presentation__r0601-r0700.csv",345105,"48f0a8f3b2d854bc84636c12f7a677b74033a59a1f088e5416df72052527284a","PASS","2026-08-05T18:24:32+0800",FALSE,"Create-once controlled-resume partition using frozen composite keys and seeds"
"GENERATED__gsm8500536_cap_area3_dlbcl_v1__antigen_presentation__r0701-r0800","GENERATED_BY_CONTROLLED_RESUME","GSM8500536_Cap.area3_DLBCL_V1","antigen_presentation","Immune-inflamed / antigen-presentation program",701,800,100,100,1900,1900,23571505,23571604,"${DLBCL_PROJECT_ROOT}/revision_2026_reviewer_response/06p_wp3_matched_null_and_depth_sensitivity/01_execution_scripts/05_06p_partitioned_membership_resume.R","c26643ea7c59428bd516cbe93006168c13bdff590940977ef2318f8df7bc9e85","${DLBCL_PROJECT_ROOT}/revision_2026_reviewer_response/06p_wp3_matched_null_and_depth_sensitivity/01_execution_outputs/matched_null/membership_parts/generated/GSM8500536_Cap.area3_DLBCL_V1__antigen_presentation__r0701-r0800.csv",345182,"376a36c62d9f5a0dfb3a707ac8432f4765cea3662b5297efbec5320e4bf253fc","PASS","2026-08-05T18:24:33+0800",FALSE,"Create-once controlled-resume partition using frozen composite keys and seeds"
"GENERATED__gsm8500536_cap_area3_dlbcl_v1__antigen_presentation__r0801-r0900","GENERATED_BY_CONTROLLED_RESUME","GSM8500536_Cap.area3_DLBCL_V1","antigen_presentation","Immune-inflamed / antigen-presentation program",801,900,100,100,1900,1900,23571605,23571704,"${DLBCL_PROJECT_ROOT}/revision_2026_reviewer_response/06p_wp3_matched_null_and_depth_sensitivity/01_execution_scripts/05_06p_partitioned_membership_resume.R","c26643ea7c59428bd516cbe93006168c13bdff590940977ef2318f8df7bc9e85","${DLBCL_PROJECT_ROOT}/revision_2026_reviewer_response/06p_wp3_matched_null_and_depth_sensitivity/01_execution_outputs/matched_null/membership_parts/generated/GSM8500536_Cap.area3_DLBCL_V1__antigen_presentation__r0801-r0900.csv",345092,"f3c8d0eb2dae63c685bbe4dbe183a9b4375109c5ff60ae941efeeacf8617b305","PASS","2026-08-05T18:24:33+0800",FALSE,"Create-once controlled-resume partition using frozen composite keys and seeds"
"GENERATED__gsm8500536_cap_area3_dlbcl_v1__antigen_presentation__r0901-r1000","GENERATED_BY_CONTROLLED_RESUME","GSM8500536_Cap.area3_DLBCL_V1","antigen_presentation","Immune-inflamed / antigen-presentation program",901,1000,100,100,1900,1900,23571705,23571804,"${DLBCL_PROJECT_ROOT}/revision_2026_reviewer_response/06p_wp3_matched_null_and_depth_sensitivity/01_execution_scripts/05_06p_partitioned_membership_resume.R","c26643ea7c59428bd516cbe93006168c13bdff590940977ef2318f8df7bc9e85","${DLBCL_PROJECT_ROOT}/revision_2026_reviewer_response/06p_wp3_matched_null_and_depth_sensitivity/01_execution_outputs/matched_null/membership_parts/generated/GSM8500536_Cap.area3_DLBCL_V1__antigen_presentation__r0901-r1000.csv",345123,"45c964bb5b45494c36c061486f060c661e41a1a4d26035e6c44c37f8ff9207db","PASS","2026-08-05T18:24:34+0800",FALSE,"Create-once controlled-resume partition using frozen composite keys and seeds"
"GENERATED__gsm8500536_cap_area3_dlbcl_v1__stromal_fibrotic__r0001-r0100","GENERATED_BY_CONTROLLED_RESUME","GSM8500536_Cap.area3_DLBCL_V1","stromal_fibrotic","Stromal / fibrotic program",1,100,100,100,2200,2200,23670805,23670904,"${DLBCL_PROJECT_ROOT}/revision_2026_reviewer_response/06p_wp3_matched_null_and_depth_sensitivity/01_execution_scripts/05_06p_partitioned_membership_resume.R","c26643ea7c59428bd516cbe93006168c13bdff590940977ef2318f8df7bc9e85","${DLBCL_PROJECT_ROOT}/revision_2026_reviewer_response/06p_wp3_matched_null_and_depth_sensitivity/01_execution_outputs/matched_null/membership_parts/generated/GSM8500536_Cap.area3_DLBCL_V1__stromal_fibrotic__r0001-r0100.csv",343413,"e2f7c31b9bf24125898ae10f78d2266820f8da429b1ce5edaca0bbaf95296c6f","PASS","2026-08-05T18:24:34+0800",FALSE,"Create-once controlled-resume partition using frozen composite keys and seeds"
"GENERATED__gsm8500536_cap_area3_dlbcl_v1__stromal_fibrotic__r0101-r0200","GENERATED_BY_CONTROLLED_RESUME","GSM8500536_Cap.area3_DLBCL_V1","stromal_fibrotic","Stromal / fibrotic program",101,200,100,100,2200,2200,23670905,23671004,"${DLBCL_PROJECT_ROOT}/revision_2026_reviewer_response/06p_wp3_matched_null_and_depth_sensitivity/01_execution_scripts/05_06p_partitioned_membership_resume.R","c26643ea7c59428bd516cbe93006168c13bdff590940977ef2318f8df7bc9e85","${DLBCL_PROJECT_ROOT}/revision_2026_reviewer_response/06p_wp3_matched_null_and_depth_sensitivity/01_execution_outputs/matched_null/membership_parts/generated/GSM8500536_Cap.area3_DLBCL_V1__stromal_fibrotic__r0101-r0200.csv",345711,"b92e350707646b904cc5c52b5ca0ba30cfea04f21bf9a2988af176a106c52669","PASS","2026-08-05T18:24:35+0800",FALSE,"Create-once controlled-resume partition using frozen composite keys and seeds"
"GENERATED__gsm8500536_cap_area3_dlbcl_v1__stromal_fibrotic__r0201-r0300","GENERATED_BY_CONTROLLED_RESUME","GSM8500536_Cap.area3_DLBCL_V1","stromal_fibrotic","Stromal / fibrotic program",201,300,100,100,2200,2200,23671005,23671104,"${DLBCL_PROJECT_ROOT}/revision_2026_reviewer_response/06p_wp3_matched_null_and_depth_sensitivity/01_execution_scripts/05_06p_partitioned_membership_resume.R","c26643ea7c59428bd516cbe93006168c13bdff590940977ef2318f8df7bc9e85","${DLBCL_PROJECT_ROOT}/revision_2026_reviewer_response/06p_wp3_matched_null_and_depth_sensitivity/01_execution_outputs/matched_null/membership_parts/generated/GSM8500536_Cap.area3_DLBCL_V1__stromal_fibrotic__r0201-r0300.csv",345739,"dc58751661b6eecb8ae38ebed85fbbe29b7e8fadde25761d961529dbfc6899fc","PASS","2026-08-05T18:24:36+0800",FALSE,"Create-once controlled-resume partition using frozen composite keys and seeds"
"GENERATED__gsm8500536_cap_area3_dlbcl_v1__stromal_fibrotic__r0301-r0400","GENERATED_BY_CONTROLLED_RESUME","GSM8500536_Cap.area3_DLBCL_V1","stromal_fibrotic","Stromal / fibrotic program",301,400,100,100,2200,2200,23671105,23671204,"${DLBCL_PROJECT_ROOT}/revision_2026_reviewer_response/06p_wp3_matched_null_and_depth_sensitivity/01_execution_scripts/05_06p_partitioned_membership_resume.R","c26643ea7c59428bd516cbe93006168c13bdff590940977ef2318f8df7bc9e85","${DLBCL_PROJECT_ROOT}/revision_2026_reviewer_response/06p_wp3_matched_null_and_depth_sensitivity/01_execution_outputs/matched_null/membership_parts/generated/GSM8500536_Cap.area3_DLBCL_V1__stromal_fibrotic__r0301-r0400.csv",345856,"f0fa0ec0676b84a2a90058f720fb4fc912dd85077af251f5e8c4a90611c371d2","PASS","2026-08-05T18:24:36+0800",FALSE,"Create-once controlled-resume partition using frozen composite keys and seeds"
"GENERATED__gsm8500536_cap_area3_dlbcl_v1__stromal_fibrotic__r0401-r0500","GENERATED_BY_CONTROLLED_RESUME","GSM8500536_Cap.area3_DLBCL_V1","stromal_fibrotic","Stromal / fibrotic program",401,500,100,100,2200,2200,23671205,23671304,"${DLBCL_PROJECT_ROOT}/revision_2026_reviewer_response/06p_wp3_matched_null_and_depth_sensitivity/01_execution_scripts/05_06p_partitioned_membership_resume.R","c26643ea7c59428bd516cbe93006168c13bdff590940977ef2318f8df7bc9e85","${DLBCL_PROJECT_ROOT}/revision_2026_reviewer_response/06p_wp3_matched_null_and_depth_sensitivity/01_execution_outputs/matched_null/membership_parts/generated/GSM8500536_Cap.area3_DLBCL_V1__stromal_fibrotic__r0401-r0500.csv",345891,"cefcb315a381a717f82a15135e613c964345e7a6538ce96bf9719dbefcbee31e","PASS","2026-08-05T18:24:37+0800",FALSE,"Create-once controlled-resume partition using frozen composite keys and seeds"
"GENERATED__gsm8500536_cap_area3_dlbcl_v1__stromal_fibrotic__r0501-r0600","GENERATED_BY_CONTROLLED_RESUME","GSM8500536_Cap.area3_DLBCL_V1","stromal_fibrotic","Stromal / fibrotic program",501,600,100,100,2200,2200,23671305,23671404,"${DLBCL_PROJECT_ROOT}/revision_2026_reviewer_response/06p_wp3_matched_null_and_depth_sensitivity/01_execution_scripts/05_06p_partitioned_membership_resume.R","c26643ea7c59428bd516cbe93006168c13bdff590940977ef2318f8df7bc9e85","${DLBCL_PROJECT_ROOT}/revision_2026_reviewer_response/06p_wp3_matched_null_and_depth_sensitivity/01_execution_outputs/matched_null/membership_parts/generated/GSM8500536_Cap.area3_DLBCL_V1__stromal_fibrotic__r0501-r0600.csv",345843,"ac2906a98022a9511eddeb4daeed033a4bcaefb99d291e033a96acc378c915f7","PASS","2026-08-05T18:24:37+0800",FALSE,"Create-once controlled-resume partition using frozen composite keys and seeds"
"GENERATED__gsm8500536_cap_area3_dlbcl_v1__stromal_fibrotic__r0601-r0700","GENERATED_BY_CONTROLLED_RESUME","GSM8500536_Cap.area3_DLBCL_V1","stromal_fibrotic","Stromal / fibrotic program",601,700,100,100,2200,2200,23671405,23671504,"${DLBCL_PROJECT_ROOT}/revision_2026_reviewer_response/06p_wp3_matched_null_and_depth_sensitivity/01_execution_scripts/05_06p_partitioned_membership_resume.R","c26643ea7c59428bd516cbe93006168c13bdff590940977ef2318f8df7bc9e85","${DLBCL_PROJECT_ROOT}/revision_2026_reviewer_response/06p_wp3_matched_null_and_depth_sensitivity/01_execution_outputs/matched_null/membership_parts/generated/GSM8500536_Cap.area3_DLBCL_V1__stromal_fibrotic__r0601-r0700.csv",345801,"adb38232f0492c42ff8a411a80914548fb647131bf397e84ca40d269846dea1f","PASS","2026-08-05T18:24:38+0800",FALSE,"Create-once controlled-resume partition using frozen composite keys and seeds"
"GENERATED__gsm8500536_cap_area3_dlbcl_v1__stromal_fibrotic__r0701-r0800","GENERATED_BY_CONTROLLED_RESUME","GSM8500536_Cap.area3_DLBCL_V1","stromal_fibrotic","Stromal / fibrotic program",701,800,100,100,2200,2200,23671505,23671604,"${DLBCL_PROJECT_ROOT}/revision_2026_reviewer_response/06p_wp3_matched_null_and_depth_sensitivity/01_execution_scripts/05_06p_partitioned_membership_resume.R","c26643ea7c59428bd516cbe93006168c13bdff590940977ef2318f8df7bc9e85","${DLBCL_PROJECT_ROOT}/revision_2026_reviewer_response/06p_wp3_matched_null_and_depth_sensitivity/01_execution_outputs/matched_null/membership_parts/generated/GSM8500536_Cap.area3_DLBCL_V1__stromal_fibrotic__r0701-r0800.csv",345690,"62ec86e34c6ddc2f84068bc1569a381dc20e1c3c9636f62d42a6a68e99d3672f","PASS","2026-08-05T18:24:39+0800",FALSE,"Create-once controlled-resume partition using frozen composite keys and seeds"
"GENERATED__gsm8500536_cap_area3_dlbcl_v1__stromal_fibrotic__r0801-r0900","GENERATED_BY_CONTROLLED_RESUME","GSM8500536_Cap.area3_DLBCL_V1","stromal_fibrotic","Stromal / fibrotic program",801,900,100,100,2200,2200,23671605,23671704,"${DLBCL_PROJECT_ROOT}/revision_2026_reviewer_response/06p_wp3_matched_null_and_depth_sensitivity/01_execution_scripts/05_06p_partitioned_membership_resume.R","c26643ea7c59428bd516cbe93006168c13bdff590940977ef2318f8df7bc9e85","${DLBCL_PROJECT_ROOT}/revision_2026_reviewer_response/06p_wp3_matched_null_and_depth_sensitivity/01_execution_outputs/matched_null/membership_parts/generated/GSM8500536_Cap.area3_DLBCL_V1__stromal_fibrotic__r0801-r0900.csv",345781,"76045ffb86af81e48aa8cd40e4328ef573ca7d51faf8cb280c74fdef07a0f0c9","PASS","2026-08-05T18:24:40+0800",FALSE,"Create-once controlled-resume partition using frozen composite keys and seeds"
"GENERATED__gsm8500536_cap_area3_dlbcl_v1__stromal_fibrotic__r0901-r1000","GENERATED_BY_CONTROLLED_RESUME","GSM8500536_Cap.area3_DLBCL_V1","stromal_fibrotic","Stromal / fibrotic program",901,1000,100,100,2200,2200,23671705,23671804,"${DLBCL_PROJECT_ROOT}/revision_2026_reviewer_response/06p_wp3_matched_null_and_depth_sensitivity/01_execution_scripts/05_06p_partitioned_membership_resume.R","c26643ea7c59428bd516cbe93006168c13bdff590940977ef2318f8df7bc9e85","${DLBCL_PROJECT_ROOT}/revision_2026_reviewer_response/06p_wp3_matched_null_and_depth_sensitivity/01_execution_outputs/matched_null/membership_parts/generated/GSM8500536_Cap.area3_DLBCL_V1__stromal_fibrotic__r0901-r1000.csv",345889,"464f7387c1c4bd74ca6f6035fbbdf3887cf893a69fa7da333293b9e3a9516f7f","PASS","2026-08-05T18:24:40+0800",FALSE,"Create-once controlled-resume partition using frozen composite keys and seeds"
"GENERATED__gsm8500536_cap_area3_dlbcl_v1__immune_cold_exclusion__r0001-r0100","GENERATED_BY_CONTROLLED_RESUME","GSM8500536_Cap.area3_DLBCL_V1","immune_cold_exclusion","Immune-cold / exclusion-associated program",1,100,100,100,2100,2100,23770805,23770904,"${DLBCL_PROJECT_ROOT}/revision_2026_reviewer_response/06p_wp3_matched_null_and_depth_sensitivity/01_execution_scripts/05_06p_partitioned_membership_resume.R","c26643ea7c59428bd516cbe93006168c13bdff590940977ef2318f8df7bc9e85","${DLBCL_PROJECT_ROOT}/revision_2026_reviewer_response/06p_wp3_matched_null_and_depth_sensitivity/01_execution_outputs/matched_null/membership_parts/generated/GSM8500536_Cap.area3_DLBCL_V1__immune_cold_exclusion__r0001-r0100.csv",374034,"faefc2b4f3ea329ea1ec6eef950670351faea79a11fe8b3ee2a17f4dbe84a3cf","PASS","2026-08-05T18:24:41+0800",FALSE,"Create-once controlled-resume partition using frozen composite keys and seeds"
"GENERATED__gsm8500536_cap_area3_dlbcl_v1__immune_cold_exclusion__r0101-r0200","GENERATED_BY_CONTROLLED_RESUME","GSM8500536_Cap.area3_DLBCL_V1","immune_cold_exclusion","Immune-cold / exclusion-associated program",101,200,100,100,2100,2100,23770905,23771004,"${DLBCL_PROJECT_ROOT}/revision_2026_reviewer_response/06p_wp3_matched_null_and_depth_sensitivity/01_execution_scripts/05_06p_partitioned_membership_resume.R","c26643ea7c59428bd516cbe93006168c13bdff590940977ef2318f8df7bc9e85","${DLBCL_PROJECT_ROOT}/revision_2026_reviewer_response/06p_wp3_matched_null_and_depth_sensitivity/01_execution_outputs/matched_null/membership_parts/generated/GSM8500536_Cap.area3_DLBCL_V1__immune_cold_exclusion__r0101-r0200.csv",376331,"ca910604ae45fdcfabd33dd0d2d504ff60e5e28d0fbaacabde13cbb943143236","PASS","2026-08-05T18:24:42+0800",FALSE,"Create-once controlled-resume partition using frozen composite keys and seeds"
"GENERATED__gsm8500536_cap_area3_dlbcl_v1__immune_cold_exclusion__r0201-r0300","GENERATED_BY_CONTROLLED_RESUME","GSM8500536_Cap.area3_DLBCL_V1","immune_cold_exclusion","Immune-cold / exclusion-associated program",201,300,100,100,2100,2100,23771005,23771104,"${DLBCL_PROJECT_ROOT}/revision_2026_reviewer_response/06p_wp3_matched_null_and_depth_sensitivity/01_execution_scripts/05_06p_partitioned_membership_resume.R","c26643ea7c59428bd516cbe93006168c13bdff590940977ef2318f8df7bc9e85","${DLBCL_PROJECT_ROOT}/revision_2026_reviewer_response/06p_wp3_matched_null_and_depth_sensitivity/01_execution_outputs/matched_null/membership_parts/generated/GSM8500536_Cap.area3_DLBCL_V1__immune_cold_exclusion__r0201-r0300.csv",376230,"41579d9c939cac0116e134ccf3a4e06c947a4b464fc75ebe9fa0195239a677ba","PASS","2026-08-05T18:24:42+0800",FALSE,"Create-once controlled-resume partition using frozen composite keys and seeds"
"GENERATED__gsm8500536_cap_area3_dlbcl_v1__immune_cold_exclusion__r0301-r0400","GENERATED_BY_CONTROLLED_RESUME","GSM8500536_Cap.area3_DLBCL_V1","immune_cold_exclusion","Immune-cold / exclusion-associated program",301,400,100,100,2100,2100,23771105,23771204,"${DLBCL_PROJECT_ROOT}/revision_2026_reviewer_response/06p_wp3_matched_null_and_depth_sensitivity/01_execution_scripts/05_06p_partitioned_membership_resume.R","c26643ea7c59428bd516cbe93006168c13bdff590940977ef2318f8df7bc9e85","${DLBCL_PROJECT_ROOT}/revision_2026_reviewer_response/06p_wp3_matched_null_and_depth_sensitivity/01_execution_outputs/matched_null/membership_parts/generated/GSM8500536_Cap.area3_DLBCL_V1__immune_cold_exclusion__r0301-r0400.csv",376228,"f6e4337fa685ab13035f825c557116d187dfb3b02ec544c0bf7470822b873e76","PASS","2026-08-05T18:24:43+0800",FALSE,"Create-once controlled-resume partition using frozen composite keys and seeds"
"GENERATED__gsm8500536_cap_area3_dlbcl_v1__immune_cold_exclusion__r0401-r0500","GENERATED_BY_CONTROLLED_RESUME","GSM8500536_Cap.area3_DLBCL_V1","immune_cold_exclusion","Immune-cold / exclusion-associated program",401,500,100,100,2100,2100,23771205,23771304,"${DLBCL_PROJECT_ROOT}/revision_2026_reviewer_response/06p_wp3_matched_null_and_depth_sensitivity/01_execution_scripts/05_06p_partitioned_membership_resume.R","c26643ea7c59428bd516cbe93006168c13bdff590940977ef2318f8df7bc9e85","${DLBCL_PROJECT_ROOT}/revision_2026_reviewer_response/06p_wp3_matched_null_and_depth_sensitivity/01_execution_outputs/matched_null/membership_parts/generated/GSM8500536_Cap.area3_DLBCL_V1__immune_cold_exclusion__r0401-r0500.csv",376260,"50975fa14be2db09eb0ec8ffb049e20aa3cbc41e76cbe9fa01c71e413a467936","PASS","2026-08-05T18:24:44+0800",FALSE,"Create-once controlled-resume partition using frozen composite keys and seeds"
"GENERATED__gsm8500536_cap_area3_dlbcl_v1__immune_cold_exclusion__r0501-r0600","GENERATED_BY_CONTROLLED_RESUME","GSM8500536_Cap.area3_DLBCL_V1","immune_cold_exclusion","Immune-cold / exclusion-associated program",501,600,100,100,2100,2100,23771305,23771404,"${DLBCL_PROJECT_ROOT}/revision_2026_reviewer_response/06p_wp3_matched_null_and_depth_sensitivity/01_execution_scripts/05_06p_partitioned_membership_resume.R","c26643ea7c59428bd516cbe93006168c13bdff590940977ef2318f8df7bc9e85","${DLBCL_PROJECT_ROOT}/revision_2026_reviewer_response/06p_wp3_matched_null_and_depth_sensitivity/01_execution_outputs/matched_null/membership_parts/generated/GSM8500536_Cap.area3_DLBCL_V1__immune_cold_exclusion__r0501-r0600.csv",376183,"735986698bf6a236669b8c7fe6f8fbbb8159fbb33182016c4306f718c79c15fb","PASS","2026-08-05T18:24:44+0800",FALSE,"Create-once controlled-resume partition using frozen composite keys and seeds"
"GENERATED__gsm8500536_cap_area3_dlbcl_v1__immune_cold_exclusion__r0601-r0700","GENERATED_BY_CONTROLLED_RESUME","GSM8500536_Cap.area3_DLBCL_V1","immune_cold_exclusion","Immune-cold / exclusion-associated program",601,700,100,100,2100,2100,23771405,23771504,"${DLBCL_PROJECT_ROOT}/revision_2026_reviewer_response/06p_wp3_matched_null_and_depth_sensitivity/01_execution_scripts/05_06p_partitioned_membership_resume.R","c26643ea7c59428bd516cbe93006168c13bdff590940977ef2318f8df7bc9e85","${DLBCL_PROJECT_ROOT}/revision_2026_reviewer_response/06p_wp3_matched_null_and_depth_sensitivity/01_execution_outputs/matched_null/membership_parts/generated/GSM8500536_Cap.area3_DLBCL_V1__immune_cold_exclusion__r0601-r0700.csv",376257,"58aaf13552c5d0450b8e6c3371a324c69c025aab0dc70f5a8706952ffc5c274b","PASS","2026-08-05T18:24:45+0800",FALSE,"Create-once controlled-resume partition using frozen composite keys and seeds"
"GENERATED__gsm8500536_cap_area3_dlbcl_v1__immune_cold_exclusion__r0701-r0800","GENERATED_BY_CONTROLLED_RESUME","GSM8500536_Cap.area3_DLBCL_V1","immune_cold_exclusion","Immune-cold / exclusion-associated program",701,800,100,100,2100,2100,23771505,23771604,"${DLBCL_PROJECT_ROOT}/revision_2026_reviewer_response/06p_wp3_matched_null_and_depth_sensitivity/01_execution_scripts/05_06p_partitioned_membership_resume.R","c26643ea7c59428bd516cbe93006168c13bdff590940977ef2318f8df7bc9e85","${DLBCL_PROJECT_ROOT}/revision_2026_reviewer_response/06p_wp3_matched_null_and_depth_sensitivity/01_execution_outputs/matched_null/membership_parts/generated/GSM8500536_Cap.area3_DLBCL_V1__immune_cold_exclusion__r0701-r0800.csv",376248,"18354fca16fcb677fb3b924c3398cc15c4e199c76995793f48de3f74d0a6dd0c","PASS","2026-08-05T18:24:46+0800",FALSE,"Create-once controlled-resume partition using frozen composite keys and seeds"
"GENERATED__gsm8500536_cap_area3_dlbcl_v1__immune_cold_exclusion__r0801-r0900","GENERATED_BY_CONTROLLED_RESUME","GSM8500536_Cap.area3_DLBCL_V1","immune_cold_exclusion","Immune-cold / exclusion-associated program",801,900,100,100,2100,2100,23771605,23771704,"${DLBCL_PROJECT_ROOT}/revision_2026_reviewer_response/06p_wp3_matched_null_and_depth_sensitivity/01_execution_scripts/05_06p_partitioned_membership_resume.R","c26643ea7c59428bd516cbe93006168c13bdff590940977ef2318f8df7bc9e85","${DLBCL_PROJECT_ROOT}/revision_2026_reviewer_response/06p_wp3_matched_null_and_depth_sensitivity/01_execution_outputs/matched_null/membership_parts/generated/GSM8500536_Cap.area3_DLBCL_V1__immune_cold_exclusion__r0801-r0900.csv",376192,"06549c8b4c63274d40138b508cc44b3ee41cd1b27722fcccc89a1aff2ca7c4bf","PASS","2026-08-05T18:24:46+0800",FALSE,"Create-once controlled-resume partition using frozen composite keys and seeds"
"GENERATED__gsm8500536_cap_area3_dlbcl_v1__immune_cold_exclusion__r0901-r1000","GENERATED_BY_CONTROLLED_RESUME","GSM8500536_Cap.area3_DLBCL_V1","immune_cold_exclusion","Immune-cold / exclusion-associated program",901,1000,100,100,2100,2100,23771705,23771804,"${DLBCL_PROJECT_ROOT}/revision_2026_reviewer_response/06p_wp3_matched_null_and_depth_sensitivity/01_execution_scripts/05_06p_partitioned_membership_resume.R","c26643ea7c59428bd516cbe93006168c13bdff590940977ef2318f8df7bc9e85","${DLBCL_PROJECT_ROOT}/revision_2026_reviewer_response/06p_wp3_matched_null_and_depth_sensitivity/01_execution_outputs/matched_null/membership_parts/generated/GSM8500536_Cap.area3_DLBCL_V1__immune_cold_exclusion__r0901-r1000.csv",376297,"8ed5353bd3c8f30a3a72d6414f007c3882b78940f48d665876d05d344732c323","PASS","2026-08-05T18:24:47+0800",FALSE,"Create-once controlled-resume partition using frozen composite keys and seeds"
"GENERATED__gsm8500536_cap_area3_dlbcl_v1__proliferative_cycling__r0001-r0100","GENERATED_BY_CONTROLLED_RESUME","GSM8500536_Cap.area3_DLBCL_V1","proliferative_cycling","Proliferative / cycling program",1,100,100,100,2100,2100,23870805,23870904,"${DLBCL_PROJECT_ROOT}/revision_2026_reviewer_response/06p_wp3_matched_null_and_depth_sensitivity/01_execution_scripts/05_06p_partitioned_membership_resume.R","c26643ea7c59428bd516cbe93006168c13bdff590940977ef2318f8df7bc9e85","${DLBCL_PROJECT_ROOT}/revision_2026_reviewer_response/06p_wp3_matched_null_and_depth_sensitivity/01_execution_outputs/matched_null/membership_parts/generated/GSM8500536_Cap.area3_DLBCL_V1__proliferative_cycling__r0001-r0100.csv",350155,"de19d822d62f2509297df00b25c73237c0e6c00051b70c08367ef7f994103f0d","PASS","2026-08-05T18:24:47+0800",FALSE,"Create-once controlled-resume partition using frozen composite keys and seeds"
"GENERATED__gsm8500536_cap_area3_dlbcl_v1__proliferative_cycling__r0101-r0200","GENERATED_BY_CONTROLLED_RESUME","GSM8500536_Cap.area3_DLBCL_V1","proliferative_cycling","Proliferative / cycling program",101,200,100,100,2100,2100,23870905,23871004,"${DLBCL_PROJECT_ROOT}/revision_2026_reviewer_response/06p_wp3_matched_null_and_depth_sensitivity/01_execution_scripts/05_06p_partitioned_membership_resume.R","c26643ea7c59428bd516cbe93006168c13bdff590940977ef2318f8df7bc9e85","${DLBCL_PROJECT_ROOT}/revision_2026_reviewer_response/06p_wp3_matched_null_and_depth_sensitivity/01_execution_outputs/matched_null/membership_parts/generated/GSM8500536_Cap.area3_DLBCL_V1__proliferative_cycling__r0101-r0200.csv",352321,"7052902a0a9ed7a601a8280910aa6789ba3267088de1b7b6728108b1126c0386","PASS","2026-08-05T18:24:48+0800",FALSE,"Create-once controlled-resume partition using frozen composite keys and seeds"
"GENERATED__gsm8500536_cap_area3_dlbcl_v1__proliferative_cycling__r0201-r0300","GENERATED_BY_CONTROLLED_RESUME","GSM8500536_Cap.area3_DLBCL_V1","proliferative_cycling","Proliferative / cycling program",201,300,100,100,2100,2100,23871005,23871104,"${DLBCL_PROJECT_ROOT}/revision_2026_reviewer_response/06p_wp3_matched_null_and_depth_sensitivity/01_execution_scripts/05_06p_partitioned_membership_resume.R","c26643ea7c59428bd516cbe93006168c13bdff590940977ef2318f8df7bc9e85","${DLBCL_PROJECT_ROOT}/revision_2026_reviewer_response/06p_wp3_matched_null_and_depth_sensitivity/01_execution_outputs/matched_null/membership_parts/generated/GSM8500536_Cap.area3_DLBCL_V1__proliferative_cycling__r0201-r0300.csv",352391,"d5b29ca8040b11a84aa401dc54ad3f1402c60ae295e34e24a7cf9436dbe1be50","PASS","2026-08-05T18:24:49+0800",FALSE,"Create-once controlled-resume partition using frozen composite keys and seeds"
"GENERATED__gsm8500536_cap_area3_dlbcl_v1__proliferative_cycling__r0301-r0400","GENERATED_BY_CONTROLLED_RESUME","GSM8500536_Cap.area3_DLBCL_V1","proliferative_cycling","Proliferative / cycling program",301,400,100,100,2100,2100,23871105,23871204,"${DLBCL_PROJECT_ROOT}/revision_2026_reviewer_response/06p_wp3_matched_null_and_depth_sensitivity/01_execution_scripts/05_06p_partitioned_membership_resume.R","c26643ea7c59428bd516cbe93006168c13bdff590940977ef2318f8df7bc9e85","${DLBCL_PROJECT_ROOT}/revision_2026_reviewer_response/06p_wp3_matched_null_and_depth_sensitivity/01_execution_outputs/matched_null/membership_parts/generated/GSM8500536_Cap.area3_DLBCL_V1__proliferative_cycling__r0301-r0400.csv",352418,"a069685357fd73cf66c6f54366bb13e07074200f2022e18d6a5cedfe058020b6","PASS","2026-08-05T18:24:49+0800",FALSE,"Create-once controlled-resume partition using frozen composite keys and seeds"
"GENERATED__gsm8500536_cap_area3_dlbcl_v1__proliferative_cycling__r0401-r0500","GENERATED_BY_CONTROLLED_RESUME","GSM8500536_Cap.area3_DLBCL_V1","proliferative_cycling","Proliferative / cycling program",401,500,100,100,2100,2100,23871205,23871304,"${DLBCL_PROJECT_ROOT}/revision_2026_reviewer_response/06p_wp3_matched_null_and_depth_sensitivity/01_execution_scripts/05_06p_partitioned_membership_resume.R","c26643ea7c59428bd516cbe93006168c13bdff590940977ef2318f8df7bc9e85","${DLBCL_PROJECT_ROOT}/revision_2026_reviewer_response/06p_wp3_matched_null_and_depth_sensitivity/01_execution_outputs/matched_null/membership_parts/generated/GSM8500536_Cap.area3_DLBCL_V1__proliferative_cycling__r0401-r0500.csv",352366,"eea14ef80666ff7289c19fd984858cd6a2eabc0186f8d0c541840f0a4de6b0ed","PASS","2026-08-05T18:24:50+0800",FALSE,"Create-once controlled-resume partition using frozen composite keys and seeds"
"GENERATED__gsm8500536_cap_area3_dlbcl_v1__proliferative_cycling__r0501-r0600","GENERATED_BY_CONTROLLED_RESUME","GSM8500536_Cap.area3_DLBCL_V1","proliferative_cycling","Proliferative / cycling program",501,600,100,100,2100,2100,23871305,23871404,"${DLBCL_PROJECT_ROOT}/revision_2026_reviewer_response/06p_wp3_matched_null_and_depth_sensitivity/01_execution_scripts/05_06p_partitioned_membership_resume.R","c26643ea7c59428bd516cbe93006168c13bdff590940977ef2318f8df7bc9e85","${DLBCL_PROJECT_ROOT}/revision_2026_reviewer_response/06p_wp3_matched_null_and_depth_sensitivity/01_execution_outputs/matched_null/membership_parts/generated/GSM8500536_Cap.area3_DLBCL_V1__proliferative_cycling__r0501-r0600.csv",352446,"45e54ff36f944771219acb6bc80012dfb19ddb68597fb5701c1366469d3cc9ef","PASS","2026-08-05T18:24:51+0800",FALSE,"Create-once controlled-resume partition using frozen composite keys and seeds"
"GENERATED__gsm8500536_cap_area3_dlbcl_v1__proliferative_cycling__r0601-r0700","GENERATED_BY_CONTROLLED_RESUME","GSM8500536_Cap.area3_DLBCL_V1","proliferative_cycling","Proliferative / cycling program",601,700,100,100,2100,2100,23871405,23871504,"${DLBCL_PROJECT_ROOT}/revision_2026_reviewer_response/06p_wp3_matched_null_and_depth_sensitivity/01_execution_scripts/05_06p_partitioned_membership_resume.R","c26643ea7c59428bd516cbe93006168c13bdff590940977ef2318f8df7bc9e85","${DLBCL_PROJECT_ROOT}/revision_2026_reviewer_response/06p_wp3_matched_null_and_depth_sensitivity/01_execution_outputs/matched_null/membership_parts/generated/GSM8500536_Cap.area3_DLBCL_V1__proliferative_cycling__r0601-r0700.csv",352403,"1ddde3172470a5f8a8e2758f6f434f55f9cebdfcc79033ea492bfb6d22f46db3","PASS","2026-08-05T18:24:51+0800",FALSE,"Create-once controlled-resume partition using frozen composite keys and seeds"
"GENERATED__gsm8500536_cap_area3_dlbcl_v1__proliferative_cycling__r0701-r0800","GENERATED_BY_CONTROLLED_RESUME","GSM8500536_Cap.area3_DLBCL_V1","proliferative_cycling","Proliferative / cycling program",701,800,100,100,2100,2100,23871505,23871604,"${DLBCL_PROJECT_ROOT}/revision_2026_reviewer_response/06p_wp3_matched_null_and_depth_sensitivity/01_execution_scripts/05_06p_partitioned_membership_resume.R","c26643ea7c59428bd516cbe93006168c13bdff590940977ef2318f8df7bc9e85","${DLBCL_PROJECT_ROOT}/revision_2026_reviewer_response/06p_wp3_matched_null_and_depth_sensitivity/01_execution_outputs/matched_null/membership_parts/generated/GSM8500536_Cap.area3_DLBCL_V1__proliferative_cycling__r0701-r0800.csv",352381,"109c4e7373c54ea4dcb983903a01b9217d98511b3d0dab885c6be67e48b804df","PASS","2026-08-05T18:24:52+0800",FALSE,"Create-once controlled-resume partition using frozen composite keys and seeds"
"GENERATED__gsm8500536_cap_area3_dlbcl_v1__proliferative_cycling__r0801-r0900","GENERATED_BY_CONTROLLED_RESUME","GSM8500536_Cap.area3_DLBCL_V1","proliferative_cycling","Proliferative / cycling program",801,900,100,100,2100,2100,23871605,23871704,"${DLBCL_PROJECT_ROOT}/revision_2026_reviewer_response/06p_wp3_matched_null_and_depth_sensitivity/01_execution_scripts/05_06p_partitioned_membership_resume.R","c26643ea7c59428bd516cbe93006168c13bdff590940977ef2318f8df7bc9e85","${DLBCL_PROJECT_ROOT}/revision_2026_reviewer_response/06p_wp3_matched_null_and_depth_sensitivity/01_execution_outputs/matched_null/membership_parts/generated/GSM8500536_Cap.area3_DLBCL_V1__proliferative_cycling__r0801-r0900.csv",352426,"09e73ee2be9c9230622afc9b7b8f4f1e08e886b2e96a950debb4e8c320ba6744","PASS","2026-08-05T18:24:52+0800",FALSE,"Create-once controlled-resume partition using frozen composite keys and seeds"
"GENERATED__gsm8500536_cap_area3_dlbcl_v1__proliferative_cycling__r0901-r1000","GENERATED_BY_CONTROLLED_RESUME","GSM8500536_Cap.area3_DLBCL_V1","proliferative_cycling","Proliferative / cycling program",901,1000,100,100,2100,2100,23871705,23871804,"${DLBCL_PROJECT_ROOT}/revision_2026_reviewer_response/06p_wp3_matched_null_and_depth_sensitivity/01_execution_scripts/05_06p_partitioned_membership_resume.R","c26643ea7c59428bd516cbe93006168c13bdff590940977ef2318f8df7bc9e85","${DLBCL_PROJECT_ROOT}/revision_2026_reviewer_response/06p_wp3_matched_null_and_depth_sensitivity/01_execution_outputs/matched_null/membership_parts/generated/GSM8500536_Cap.area3_DLBCL_V1__proliferative_cycling__r0901-r1000.csv",352598,"826e28bbd295f7411e60615a2da0a8f8a9ede144fb5fda3bb9fef12fa934a682","PASS","2026-08-05T18:24:53+0800",FALSE,"Create-once controlled-resume partition using frozen composite keys and seeds"
"GENERATED__gsm8500537_cap_area4_dlbcl_v2__macrophage_rich__r0001-r0100","GENERATED_BY_CONTROLLED_RESUME","GSM8500537_Cap.area4_DLBCL_V2","macrophage_rich","Macrophage-rich program",1,100,100,100,2200,2200,24370805,24370904,"${DLBCL_PROJECT_ROOT}/revision_2026_reviewer_response/06p_wp3_matched_null_and_depth_sensitivity/01_execution_scripts/05_06p_partitioned_membership_resume.R","c26643ea7c59428bd516cbe93006168c13bdff590940977ef2318f8df7bc9e85","${DLBCL_PROJECT_ROOT}/revision_2026_reviewer_response/06p_wp3_matched_null_and_depth_sensitivity/01_execution_outputs/matched_null/membership_parts/generated/GSM8500537_Cap.area4_DLBCL_V2__macrophage_rich__r0001-r0100.csv",334860,"f85dcf966f3608985e90041222e241f3d1b6a7150d2b6fc8ba72f9cb5549cfd1","PASS","2026-08-05T18:24:54+0800",FALSE,"Create-once controlled-resume partition using frozen composite keys and seeds"
"GENERATED__gsm8500537_cap_area4_dlbcl_v2__macrophage_rich__r0101-r0200","GENERATED_BY_CONTROLLED_RESUME","GSM8500537_Cap.area4_DLBCL_V2","macrophage_rich","Macrophage-rich program",101,200,100,100,2200,2200,24370905,24371004,"${DLBCL_PROJECT_ROOT}/revision_2026_reviewer_response/06p_wp3_matched_null_and_depth_sensitivity/01_execution_scripts/05_06p_partitioned_membership_resume.R","c26643ea7c59428bd516cbe93006168c13bdff590940977ef2318f8df7bc9e85","${DLBCL_PROJECT_ROOT}/revision_2026_reviewer_response/06p_wp3_matched_null_and_depth_sensitivity/01_execution_outputs/matched_null/membership_parts/generated/GSM8500537_Cap.area4_DLBCL_V2__macrophage_rich__r0101-r0200.csv",337351,"08ce1c819818cfafc1b051f60b9af89a84faa0ed693bc121de44985a58b09640","PASS","2026-08-05T18:24:55+0800",FALSE,"Create-once controlled-resume partition using frozen composite keys and seeds"
"GENERATED__gsm8500537_cap_area4_dlbcl_v2__macrophage_rich__r0201-r0300","GENERATED_BY_CONTROLLED_RESUME","GSM8500537_Cap.area4_DLBCL_V2","macrophage_rich","Macrophage-rich program",201,300,100,100,2200,2200,24371005,24371104,"${DLBCL_PROJECT_ROOT}/revision_2026_reviewer_response/06p_wp3_matched_null_and_depth_sensitivity/01_execution_scripts/05_06p_partitioned_membership_resume.R","c26643ea7c59428bd516cbe93006168c13bdff590940977ef2318f8df7bc9e85","${DLBCL_PROJECT_ROOT}/revision_2026_reviewer_response/06p_wp3_matched_null_and_depth_sensitivity/01_execution_outputs/matched_null/membership_parts/generated/GSM8500537_Cap.area4_DLBCL_V2__macrophage_rich__r0201-r0300.csv",337319,"281d24bd8831f85cf740920eada8799188705e56790ca631ed11925f552c097c","PASS","2026-08-05T18:24:55+0800",FALSE,"Create-once controlled-resume partition using frozen composite keys and seeds"
"GENERATED__gsm8500537_cap_area4_dlbcl_v2__macrophage_rich__r0301-r0400","GENERATED_BY_CONTROLLED_RESUME","GSM8500537_Cap.area4_DLBCL_V2","macrophage_rich","Macrophage-rich program",301,400,100,100,2200,2200,24371105,24371204,"${DLBCL_PROJECT_ROOT}/revision_2026_reviewer_response/06p_wp3_matched_null_and_depth_sensitivity/01_execution_scripts/05_06p_partitioned_membership_resume.R","c26643ea7c59428bd516cbe93006168c13bdff590940977ef2318f8df7bc9e85","${DLBCL_PROJECT_ROOT}/revision_2026_reviewer_response/06p_wp3_matched_null_and_depth_sensitivity/01_execution_outputs/matched_null/membership_parts/generated/GSM8500537_Cap.area4_DLBCL_V2__macrophage_rich__r0301-r0400.csv",337212,"da1e331cbd8295da988623aa974fee3370d49aa3a65b9fae687a5b920fe04d61","PASS","2026-08-05T18:24:56+0800",FALSE,"Create-once controlled-resume partition using frozen composite keys and seeds"
"GENERATED__gsm8500537_cap_area4_dlbcl_v2__macrophage_rich__r0401-r0500","GENERATED_BY_CONTROLLED_RESUME","GSM8500537_Cap.area4_DLBCL_V2","macrophage_rich","Macrophage-rich program",401,500,100,100,2200,2200,24371205,24371304,"${DLBCL_PROJECT_ROOT}/revision_2026_reviewer_response/06p_wp3_matched_null_and_depth_sensitivity/01_execution_scripts/05_06p_partitioned_membership_resume.R","c26643ea7c59428bd516cbe93006168c13bdff590940977ef2318f8df7bc9e85","${DLBCL_PROJECT_ROOT}/revision_2026_reviewer_response/06p_wp3_matched_null_and_depth_sensitivity/01_execution_outputs/matched_null/membership_parts/generated/GSM8500537_Cap.area4_DLBCL_V2__macrophage_rich__r0401-r0500.csv",337189,"f322895b12e97519d3483786f0a83b8445f0f693e19df9ced892e907f624a919","PASS","2026-08-05T18:24:57+0800",FALSE,"Create-once controlled-resume partition using frozen composite keys and seeds"
"GENERATED__gsm8500537_cap_area4_dlbcl_v2__macrophage_rich__r0501-r0600","GENERATED_BY_CONTROLLED_RESUME","GSM8500537_Cap.area4_DLBCL_V2","macrophage_rich","Macrophage-rich program",501,600,100,100,2200,2200,24371305,24371404,"${DLBCL_PROJECT_ROOT}/revision_2026_reviewer_response/06p_wp3_matched_null_and_depth_sensitivity/01_execution_scripts/05_06p_partitioned_membership_resume.R","c26643ea7c59428bd516cbe93006168c13bdff590940977ef2318f8df7bc9e85","${DLBCL_PROJECT_ROOT}/revision_2026_reviewer_response/06p_wp3_matched_null_and_depth_sensitivity/01_execution_outputs/matched_null/membership_parts/generated/GSM8500537_Cap.area4_DLBCL_V2__macrophage_rich__r0501-r0600.csv",337245,"5c66eafa02dc819436868c371d8a38013687e13fa06c406382ef1b7c6e226b2c","PASS","2026-08-05T18:24:57+0800",FALSE,"Create-once controlled-resume partition using frozen composite keys and seeds"
"GENERATED__gsm8500537_cap_area4_dlbcl_v2__macrophage_rich__r0601-r0700","GENERATED_BY_CONTROLLED_RESUME","GSM8500537_Cap.area4_DLBCL_V2","macrophage_rich","Macrophage-rich program",601,700,100,100,2200,2200,24371405,24371504,"${DLBCL_PROJECT_ROOT}/revision_2026_reviewer_response/06p_wp3_matched_null_and_depth_sensitivity/01_execution_scripts/05_06p_partitioned_membership_resume.R","c26643ea7c59428bd516cbe93006168c13bdff590940977ef2318f8df7bc9e85","${DLBCL_PROJECT_ROOT}/revision_2026_reviewer_response/06p_wp3_matched_null_and_depth_sensitivity/01_execution_outputs/matched_null/membership_parts/generated/GSM8500537_Cap.area4_DLBCL_V2__macrophage_rich__r0601-r0700.csv",337281,"eeddbf191bec9d1b7fa0883697d1e822729d33c6652aa779527297bafaec3da6","PASS","2026-08-05T18:24:58+0800",FALSE,"Create-once controlled-resume partition using frozen composite keys and seeds"
"GENERATED__gsm8500537_cap_area4_dlbcl_v2__macrophage_rich__r0701-r0800","GENERATED_BY_CONTROLLED_RESUME","GSM8500537_Cap.area4_DLBCL_V2","macrophage_rich","Macrophage-rich program",701,800,100,100,2200,2200,24371505,24371604,"${DLBCL_PROJECT_ROOT}/revision_2026_reviewer_response/06p_wp3_matched_null_and_depth_sensitivity/01_execution_scripts/05_06p_partitioned_membership_resume.R","c26643ea7c59428bd516cbe93006168c13bdff590940977ef2318f8df7bc9e85","${DLBCL_PROJECT_ROOT}/revision_2026_reviewer_response/06p_wp3_matched_null_and_depth_sensitivity/01_execution_outputs/matched_null/membership_parts/generated/GSM8500537_Cap.area4_DLBCL_V2__macrophage_rich__r0701-r0800.csv",337290,"2952e5ce44e3a94799f035d20ca50c4baab467e4c055250430b6181516fcf4fc","PASS","2026-08-05T18:24:59+0800",FALSE,"Create-once controlled-resume partition using frozen composite keys and seeds"
"GENERATED__gsm8500537_cap_area4_dlbcl_v2__macrophage_rich__r0801-r0900","GENERATED_BY_CONTROLLED_RESUME","GSM8500537_Cap.area4_DLBCL_V2","macrophage_rich","Macrophage-rich program",801,900,100,100,2200,2200,24371605,24371704,"${DLBCL_PROJECT_ROOT}/revision_2026_reviewer_response/06p_wp3_matched_null_and_depth_sensitivity/01_execution_scripts/05_06p_partitioned_membership_resume.R","c26643ea7c59428bd516cbe93006168c13bdff590940977ef2318f8df7bc9e85","${DLBCL_PROJECT_ROOT}/revision_2026_reviewer_response/06p_wp3_matched_null_and_depth_sensitivity/01_execution_outputs/matched_null/membership_parts/generated/GSM8500537_Cap.area4_DLBCL_V2__macrophage_rich__r0801-r0900.csv",337245,"b66abd73ecfdcb43b70f89425a65e86d03b8961ebae8b74eec3fdc2aef7d1050","PASS","2026-08-05T18:24:59+0800",FALSE,"Create-once controlled-resume partition using frozen composite keys and seeds"
"GENERATED__gsm8500537_cap_area4_dlbcl_v2__macrophage_rich__r0901-r1000","GENERATED_BY_CONTROLLED_RESUME","GSM8500537_Cap.area4_DLBCL_V2","macrophage_rich","Macrophage-rich program",901,1000,100,100,2200,2200,24371705,24371804,"${DLBCL_PROJECT_ROOT}/revision_2026_reviewer_response/06p_wp3_matched_null_and_depth_sensitivity/01_execution_scripts/05_06p_partitioned_membership_resume.R","c26643ea7c59428bd516cbe93006168c13bdff590940977ef2318f8df7bc9e85","${DLBCL_PROJECT_ROOT}/revision_2026_reviewer_response/06p_wp3_matched_null_and_depth_sensitivity/01_execution_outputs/matched_null/membership_parts/generated/GSM8500537_Cap.area4_DLBCL_V2__macrophage_rich__r0901-r1000.csv",337353,"4b2406a2690f9aef0e4efcccc9e57c707ece1848d68f69d79349c3d0052f6418","PASS","2026-08-05T18:25:00+0800",FALSE,"Create-once controlled-resume partition using frozen composite keys and seeds"
"GENERATED__gsm8500537_cap_area4_dlbcl_v2__t_cell_inflamed__r0001-r0100","GENERATED_BY_CONTROLLED_RESUME","GSM8500537_Cap.area4_DLBCL_V2","t_cell_inflamed","T cell-inflamed program",1,100,100,100,2100,2100,24470805,24470904,"${DLBCL_PROJECT_ROOT}/revision_2026_reviewer_response/06p_wp3_matched_null_and_depth_sensitivity/01_execution_scripts/05_06p_partitioned_membership_resume.R","c26643ea7c59428bd516cbe93006168c13bdff590940977ef2318f8df7bc9e85","${DLBCL_PROJECT_ROOT}/revision_2026_reviewer_response/06p_wp3_matched_null_and_depth_sensitivity/01_execution_outputs/matched_null/membership_parts/generated/GSM8500537_Cap.area4_DLBCL_V2__t_cell_inflamed__r0001-r0100.csv",319397,"26b6777e35a51fca52929107b8678f38e4e9b39c8a496b12e3cba845fc77bf64","PASS","2026-08-05T18:25:01+0800",FALSE,"Create-once controlled-resume partition using frozen composite keys and seeds"
"GENERATED__gsm8500537_cap_area4_dlbcl_v2__t_cell_inflamed__r0101-r0200","GENERATED_BY_CONTROLLED_RESUME","GSM8500537_Cap.area4_DLBCL_V2","t_cell_inflamed","T cell-inflamed program",101,200,100,100,2100,2100,24470905,24471004,"${DLBCL_PROJECT_ROOT}/revision_2026_reviewer_response/06p_wp3_matched_null_and_depth_sensitivity/01_execution_scripts/05_06p_partitioned_membership_resume.R","c26643ea7c59428bd516cbe93006168c13bdff590940977ef2318f8df7bc9e85","${DLBCL_PROJECT_ROOT}/revision_2026_reviewer_response/06p_wp3_matched_null_and_depth_sensitivity/01_execution_outputs/matched_null/membership_parts/generated/GSM8500537_Cap.area4_DLBCL_V2__t_cell_inflamed__r0101-r0200.csv",321597,"336956ce6bc1bf1f7379ec072ccd5f2217cf0c2ad09de6e8856b4ee6d4bfd7c5","PASS","2026-08-05T18:25:01+0800",FALSE,"Create-once controlled-resume partition using frozen composite keys and seeds"
"GENERATED__gsm8500537_cap_area4_dlbcl_v2__t_cell_inflamed__r0201-r0300","GENERATED_BY_CONTROLLED_RESUME","GSM8500537_Cap.area4_DLBCL_V2","t_cell_inflamed","T cell-inflamed program",201,300,100,100,2100,2100,24471005,24471104,"${DLBCL_PROJECT_ROOT}/revision_2026_reviewer_response/06p_wp3_matched_null_and_depth_sensitivity/01_execution_scripts/05_06p_partitioned_membership_resume.R","c26643ea7c59428bd516cbe93006168c13bdff590940977ef2318f8df7bc9e85","${DLBCL_PROJECT_ROOT}/revision_2026_reviewer_response/06p_wp3_matched_null_and_depth_sensitivity/01_execution_outputs/matched_null/membership_parts/generated/GSM8500537_Cap.area4_DLBCL_V2__t_cell_inflamed__r0201-r0300.csv",321672,"fdc02bd573132cfc799150a27e61aeb62fde3d9c2ce5d63ab8618c072ae64989","PASS","2026-08-05T18:25:02+0800",FALSE,"Create-once controlled-resume partition using frozen composite keys and seeds"
"GENERATED__gsm8500537_cap_area4_dlbcl_v2__t_cell_inflamed__r0301-r0400","GENERATED_BY_CONTROLLED_RESUME","GSM8500537_Cap.area4_DLBCL_V2","t_cell_inflamed","T cell-inflamed program",301,400,100,100,2100,2100,24471105,24471204,"${DLBCL_PROJECT_ROOT}/revision_2026_reviewer_response/06p_wp3_matched_null_and_depth_sensitivity/01_execution_scripts/05_06p_partitioned_membership_resume.R","c26643ea7c59428bd516cbe93006168c13bdff590940977ef2318f8df7bc9e85","${DLBCL_PROJECT_ROOT}/revision_2026_reviewer_response/06p_wp3_matched_null_and_depth_sensitivity/01_execution_outputs/matched_null/membership_parts/generated/GSM8500537_Cap.area4_DLBCL_V2__t_cell_inflamed__r0301-r0400.csv",321552,"26b89534f845dbe7f7c7e7ee52e773a28786af5205978efe76fe284d359af5ce","PASS","2026-08-05T18:25:03+0800",FALSE,"Create-once controlled-resume partition using frozen composite keys and seeds"
"GENERATED__gsm8500537_cap_area4_dlbcl_v2__t_cell_inflamed__r0401-r0500","GENERATED_BY_CONTROLLED_RESUME","GSM8500537_Cap.area4_DLBCL_V2","t_cell_inflamed","T cell-inflamed program",401,500,100,100,2100,2100,24471205,24471304,"${DLBCL_PROJECT_ROOT}/revision_2026_reviewer_response/06p_wp3_matched_null_and_depth_sensitivity/01_execution_scripts/05_06p_partitioned_membership_resume.R","c26643ea7c59428bd516cbe93006168c13bdff590940977ef2318f8df7bc9e85","${DLBCL_PROJECT_ROOT}/revision_2026_reviewer_response/06p_wp3_matched_null_and_depth_sensitivity/01_execution_outputs/matched_null/membership_parts/generated/GSM8500537_Cap.area4_DLBCL_V2__t_cell_inflamed__r0401-r0500.csv",321541,"ff76954e9c926a47a60acce84e04eedc667611b0564f403bd10f7088188a4c38","PASS","2026-08-05T18:25:03+0800",FALSE,"Create-once controlled-resume partition using frozen composite keys and seeds"
"GENERATED__gsm8500537_cap_area4_dlbcl_v2__t_cell_inflamed__r0501-r0600","GENERATED_BY_CONTROLLED_RESUME","GSM8500537_Cap.area4_DLBCL_V2","t_cell_inflamed","T cell-inflamed program",501,600,100,100,2100,2100,24471305,24471404,"${DLBCL_PROJECT_ROOT}/revision_2026_reviewer_response/06p_wp3_matched_null_and_depth_sensitivity/01_execution_scripts/05_06p_partitioned_membership_resume.R","c26643ea7c59428bd516cbe93006168c13bdff590940977ef2318f8df7bc9e85","${DLBCL_PROJECT_ROOT}/revision_2026_reviewer_response/06p_wp3_matched_null_and_depth_sensitivity/01_execution_outputs/matched_null/membership_parts/generated/GSM8500537_Cap.area4_DLBCL_V2__t_cell_inflamed__r0501-r0600.csv",321598,"7356b7b8e1ab87ad11f40da2513d5e8bfd816352a9841e6a23ab96cf54328bde","PASS","2026-08-05T18:25:04+0800",FALSE,"Create-once controlled-resume partition using frozen composite keys and seeds"
"GENERATED__gsm8500537_cap_area4_dlbcl_v2__t_cell_inflamed__r0601-r0700","GENERATED_BY_CONTROLLED_RESUME","GSM8500537_Cap.area4_DLBCL_V2","t_cell_inflamed","T cell-inflamed program",601,700,100,100,2100,2100,24471405,24471504,"${DLBCL_PROJECT_ROOT}/revision_2026_reviewer_response/06p_wp3_matched_null_and_depth_sensitivity/01_execution_scripts/05_06p_partitioned_membership_resume.R","c26643ea7c59428bd516cbe93006168c13bdff590940977ef2318f8df7bc9e85","${DLBCL_PROJECT_ROOT}/revision_2026_reviewer_response/06p_wp3_matched_null_and_depth_sensitivity/01_execution_outputs/matched_null/membership_parts/generated/GSM8500537_Cap.area4_DLBCL_V2__t_cell_inflamed__r0601-r0700.csv",321645,"e04a56cfd56023092a1060f4f4ff613cbd040c5b223755865c3c1c9992ac7656","PASS","2026-08-05T18:25:05+0800",FALSE,"Create-once controlled-resume partition using frozen composite keys and seeds"
"GENERATED__gsm8500537_cap_area4_dlbcl_v2__t_cell_inflamed__r0701-r0800","GENERATED_BY_CONTROLLED_RESUME","GSM8500537_Cap.area4_DLBCL_V2","t_cell_inflamed","T cell-inflamed program",701,800,100,100,2100,2100,24471505,24471604,"${DLBCL_PROJECT_ROOT}/revision_2026_reviewer_response/06p_wp3_matched_null_and_depth_sensitivity/01_execution_scripts/05_06p_partitioned_membership_resume.R","c26643ea7c59428bd516cbe93006168c13bdff590940977ef2318f8df7bc9e85","${DLBCL_PROJECT_ROOT}/revision_2026_reviewer_response/06p_wp3_matched_null_and_depth_sensitivity/01_execution_outputs/matched_null/membership_parts/generated/GSM8500537_Cap.area4_DLBCL_V2__t_cell_inflamed__r0701-r0800.csv",321558,"516da62061b79484056bb629a16518513ffcf79beb88706a641050d0b8809f69","PASS","2026-08-05T18:25:05+0800",FALSE,"Create-once controlled-resume partition using frozen composite keys and seeds"
"GENERATED__gsm8500537_cap_area4_dlbcl_v2__t_cell_inflamed__r0801-r0900","GENERATED_BY_CONTROLLED_RESUME","GSM8500537_Cap.area4_DLBCL_V2","t_cell_inflamed","T cell-inflamed program",801,900,100,100,2100,2100,24471605,24471704,"${DLBCL_PROJECT_ROOT}/revision_2026_reviewer_response/06p_wp3_matched_null_and_depth_sensitivity/01_execution_scripts/05_06p_partitioned_membership_resume.R","c26643ea7c59428bd516cbe93006168c13bdff590940977ef2318f8df7bc9e85","${DLBCL_PROJECT_ROOT}/revision_2026_reviewer_response/06p_wp3_matched_null_and_depth_sensitivity/01_execution_outputs/matched_null/membership_parts/generated/GSM8500537_Cap.area4_DLBCL_V2__t_cell_inflamed__r0801-r0900.csv",321693,"26acca368c6439ba1e9b9ede7808cf2f7122a2aabf50c506e8e18bc364f14a98","PASS","2026-08-05T18:25:06+0800",FALSE,"Create-once controlled-resume partition using frozen composite keys and seeds"
"GENERATED__gsm8500537_cap_area4_dlbcl_v2__t_cell_inflamed__r0901-r1000","GENERATED_BY_CONTROLLED_RESUME","GSM8500537_Cap.area4_DLBCL_V2","t_cell_inflamed","T cell-inflamed program",901,1000,100,100,2100,2100,24471705,24471804,"${DLBCL_PROJECT_ROOT}/revision_2026_reviewer_response/06p_wp3_matched_null_and_depth_sensitivity/01_execution_scripts/05_06p_partitioned_membership_resume.R","c26643ea7c59428bd516cbe93006168c13bdff590940977ef2318f8df7bc9e85","${DLBCL_PROJECT_ROOT}/revision_2026_reviewer_response/06p_wp3_matched_null_and_depth_sensitivity/01_execution_outputs/matched_null/membership_parts/generated/GSM8500537_Cap.area4_DLBCL_V2__t_cell_inflamed__r0901-r1000.csv",321577,"2a2d8a087c1baa9727e746f0fc895e31d21b5d42733fd7619ae512605c845313","PASS","2026-08-05T18:25:07+0800",FALSE,"Create-once controlled-resume partition using frozen composite keys and seeds"
"GENERATED__gsm8500537_cap_area4_dlbcl_v2__antigen_presentation__r0001-r0100","GENERATED_BY_CONTROLLED_RESUME","GSM8500537_Cap.area4_DLBCL_V2","antigen_presentation","Immune-inflamed / antigen-presentation program",1,100,100,100,1300,1300,24570805,24570904,"${DLBCL_PROJECT_ROOT}/revision_2026_reviewer_response/06p_wp3_matched_null_and_depth_sensitivity/01_execution_scripts/05_06p_partitioned_membership_resume.R","c26643ea7c59428bd516cbe93006168c13bdff590940977ef2318f8df7bc9e85","${DLBCL_PROJECT_ROOT}/revision_2026_reviewer_response/06p_wp3_matched_null_and_depth_sensitivity/01_execution_outputs/matched_null/membership_parts/generated/GSM8500537_Cap.area4_DLBCL_V2__antigen_presentation__r0001-r0100.csv",241683,"3a4a7889c2cab1193b7c565a4b1a0b01d31b10cd3ea81ec7f3d7566b88b5b1e9","PASS","2026-08-05T18:25:07+0800",FALSE,"Create-once controlled-resume partition using frozen composite keys and seeds"
"GENERATED__gsm8500537_cap_area4_dlbcl_v2__antigen_presentation__r0101-r0200","GENERATED_BY_CONTROLLED_RESUME","GSM8500537_Cap.area4_DLBCL_V2","antigen_presentation","Immune-inflamed / antigen-presentation program",101,200,100,100,1300,1300,24570905,24571004,"${DLBCL_PROJECT_ROOT}/revision_2026_reviewer_response/06p_wp3_matched_null_and_depth_sensitivity/01_execution_scripts/05_06p_partitioned_membership_resume.R","c26643ea7c59428bd516cbe93006168c13bdff590940977ef2318f8df7bc9e85","${DLBCL_PROJECT_ROOT}/revision_2026_reviewer_response/06p_wp3_matched_null_and_depth_sensitivity/01_execution_outputs/matched_null/membership_parts/generated/GSM8500537_Cap.area4_DLBCL_V2__antigen_presentation__r0101-r0200.csv",243149,"3e8ee7d2929974d09f8dc811876494c832ee0e576ea50f5e958e5631f88b9053","PASS","2026-08-05T18:25:07+0800",FALSE,"Create-once controlled-resume partition using frozen composite keys and seeds"
"GENERATED__gsm8500537_cap_area4_dlbcl_v2__antigen_presentation__r0201-r0300","GENERATED_BY_CONTROLLED_RESUME","GSM8500537_Cap.area4_DLBCL_V2","antigen_presentation","Immune-inflamed / antigen-presentation program",201,300,100,100,1300,1300,24571005,24571104,"${DLBCL_PROJECT_ROOT}/revision_2026_reviewer_response/06p_wp3_matched_null_and_depth_sensitivity/01_execution_scripts/05_06p_partitioned_membership_resume.R","c26643ea7c59428bd516cbe93006168c13bdff590940977ef2318f8df7bc9e85","${DLBCL_PROJECT_ROOT}/revision_2026_reviewer_response/06p_wp3_matched_null_and_depth_sensitivity/01_execution_outputs/matched_null/membership_parts/generated/GSM8500537_Cap.area4_DLBCL_V2__antigen_presentation__r0201-r0300.csv",243063,"3c487079d85383ac2354f1b30f16468bd5af9a700b073f907358e440a971e42d","PASS","2026-08-05T18:25:08+0800",FALSE,"Create-once controlled-resume partition using frozen composite keys and seeds"
"GENERATED__gsm8500537_cap_area4_dlbcl_v2__antigen_presentation__r0301-r0400","GENERATED_BY_CONTROLLED_RESUME","GSM8500537_Cap.area4_DLBCL_V2","antigen_presentation","Immune-inflamed / antigen-presentation program",301,400,100,100,1300,1300,24571105,24571204,"${DLBCL_PROJECT_ROOT}/revision_2026_reviewer_response/06p_wp3_matched_null_and_depth_sensitivity/01_execution_scripts/05_06p_partitioned_membership_resume.R","c26643ea7c59428bd516cbe93006168c13bdff590940977ef2318f8df7bc9e85","${DLBCL_PROJECT_ROOT}/revision_2026_reviewer_response/06p_wp3_matched_null_and_depth_sensitivity/01_execution_outputs/matched_null/membership_parts/generated/GSM8500537_Cap.area4_DLBCL_V2__antigen_presentation__r0301-r0400.csv",243009,"a304a734fab61236f8a3697a5c84b5c458f9f3f322bd5f7ecd435cd2708a07c1","PASS","2026-08-05T18:25:08+0800",FALSE,"Create-once controlled-resume partition using frozen composite keys and seeds"
"GENERATED__gsm8500537_cap_area4_dlbcl_v2__antigen_presentation__r0401-r0500","GENERATED_BY_CONTROLLED_RESUME","GSM8500537_Cap.area4_DLBCL_V2","antigen_presentation","Immune-inflamed / antigen-presentation program",401,500,100,100,1300,1300,24571205,24571304,"${DLBCL_PROJECT_ROOT}/revision_2026_reviewer_response/06p_wp3_matched_null_and_depth_sensitivity/01_execution_scripts/05_06p_partitioned_membership_resume.R","c26643ea7c59428bd516cbe93006168c13bdff590940977ef2318f8df7bc9e85","${DLBCL_PROJECT_ROOT}/revision_2026_reviewer_response/06p_wp3_matched_null_and_depth_sensitivity/01_execution_outputs/matched_null/membership_parts/generated/GSM8500537_Cap.area4_DLBCL_V2__antigen_presentation__r0401-r0500.csv",243057,"cc33ae7e044ee5d30a60a3953152180312f0ded00df3ccaa53a211520948a781","PASS","2026-08-05T18:25:09+0800",FALSE,"Create-once controlled-resume partition using frozen composite keys and seeds"
"GENERATED__gsm8500537_cap_area4_dlbcl_v2__antigen_presentation__r0501-r0600","GENERATED_BY_CONTROLLED_RESUME","GSM8500537_Cap.area4_DLBCL_V2","antigen_presentation","Immune-inflamed / antigen-presentation program",501,600,100,100,1300,1300,24571305,24571404,"${DLBCL_PROJECT_ROOT}/revision_2026_reviewer_response/06p_wp3_matched_null_and_depth_sensitivity/01_execution_scripts/05_06p_partitioned_membership_resume.R","c26643ea7c59428bd516cbe93006168c13bdff590940977ef2318f8df7bc9e85","${DLBCL_PROJECT_ROOT}/revision_2026_reviewer_response/06p_wp3_matched_null_and_depth_sensitivity/01_execution_outputs/matched_null/membership_parts/generated/GSM8500537_Cap.area4_DLBCL_V2__antigen_presentation__r0501-r0600.csv",243057,"c9d0253f9197c7a942b631cfe6551d76bbd6deee0f9041b3c74d9bbd461f90ae","PASS","2026-08-05T18:25:09+0800",FALSE,"Create-once controlled-resume partition using frozen composite keys and seeds"
"GENERATED__gsm8500537_cap_area4_dlbcl_v2__antigen_presentation__r0601-r0700","GENERATED_BY_CONTROLLED_RESUME","GSM8500537_Cap.area4_DLBCL_V2","antigen_presentation","Immune-inflamed / antigen-presentation program",601,700,100,100,1300,1300,24571405,24571504,"${DLBCL_PROJECT_ROOT}/revision_2026_reviewer_response/06p_wp3_matched_null_and_depth_sensitivity/01_execution_scripts/05_06p_partitioned_membership_resume.R","c26643ea7c59428bd516cbe93006168c13bdff590940977ef2318f8df7bc9e85","${DLBCL_PROJECT_ROOT}/revision_2026_reviewer_response/06p_wp3_matched_null_and_depth_sensitivity/01_execution_outputs/matched_null/membership_parts/generated/GSM8500537_Cap.area4_DLBCL_V2__antigen_presentation__r0601-r0700.csv",243072,"7524d8e20e7317ccd79027d70d1f74eee938038834c135654f7725a688c8ecc3","PASS","2026-08-05T18:25:10+0800",FALSE,"Create-once controlled-resume partition using frozen composite keys and seeds"
"GENERATED__gsm8500537_cap_area4_dlbcl_v2__antigen_presentation__r0701-r0800","GENERATED_BY_CONTROLLED_RESUME","GSM8500537_Cap.area4_DLBCL_V2","antigen_presentation","Immune-inflamed / antigen-presentation program",701,800,100,100,1300,1300,24571505,24571604,"${DLBCL_PROJECT_ROOT}/revision_2026_reviewer_response/06p_wp3_matched_null_and_depth_sensitivity/01_execution_scripts/05_06p_partitioned_membership_resume.R","c26643ea7c59428bd516cbe93006168c13bdff590940977ef2318f8df7bc9e85","${DLBCL_PROJECT_ROOT}/revision_2026_reviewer_response/06p_wp3_matched_null_and_depth_sensitivity/01_execution_outputs/matched_null/membership_parts/generated/GSM8500537_Cap.area4_DLBCL_V2__antigen_presentation__r0701-r0800.csv",243088,"b7e674a344a30146cd888eb9c93886e85cc17d9b16ce48e42d5b8641379de20a","PASS","2026-08-05T18:25:10+0800",FALSE,"Create-once controlled-resume partition using frozen composite keys and seeds"
"GENERATED__gsm8500537_cap_area4_dlbcl_v2__antigen_presentation__r0801-r0900","GENERATED_BY_CONTROLLED_RESUME","GSM8500537_Cap.area4_DLBCL_V2","antigen_presentation","Immune-inflamed / antigen-presentation program",801,900,100,100,1300,1300,24571605,24571704,"${DLBCL_PROJECT_ROOT}/revision_2026_reviewer_response/06p_wp3_matched_null_and_depth_sensitivity/01_execution_scripts/05_06p_partitioned_membership_resume.R","c26643ea7c59428bd516cbe93006168c13bdff590940977ef2318f8df7bc9e85","${DLBCL_PROJECT_ROOT}/revision_2026_reviewer_response/06p_wp3_matched_null_and_depth_sensitivity/01_execution_outputs/matched_null/membership_parts/generated/GSM8500537_Cap.area4_DLBCL_V2__antigen_presentation__r0801-r0900.csv",243142,"8dbf564b5301b273ef686f44733b8102e2f9e3c724dd2d20decaa9d8ac51595f","PASS","2026-08-05T18:25:11+0800",FALSE,"Create-once controlled-resume partition using frozen composite keys and seeds"
"GENERATED__gsm8500537_cap_area4_dlbcl_v2__antigen_presentation__r0901-r1000","GENERATED_BY_CONTROLLED_RESUME","GSM8500537_Cap.area4_DLBCL_V2","antigen_presentation","Immune-inflamed / antigen-presentation program",901,1000,100,100,1300,1300,24571705,24571804,"${DLBCL_PROJECT_ROOT}/revision_2026_reviewer_response/06p_wp3_matched_null_and_depth_sensitivity/01_execution_scripts/05_06p_partitioned_membership_resume.R","c26643ea7c59428bd516cbe93006168c13bdff590940977ef2318f8df7bc9e85","${DLBCL_PROJECT_ROOT}/revision_2026_reviewer_response/06p_wp3_matched_null_and_depth_sensitivity/01_execution_outputs/matched_null/membership_parts/generated/GSM8500537_Cap.area4_DLBCL_V2__antigen_presentation__r0901-r1000.csv",243089,"3ba31b8c63159b1a9f6de5e1bf7f21204e050228f829739e8654f03bd28d98a9","PASS","2026-08-05T18:25:11+0800",FALSE,"Create-once controlled-resume partition using frozen composite keys and seeds"
"GENERATED__gsm8500537_cap_area4_dlbcl_v2__stromal_fibrotic__r0001-r0100","GENERATED_BY_CONTROLLED_RESUME","GSM8500537_Cap.area4_DLBCL_V2","stromal_fibrotic","Stromal / fibrotic program",1,100,100,100,2200,2200,24670805,24670904,"${DLBCL_PROJECT_ROOT}/revision_2026_reviewer_response/06p_wp3_matched_null_and_depth_sensitivity/01_execution_scripts/05_06p_partitioned_membership_resume.R","c26643ea7c59428bd516cbe93006168c13bdff590940977ef2318f8df7bc9e85","${DLBCL_PROJECT_ROOT}/revision_2026_reviewer_response/06p_wp3_matched_null_and_depth_sensitivity/01_execution_outputs/matched_null/membership_parts/generated/GSM8500537_Cap.area4_DLBCL_V2__stromal_fibrotic__r0001-r0100.csv",343022,"c15ce3f49b9f792fa25c2b112d101de5841d7f3ce8d3f7d270c17dcd5da71baa","PASS","2026-08-05T18:25:12+0800",FALSE,"Create-once controlled-resume partition using frozen composite keys and seeds"
"GENERATED__gsm8500537_cap_area4_dlbcl_v2__stromal_fibrotic__r0101-r0200","GENERATED_BY_CONTROLLED_RESUME","GSM8500537_Cap.area4_DLBCL_V2","stromal_fibrotic","Stromal / fibrotic program",101,200,100,100,2200,2200,24670905,24671004,"${DLBCL_PROJECT_ROOT}/revision_2026_reviewer_response/06p_wp3_matched_null_and_depth_sensitivity/01_execution_scripts/05_06p_partitioned_membership_resume.R","c26643ea7c59428bd516cbe93006168c13bdff590940977ef2318f8df7bc9e85","${DLBCL_PROJECT_ROOT}/revision_2026_reviewer_response/06p_wp3_matched_null_and_depth_sensitivity/01_execution_outputs/matched_null/membership_parts/generated/GSM8500537_Cap.area4_DLBCL_V2__stromal_fibrotic__r0101-r0200.csv",345437,"f21bd804c19b4a5d54b1e4d83c620e618fda4e718dd281d64f384baf0708f4ec","PASS","2026-08-05T18:25:13+0800",FALSE,"Create-once controlled-resume partition using frozen composite keys and seeds"
"GENERATED__gsm8500537_cap_area4_dlbcl_v2__stromal_fibrotic__r0201-r0300","GENERATED_BY_CONTROLLED_RESUME","GSM8500537_Cap.area4_DLBCL_V2","stromal_fibrotic","Stromal / fibrotic program",201,300,100,100,2200,2200,24671005,24671104,"${DLBCL_PROJECT_ROOT}/revision_2026_reviewer_response/06p_wp3_matched_null_and_depth_sensitivity/01_execution_scripts/05_06p_partitioned_membership_resume.R","c26643ea7c59428bd516cbe93006168c13bdff590940977ef2318f8df7bc9e85","${DLBCL_PROJECT_ROOT}/revision_2026_reviewer_response/06p_wp3_matched_null_and_depth_sensitivity/01_execution_outputs/matched_null/membership_parts/generated/GSM8500537_Cap.area4_DLBCL_V2__stromal_fibrotic__r0201-r0300.csv",345427,"3a50b2f03b2f4a104134cee6ac66741d5f91e003289059f22f6b8eb5f56b344d","PASS","2026-08-05T18:25:13+0800",FALSE,"Create-once controlled-resume partition using frozen composite keys and seeds"
"GENERATED__gsm8500537_cap_area4_dlbcl_v2__stromal_fibrotic__r0301-r0400","GENERATED_BY_CONTROLLED_RESUME","GSM8500537_Cap.area4_DLBCL_V2","stromal_fibrotic","Stromal / fibrotic program",301,400,100,100,2200,2200,24671105,24671204,"${DLBCL_PROJECT_ROOT}/revision_2026_reviewer_response/06p_wp3_matched_null_and_depth_sensitivity/01_execution_scripts/05_06p_partitioned_membership_resume.R","c26643ea7c59428bd516cbe93006168c13bdff590940977ef2318f8df7bc9e85","${DLBCL_PROJECT_ROOT}/revision_2026_reviewer_response/06p_wp3_matched_null_and_depth_sensitivity/01_execution_outputs/matched_null/membership_parts/generated/GSM8500537_Cap.area4_DLBCL_V2__stromal_fibrotic__r0301-r0400.csv",345446,"d1383591f84aa4a3bb68612ea46756f45ea55d6c7afa7d67e3ace15062bc5412","PASS","2026-08-05T18:25:14+0800",FALSE,"Create-once controlled-resume partition using frozen composite keys and seeds"
"GENERATED__gsm8500537_cap_area4_dlbcl_v2__stromal_fibrotic__r0401-r0500","GENERATED_BY_CONTROLLED_RESUME","GSM8500537_Cap.area4_DLBCL_V2","stromal_fibrotic","Stromal / fibrotic program",401,500,100,100,2200,2200,24671205,24671304,"${DLBCL_PROJECT_ROOT}/revision_2026_reviewer_response/06p_wp3_matched_null_and_depth_sensitivity/01_execution_scripts/05_06p_partitioned_membership_resume.R","c26643ea7c59428bd516cbe93006168c13bdff590940977ef2318f8df7bc9e85","${DLBCL_PROJECT_ROOT}/revision_2026_reviewer_response/06p_wp3_matched_null_and_depth_sensitivity/01_execution_outputs/matched_null/membership_parts/generated/GSM8500537_Cap.area4_DLBCL_V2__stromal_fibrotic__r0401-r0500.csv",345359,"7c36fac55cc9cdeab73ef2a66405b9119cbd357e47dcf99baaa4f733a612581a","PASS","2026-08-05T18:25:15+0800",FALSE,"Create-once controlled-resume partition using frozen composite keys and seeds"
"GENERATED__gsm8500537_cap_area4_dlbcl_v2__stromal_fibrotic__r0501-r0600","GENERATED_BY_CONTROLLED_RESUME","GSM8500537_Cap.area4_DLBCL_V2","stromal_fibrotic","Stromal / fibrotic program",501,600,100,100,2200,2200,24671305,24671404,"${DLBCL_PROJECT_ROOT}/revision_2026_reviewer_response/06p_wp3_matched_null_and_depth_sensitivity/01_execution_scripts/05_06p_partitioned_membership_resume.R","c26643ea7c59428bd516cbe93006168c13bdff590940977ef2318f8df7bc9e85","${DLBCL_PROJECT_ROOT}/revision_2026_reviewer_response/06p_wp3_matched_null_and_depth_sensitivity/01_execution_outputs/matched_null/membership_parts/generated/GSM8500537_Cap.area4_DLBCL_V2__stromal_fibrotic__r0501-r0600.csv",345453,"72d5bc6ef5912ce9e7225d33bbf776fde9e527de45d1b1ae00909db77437bc3d","PASS","2026-08-05T18:25:15+0800",FALSE,"Create-once controlled-resume partition using frozen composite keys and seeds"
"GENERATED__gsm8500537_cap_area4_dlbcl_v2__stromal_fibrotic__r0601-r0700","GENERATED_BY_CONTROLLED_RESUME","GSM8500537_Cap.area4_DLBCL_V2","stromal_fibrotic","Stromal / fibrotic program",601,700,100,100,2200,2200,24671405,24671504,"${DLBCL_PROJECT_ROOT}/revision_2026_reviewer_response/06p_wp3_matched_null_and_depth_sensitivity/01_execution_scripts/05_06p_partitioned_membership_resume.R","c26643ea7c59428bd516cbe93006168c13bdff590940977ef2318f8df7bc9e85","${DLBCL_PROJECT_ROOT}/revision_2026_reviewer_response/06p_wp3_matched_null_and_depth_sensitivity/01_execution_outputs/matched_null/membership_parts/generated/GSM8500537_Cap.area4_DLBCL_V2__stromal_fibrotic__r0601-r0700.csv",345517,"4e5ecbe62bb6fe5b11d1d4496e2a9a276ca9829ebcbc88808cec6c31eca405d9","PASS","2026-08-05T18:25:16+0800",FALSE,"Create-once controlled-resume partition using frozen composite keys and seeds"
"GENERATED__gsm8500537_cap_area4_dlbcl_v2__stromal_fibrotic__r0701-r0800","GENERATED_BY_CONTROLLED_RESUME","GSM8500537_Cap.area4_DLBCL_V2","stromal_fibrotic","Stromal / fibrotic program",701,800,100,100,2200,2200,24671505,24671604,"${DLBCL_PROJECT_ROOT}/revision_2026_reviewer_response/06p_wp3_matched_null_and_depth_sensitivity/01_execution_scripts/05_06p_partitioned_membership_resume.R","c26643ea7c59428bd516cbe93006168c13bdff590940977ef2318f8df7bc9e85","${DLBCL_PROJECT_ROOT}/revision_2026_reviewer_response/06p_wp3_matched_null_and_depth_sensitivity/01_execution_outputs/matched_null/membership_parts/generated/GSM8500537_Cap.area4_DLBCL_V2__stromal_fibrotic__r0701-r0800.csv",345446,"4439169ddf7c33f4a825077caa55ef91cb2a6c8a149373f083ff87c43040f593","PASS","2026-08-05T18:25:17+0800",FALSE,"Create-once controlled-resume partition using frozen composite keys and seeds"
"GENERATED__gsm8500537_cap_area4_dlbcl_v2__stromal_fibrotic__r0801-r0900","GENERATED_BY_CONTROLLED_RESUME","GSM8500537_Cap.area4_DLBCL_V2","stromal_fibrotic","Stromal / fibrotic program",801,900,100,100,2200,2200,24671605,24671704,"${DLBCL_PROJECT_ROOT}/revision_2026_reviewer_response/06p_wp3_matched_null_and_depth_sensitivity/01_execution_scripts/05_06p_partitioned_membership_resume.R","c26643ea7c59428bd516cbe93006168c13bdff590940977ef2318f8df7bc9e85","${DLBCL_PROJECT_ROOT}/revision_2026_reviewer_response/06p_wp3_matched_null_and_depth_sensitivity/01_execution_outputs/matched_null/membership_parts/generated/GSM8500537_Cap.area4_DLBCL_V2__stromal_fibrotic__r0801-r0900.csv",345406,"5e026b71b5546b3d2c8c12683a6f91f034e10d9bc8fe59d5742bcb29ab299220","PASS","2026-08-05T18:25:18+0800",FALSE,"Create-once controlled-resume partition using frozen composite keys and seeds"
"GENERATED__gsm8500537_cap_area4_dlbcl_v2__stromal_fibrotic__r0901-r1000","GENERATED_BY_CONTROLLED_RESUME","GSM8500537_Cap.area4_DLBCL_V2","stromal_fibrotic","Stromal / fibrotic program",901,1000,100,100,2200,2200,24671705,24671804,"${DLBCL_PROJECT_ROOT}/revision_2026_reviewer_response/06p_wp3_matched_null_and_depth_sensitivity/01_execution_scripts/05_06p_partitioned_membership_resume.R","c26643ea7c59428bd516cbe93006168c13bdff590940977ef2318f8df7bc9e85","${DLBCL_PROJECT_ROOT}/revision_2026_reviewer_response/06p_wp3_matched_null_and_depth_sensitivity/01_execution_outputs/matched_null/membership_parts/generated/GSM8500537_Cap.area4_DLBCL_V2__stromal_fibrotic__r0901-r1000.csv",345382,"f18d05cf9a9623d8a3aae9a1e4f9c33dc28a228d675b1e1b9568499c0e4af443","PASS","2026-08-05T18:25:19+0800",FALSE,"Create-once controlled-resume partition using frozen composite keys and seeds"
"GENERATED__gsm8500537_cap_area4_dlbcl_v2__immune_cold_exclusion__r0001-r0100","GENERATED_BY_CONTROLLED_RESUME","GSM8500537_Cap.area4_DLBCL_V2","immune_cold_exclusion","Immune-cold / exclusion-associated program",1,100,100,100,2200,2200,24770805,24770904,"${DLBCL_PROJECT_ROOT}/revision_2026_reviewer_response/06p_wp3_matched_null_and_depth_sensitivity/01_execution_scripts/05_06p_partitioned_membership_resume.R","c26643ea7c59428bd516cbe93006168c13bdff590940977ef2318f8df7bc9e85","${DLBCL_PROJECT_ROOT}/revision_2026_reviewer_response/06p_wp3_matched_null_and_depth_sensitivity/01_execution_outputs/matched_null/membership_parts/generated/GSM8500537_Cap.area4_DLBCL_V2__immune_cold_exclusion__r0001-r0100.csv",391263,"b23e604b8e3f963f76dc6c7f3186d27a3299ae88cf460d7039e1edcdb0745e1f","PASS","2026-08-05T18:25:20+0800",FALSE,"Create-once controlled-resume partition using frozen composite keys and seeds"
"GENERATED__gsm8500537_cap_area4_dlbcl_v2__immune_cold_exclusion__r0101-r0200","GENERATED_BY_CONTROLLED_RESUME","GSM8500537_Cap.area4_DLBCL_V2","immune_cold_exclusion","Immune-cold / exclusion-associated program",101,200,100,100,2200,2200,24770905,24771004,"${DLBCL_PROJECT_ROOT}/revision_2026_reviewer_response/06p_wp3_matched_null_and_depth_sensitivity/01_execution_scripts/05_06p_partitioned_membership_resume.R","c26643ea7c59428bd516cbe93006168c13bdff590940977ef2318f8df7bc9e85","${DLBCL_PROJECT_ROOT}/revision_2026_reviewer_response/06p_wp3_matched_null_and_depth_sensitivity/01_execution_outputs/matched_null/membership_parts/generated/GSM8500537_Cap.area4_DLBCL_V2__immune_cold_exclusion__r0101-r0200.csv",393679,"532dcb495bf0770b618e02ce43f5bb3d8806da5776b648b39d359ece9ee29d0d","PASS","2026-08-05T18:25:20+0800",FALSE,"Create-once controlled-resume partition using frozen composite keys and seeds"
"GENERATED__gsm8500537_cap_area4_dlbcl_v2__immune_cold_exclusion__r0201-r0300","GENERATED_BY_CONTROLLED_RESUME","GSM8500537_Cap.area4_DLBCL_V2","immune_cold_exclusion","Immune-cold / exclusion-associated program",201,300,100,100,2200,2200,24771005,24771104,"${DLBCL_PROJECT_ROOT}/revision_2026_reviewer_response/06p_wp3_matched_null_and_depth_sensitivity/01_execution_scripts/05_06p_partitioned_membership_resume.R","c26643ea7c59428bd516cbe93006168c13bdff590940977ef2318f8df7bc9e85","${DLBCL_PROJECT_ROOT}/revision_2026_reviewer_response/06p_wp3_matched_null_and_depth_sensitivity/01_execution_outputs/matched_null/membership_parts/generated/GSM8500537_Cap.area4_DLBCL_V2__immune_cold_exclusion__r0201-r0300.csv",393722,"a1a06e097eba274e6aeb539913a1997b2b37d75e4a9f841fe95c193c507fd3c2","PASS","2026-08-05T18:25:21+0800",FALSE,"Create-once controlled-resume partition using frozen composite keys and seeds"
"GENERATED__gsm8500537_cap_area4_dlbcl_v2__immune_cold_exclusion__r0301-r0400","GENERATED_BY_CONTROLLED_RESUME","GSM8500537_Cap.area4_DLBCL_V2","immune_cold_exclusion","Immune-cold / exclusion-associated program",301,400,100,100,2200,2200,24771105,24771204,"${DLBCL_PROJECT_ROOT}/revision_2026_reviewer_response/06p_wp3_matched_null_and_depth_sensitivity/01_execution_scripts/05_06p_partitioned_membership_resume.R","c26643ea7c59428bd516cbe93006168c13bdff590940977ef2318f8df7bc9e85","${DLBCL_PROJECT_ROOT}/revision_2026_reviewer_response/06p_wp3_matched_null_and_depth_sensitivity/01_execution_outputs/matched_null/membership_parts/generated/GSM8500537_Cap.area4_DLBCL_V2__immune_cold_exclusion__r0301-r0400.csv",393777,"aea786f29a26f44d8d1796b17016434c1d9775431bbeadf1f264b1d54fd4413a","PASS","2026-08-05T18:25:22+0800",FALSE,"Create-once controlled-resume partition using frozen composite keys and seeds"
"GENERATED__gsm8500537_cap_area4_dlbcl_v2__immune_cold_exclusion__r0401-r0500","GENERATED_BY_CONTROLLED_RESUME","GSM8500537_Cap.area4_DLBCL_V2","immune_cold_exclusion","Immune-cold / exclusion-associated program",401,500,100,100,2200,2200,24771205,24771304,"${DLBCL_PROJECT_ROOT}/revision_2026_reviewer_response/06p_wp3_matched_null_and_depth_sensitivity/01_execution_scripts/05_06p_partitioned_membership_resume.R","c26643ea7c59428bd516cbe93006168c13bdff590940977ef2318f8df7bc9e85","${DLBCL_PROJECT_ROOT}/revision_2026_reviewer_response/06p_wp3_matched_null_and_depth_sensitivity/01_execution_outputs/matched_null/membership_parts/generated/GSM8500537_Cap.area4_DLBCL_V2__immune_cold_exclusion__r0401-r0500.csv",393730,"4b81974f715f4b78fd03a4092c075a28c5a9a2264ba54ae0c931ad3cecb56c4c","PASS","2026-08-05T18:25:22+0800",FALSE,"Create-once controlled-resume partition using frozen composite keys and seeds"
"GENERATED__gsm8500537_cap_area4_dlbcl_v2__immune_cold_exclusion__r0501-r0600","GENERATED_BY_CONTROLLED_RESUME","GSM8500537_Cap.area4_DLBCL_V2","immune_cold_exclusion","Immune-cold / exclusion-associated program",501,600,100,100,2200,2200,24771305,24771404,"${DLBCL_PROJECT_ROOT}/revision_2026_reviewer_response/06p_wp3_matched_null_and_depth_sensitivity/01_execution_scripts/05_06p_partitioned_membership_resume.R","c26643ea7c59428bd516cbe93006168c13bdff590940977ef2318f8df7bc9e85","${DLBCL_PROJECT_ROOT}/revision_2026_reviewer_response/06p_wp3_matched_null_and_depth_sensitivity/01_execution_outputs/matched_null/membership_parts/generated/GSM8500537_Cap.area4_DLBCL_V2__immune_cold_exclusion__r0501-r0600.csv",393664,"65efa47ca1431f7f2455d8b2753e6d0b9d17d9154c1d18c2f7611454c6f060c9","PASS","2026-08-05T18:25:23+0800",FALSE,"Create-once controlled-resume partition using frozen composite keys and seeds"
"GENERATED__gsm8500537_cap_area4_dlbcl_v2__immune_cold_exclusion__r0601-r0700","GENERATED_BY_CONTROLLED_RESUME","GSM8500537_Cap.area4_DLBCL_V2","immune_cold_exclusion","Immune-cold / exclusion-associated program",601,700,100,100,2200,2200,24771405,24771504,"${DLBCL_PROJECT_ROOT}/revision_2026_reviewer_response/06p_wp3_matched_null_and_depth_sensitivity/01_execution_scripts/05_06p_partitioned_membership_resume.R","c26643ea7c59428bd516cbe93006168c13bdff590940977ef2318f8df7bc9e85","${DLBCL_PROJECT_ROOT}/revision_2026_reviewer_response/06p_wp3_matched_null_and_depth_sensitivity/01_execution_outputs/matched_null/membership_parts/generated/GSM8500537_Cap.area4_DLBCL_V2__immune_cold_exclusion__r0601-r0700.csv",393627,"d98cec49e1a6f28a64bdf73ba2cc36fc7f112f0c7d9afbd3e01fb821eb585f15","PASS","2026-08-05T18:25:24+0800",FALSE,"Create-once controlled-resume partition using frozen composite keys and seeds"
"GENERATED__gsm8500537_cap_area4_dlbcl_v2__immune_cold_exclusion__r0701-r0800","GENERATED_BY_CONTROLLED_RESUME","GSM8500537_Cap.area4_DLBCL_V2","immune_cold_exclusion","Immune-cold / exclusion-associated program",701,800,100,100,2200,2200,24771505,24771604,"${DLBCL_PROJECT_ROOT}/revision_2026_reviewer_response/06p_wp3_matched_null_and_depth_sensitivity/01_execution_scripts/05_06p_partitioned_membership_resume.R","c26643ea7c59428bd516cbe93006168c13bdff590940977ef2318f8df7bc9e85","${DLBCL_PROJECT_ROOT}/revision_2026_reviewer_response/06p_wp3_matched_null_and_depth_sensitivity/01_execution_outputs/matched_null/membership_parts/generated/GSM8500537_Cap.area4_DLBCL_V2__immune_cold_exclusion__r0701-r0800.csv",393785,"7ca52d19914f2273ade3e9a2430985e3e872fe7a2b2d31f64aedc26e08cc1e1d","PASS","2026-08-05T18:25:25+0800",FALSE,"Create-once controlled-resume partition using frozen composite keys and seeds"
"GENERATED__gsm8500537_cap_area4_dlbcl_v2__immune_cold_exclusion__r0801-r0900","GENERATED_BY_CONTROLLED_RESUME","GSM8500537_Cap.area4_DLBCL_V2","immune_cold_exclusion","Immune-cold / exclusion-associated program",801,900,100,100,2200,2200,24771605,24771704,"${DLBCL_PROJECT_ROOT}/revision_2026_reviewer_response/06p_wp3_matched_null_and_depth_sensitivity/01_execution_scripts/05_06p_partitioned_membership_resume.R","c26643ea7c59428bd516cbe93006168c13bdff590940977ef2318f8df7bc9e85","${DLBCL_PROJECT_ROOT}/revision_2026_reviewer_response/06p_wp3_matched_null_and_depth_sensitivity/01_execution_outputs/matched_null/membership_parts/generated/GSM8500537_Cap.area4_DLBCL_V2__immune_cold_exclusion__r0801-r0900.csv",393736,"121fea7e2608ab0a1a411fb9669cfca25bf52f59dc02427648b1d6042ed12b19","PASS","2026-08-05T18:25:25+0800",FALSE,"Create-once controlled-resume partition using frozen composite keys and seeds"
"GENERATED__gsm8500537_cap_area4_dlbcl_v2__immune_cold_exclusion__r0901-r1000","GENERATED_BY_CONTROLLED_RESUME","GSM8500537_Cap.area4_DLBCL_V2","immune_cold_exclusion","Immune-cold / exclusion-associated program",901,1000,100,100,2200,2200,24771705,24771804,"${DLBCL_PROJECT_ROOT}/revision_2026_reviewer_response/06p_wp3_matched_null_and_depth_sensitivity/01_execution_scripts/05_06p_partitioned_membership_resume.R","c26643ea7c59428bd516cbe93006168c13bdff590940977ef2318f8df7bc9e85","${DLBCL_PROJECT_ROOT}/revision_2026_reviewer_response/06p_wp3_matched_null_and_depth_sensitivity/01_execution_outputs/matched_null/membership_parts/generated/GSM8500537_Cap.area4_DLBCL_V2__immune_cold_exclusion__r0901-r1000.csv",393787,"f3c0638e61fb9185e3749ed8f2abc49ec02a980f971aad2cd1ad0a28a56a6b5b","PASS","2026-08-05T18:25:26+0800",FALSE,"Create-once controlled-resume partition using frozen composite keys and seeds"
"GENERATED__gsm8500537_cap_area4_dlbcl_v2__proliferative_cycling__r0001-r0100","GENERATED_BY_CONTROLLED_RESUME","GSM8500537_Cap.area4_DLBCL_V2","proliferative_cycling","Proliferative / cycling program",1,100,100,100,2200,2200,24870805,24870904,"${DLBCL_PROJECT_ROOT}/revision_2026_reviewer_response/06p_wp3_matched_null_and_depth_sensitivity/01_execution_scripts/05_06p_partitioned_membership_resume.R","c26643ea7c59428bd516cbe93006168c13bdff590940977ef2318f8df7bc9e85","${DLBCL_PROJECT_ROOT}/revision_2026_reviewer_response/06p_wp3_matched_null_and_depth_sensitivity/01_execution_outputs/matched_null/membership_parts/generated/GSM8500537_Cap.area4_DLBCL_V2__proliferative_cycling__r0001-r0100.csv",365742,"2e937e6623eae4843bdcb62318c6b6e08c49d611fef9d22718aa4cce56b15f72","PASS","2026-08-05T18:25:27+0800",FALSE,"Create-once controlled-resume partition using frozen composite keys and seeds"
"GENERATED__gsm8500537_cap_area4_dlbcl_v2__proliferative_cycling__r0101-r0200","GENERATED_BY_CONTROLLED_RESUME","GSM8500537_Cap.area4_DLBCL_V2","proliferative_cycling","Proliferative / cycling program",101,200,100,100,2200,2200,24870905,24871004,"${DLBCL_PROJECT_ROOT}/revision_2026_reviewer_response/06p_wp3_matched_null_and_depth_sensitivity/01_execution_scripts/05_06p_partitioned_membership_resume.R","c26643ea7c59428bd516cbe93006168c13bdff590940977ef2318f8df7bc9e85","${DLBCL_PROJECT_ROOT}/revision_2026_reviewer_response/06p_wp3_matched_null_and_depth_sensitivity/01_execution_outputs/matched_null/membership_parts/generated/GSM8500537_Cap.area4_DLBCL_V2__proliferative_cycling__r0101-r0200.csv",368008,"299c26a98f29e3893f79b851a02c72454c03ffbcef5a141c7fb289c563432f80","PASS","2026-08-05T18:25:28+0800",FALSE,"Create-once controlled-resume partition using frozen composite keys and seeds"
"GENERATED__gsm8500537_cap_area4_dlbcl_v2__proliferative_cycling__r0201-r0300","GENERATED_BY_CONTROLLED_RESUME","GSM8500537_Cap.area4_DLBCL_V2","proliferative_cycling","Proliferative / cycling program",201,300,100,100,2200,2200,24871005,24871104,"${DLBCL_PROJECT_ROOT}/revision_2026_reviewer_response/06p_wp3_matched_null_and_depth_sensitivity/01_execution_scripts/05_06p_partitioned_membership_resume.R","c26643ea7c59428bd516cbe93006168c13bdff590940977ef2318f8df7bc9e85","${DLBCL_PROJECT_ROOT}/revision_2026_reviewer_response/06p_wp3_matched_null_and_depth_sensitivity/01_execution_outputs/matched_null/membership_parts/generated/GSM8500537_Cap.area4_DLBCL_V2__proliferative_cycling__r0201-r0300.csv",368063,"8282564047bdd73b93afe413fd104d08c07e62d0115e5ad11d7a4a922a3d84ab","PASS","2026-08-05T18:25:28+0800",FALSE,"Create-once controlled-resume partition using frozen composite keys and seeds"
"GENERATED__gsm8500537_cap_area4_dlbcl_v2__proliferative_cycling__r0301-r0400","GENERATED_BY_CONTROLLED_RESUME","GSM8500537_Cap.area4_DLBCL_V2","proliferative_cycling","Proliferative / cycling program",301,400,100,100,2200,2200,24871105,24871204,"${DLBCL_PROJECT_ROOT}/revision_2026_reviewer_response/06p_wp3_matched_null_and_depth_sensitivity/01_execution_scripts/05_06p_partitioned_membership_resume.R","c26643ea7c59428bd516cbe93006168c13bdff590940977ef2318f8df7bc9e85","${DLBCL_PROJECT_ROOT}/revision_2026_reviewer_response/06p_wp3_matched_null_and_depth_sensitivity/01_execution_outputs/matched_null/membership_parts/generated/GSM8500537_Cap.area4_DLBCL_V2__proliferative_cycling__r0301-r0400.csv",368154,"b95319f2d4fded66d4a70049e515db77969e25670b3d35e578ea7bc3cf449e5d","PASS","2026-08-05T18:25:29+0800",FALSE,"Create-once controlled-resume partition using frozen composite keys and seeds"
"GENERATED__gsm8500537_cap_area4_dlbcl_v2__proliferative_cycling__r0401-r0500","GENERATED_BY_CONTROLLED_RESUME","GSM8500537_Cap.area4_DLBCL_V2","proliferative_cycling","Proliferative / cycling program",401,500,100,100,2200,2200,24871205,24871304,"${DLBCL_PROJECT_ROOT}/revision_2026_reviewer_response/06p_wp3_matched_null_and_depth_sensitivity/01_execution_scripts/05_06p_partitioned_membership_resume.R","c26643ea7c59428bd516cbe93006168c13bdff590940977ef2318f8df7bc9e85","${DLBCL_PROJECT_ROOT}/revision_2026_reviewer_response/06p_wp3_matched_null_and_depth_sensitivity/01_execution_outputs/matched_null/membership_parts/generated/GSM8500537_Cap.area4_DLBCL_V2__proliferative_cycling__r0401-r0500.csv",368058,"d0afeb094b9e99ca518e588d2e03f8e29510d2b6f7f4c4a2dc97c6b21cb81ca4","PASS","2026-08-05T18:25:30+0800",FALSE,"Create-once controlled-resume partition using frozen composite keys and seeds"
"GENERATED__gsm8500537_cap_area4_dlbcl_v2__proliferative_cycling__r0501-r0600","GENERATED_BY_CONTROLLED_RESUME","GSM8500537_Cap.area4_DLBCL_V2","proliferative_cycling","Proliferative / cycling program",501,600,100,100,2200,2200,24871305,24871404,"${DLBCL_PROJECT_ROOT}/revision_2026_reviewer_response/06p_wp3_matched_null_and_depth_sensitivity/01_execution_scripts/05_06p_partitioned_membership_resume.R","c26643ea7c59428bd516cbe93006168c13bdff590940977ef2318f8df7bc9e85","${DLBCL_PROJECT_ROOT}/revision_2026_reviewer_response/06p_wp3_matched_null_and_depth_sensitivity/01_execution_outputs/matched_null/membership_parts/generated/GSM8500537_Cap.area4_DLBCL_V2__proliferative_cycling__r0501-r0600.csv",368082,"fa7586a0682abec8126be8f00972c1bed5d985780b0ff18a3da6cc70420c3ed9","PASS","2026-08-05T18:25:30+0800",FALSE,"Create-once controlled-resume partition using frozen composite keys and seeds"
"GENERATED__gsm8500537_cap_area4_dlbcl_v2__proliferative_cycling__r0601-r0700","GENERATED_BY_CONTROLLED_RESUME","GSM8500537_Cap.area4_DLBCL_V2","proliferative_cycling","Proliferative / cycling program",601,700,100,100,2200,2200,24871405,24871504,"${DLBCL_PROJECT_ROOT}/revision_2026_reviewer_response/06p_wp3_matched_null_and_depth_sensitivity/01_execution_scripts/05_06p_partitioned_membership_resume.R","c26643ea7c59428bd516cbe93006168c13bdff590940977ef2318f8df7bc9e85","${DLBCL_PROJECT_ROOT}/revision_2026_reviewer_response/06p_wp3_matched_null_and_depth_sensitivity/01_execution_outputs/matched_null/membership_parts/generated/GSM8500537_Cap.area4_DLBCL_V2__proliferative_cycling__r0601-r0700.csv",368073,"355d4b4915a70201f36f2054b1b251cff2fca1fefc7aa1d0aeaeb2e78359cddc","PASS","2026-08-05T18:25:31+0800",FALSE,"Create-once controlled-resume partition using frozen composite keys and seeds"
"GENERATED__gsm8500537_cap_area4_dlbcl_v2__proliferative_cycling__r0701-r0800","GENERATED_BY_CONTROLLED_RESUME","GSM8500537_Cap.area4_DLBCL_V2","proliferative_cycling","Proliferative / cycling program",701,800,100,100,2200,2200,24871505,24871604,"${DLBCL_PROJECT_ROOT}/revision_2026_reviewer_response/06p_wp3_matched_null_and_depth_sensitivity/01_execution_scripts/05_06p_partitioned_membership_resume.R","c26643ea7c59428bd516cbe93006168c13bdff590940977ef2318f8df7bc9e85","${DLBCL_PROJECT_ROOT}/revision_2026_reviewer_response/06p_wp3_matched_null_and_depth_sensitivity/01_execution_outputs/matched_null/membership_parts/generated/GSM8500537_Cap.area4_DLBCL_V2__proliferative_cycling__r0701-r0800.csv",367963,"b89e3c99ec4c358c5e8b726cd09992cb5223faa186dada672521048a1b9e4013","PASS","2026-08-05T18:25:32+0800",FALSE,"Create-once controlled-resume partition using frozen composite keys and seeds"
"GENERATED__gsm8500537_cap_area4_dlbcl_v2__proliferative_cycling__r0801-r0900","GENERATED_BY_CONTROLLED_RESUME","GSM8500537_Cap.area4_DLBCL_V2","proliferative_cycling","Proliferative / cycling program",801,900,100,100,2200,2200,24871605,24871704,"${DLBCL_PROJECT_ROOT}/revision_2026_reviewer_response/06p_wp3_matched_null_and_depth_sensitivity/01_execution_scripts/05_06p_partitioned_membership_resume.R","c26643ea7c59428bd516cbe93006168c13bdff590940977ef2318f8df7bc9e85","${DLBCL_PROJECT_ROOT}/revision_2026_reviewer_response/06p_wp3_matched_null_and_depth_sensitivity/01_execution_outputs/matched_null/membership_parts/generated/GSM8500537_Cap.area4_DLBCL_V2__proliferative_cycling__r0801-r0900.csv",367986,"7a73c8e1828b288598f1f6c0efb10695fbd48c5cbb57dbbf77ac8e40535ac285","PASS","2026-08-05T18:25:33+0800",FALSE,"Create-once controlled-resume partition using frozen composite keys and seeds"
"GENERATED__gsm8500537_cap_area4_dlbcl_v2__proliferative_cycling__r0901-r1000","GENERATED_BY_CONTROLLED_RESUME","GSM8500537_Cap.area4_DLBCL_V2","proliferative_cycling","Proliferative / cycling program",901,1000,100,100,2200,2200,24871705,24871804,"${DLBCL_PROJECT_ROOT}/revision_2026_reviewer_response/06p_wp3_matched_null_and_depth_sensitivity/01_execution_scripts/05_06p_partitioned_membership_resume.R","c26643ea7c59428bd516cbe93006168c13bdff590940977ef2318f8df7bc9e85","${DLBCL_PROJECT_ROOT}/revision_2026_reviewer_response/06p_wp3_matched_null_and_depth_sensitivity/01_execution_outputs/matched_null/membership_parts/generated/GSM8500537_Cap.area4_DLBCL_V2__proliferative_cycling__r0901-r1000.csv",368078,"7c838a13150bbf588caa161fb1abad6d3411af9484ef16fa011ccb8588879676","PASS","2026-08-05T18:25:33+0800",FALSE,"Create-once controlled-resume partition using frozen composite keys and seeds"
"GENERATED__gsm8500538_cap_area5_dlbcl_v2__macrophage_rich__r0001-r0100","GENERATED_BY_CONTROLLED_RESUME","GSM8500538_Cap.area5_DLBCL_V2","macrophage_rich","Macrophage-rich program",1,100,100,100,2200,2200,25370805,25370904,"${DLBCL_PROJECT_ROOT}/revision_2026_reviewer_response/06p_wp3_matched_null_and_depth_sensitivity/01_execution_scripts/05_06p_partitioned_membership_resume.R","c26643ea7c59428bd516cbe93006168c13bdff590940977ef2318f8df7bc9e85","${DLBCL_PROJECT_ROOT}/revision_2026_reviewer_response/06p_wp3_matched_null_and_depth_sensitivity/01_execution_outputs/matched_null/membership_parts/generated/GSM8500538_Cap.area5_DLBCL_V2__macrophage_rich__r0001-r0100.csv",335488,"78d7e6a2dad11ecec1a5db1ee0f6cf855ac384f2d828eb64471c27578fb3d6ea","PASS","2026-08-05T18:25:34+0800",FALSE,"Create-once controlled-resume partition using frozen composite keys and seeds"
"GENERATED__gsm8500538_cap_area5_dlbcl_v2__macrophage_rich__r0101-r0200","GENERATED_BY_CONTROLLED_RESUME","GSM8500538_Cap.area5_DLBCL_V2","macrophage_rich","Macrophage-rich program",101,200,100,100,2200,2200,25370905,25371004,"${DLBCL_PROJECT_ROOT}/revision_2026_reviewer_response/06p_wp3_matched_null_and_depth_sensitivity/01_execution_scripts/05_06p_partitioned_membership_resume.R","c26643ea7c59428bd516cbe93006168c13bdff590940977ef2318f8df7bc9e85","${DLBCL_PROJECT_ROOT}/revision_2026_reviewer_response/06p_wp3_matched_null_and_depth_sensitivity/01_execution_outputs/matched_null/membership_parts/generated/GSM8500538_Cap.area5_DLBCL_V2__macrophage_rich__r0101-r0200.csv",337759,"d3a41d8c88a6ce6c46b1e295565645a194cdc10c4f724088028cd6ce0e60cd79","PASS","2026-08-05T18:25:35+0800",FALSE,"Create-once controlled-resume partition using frozen composite keys and seeds"
"GENERATED__gsm8500538_cap_area5_dlbcl_v2__macrophage_rich__r0201-r0300","GENERATED_BY_CONTROLLED_RESUME","GSM8500538_Cap.area5_DLBCL_V2","macrophage_rich","Macrophage-rich program",201,300,100,100,2200,2200,25371005,25371104,"${DLBCL_PROJECT_ROOT}/revision_2026_reviewer_response/06p_wp3_matched_null_and_depth_sensitivity/01_execution_scripts/05_06p_partitioned_membership_resume.R","c26643ea7c59428bd516cbe93006168c13bdff590940977ef2318f8df7bc9e85","${DLBCL_PROJECT_ROOT}/revision_2026_reviewer_response/06p_wp3_matched_null_and_depth_sensitivity/01_execution_outputs/matched_null/membership_parts/generated/GSM8500538_Cap.area5_DLBCL_V2__macrophage_rich__r0201-r0300.csv",337890,"ca9778cff076af72451a6a006d67efe309835b7c639564031222d7ce5267ef61","PASS","2026-08-05T18:25:35+0800",FALSE,"Create-once controlled-resume partition using frozen composite keys and seeds"
"GENERATED__gsm8500538_cap_area5_dlbcl_v2__macrophage_rich__r0301-r0400","GENERATED_BY_CONTROLLED_RESUME","GSM8500538_Cap.area5_DLBCL_V2","macrophage_rich","Macrophage-rich program",301,400,100,100,2200,2200,25371105,25371204,"${DLBCL_PROJECT_ROOT}/revision_2026_reviewer_response/06p_wp3_matched_null_and_depth_sensitivity/01_execution_scripts/05_06p_partitioned_membership_resume.R","c26643ea7c59428bd516cbe93006168c13bdff590940977ef2318f8df7bc9e85","${DLBCL_PROJECT_ROOT}/revision_2026_reviewer_response/06p_wp3_matched_null_and_depth_sensitivity/01_execution_outputs/matched_null/membership_parts/generated/GSM8500538_Cap.area5_DLBCL_V2__macrophage_rich__r0301-r0400.csv",337870,"d5b30e243a8c532b277d4d34b7e6a4b8d948bd5f94b3b16aa72b25e44cd9657c","PASS","2026-08-05T18:25:36+0800",FALSE,"Create-once controlled-resume partition using frozen composite keys and seeds"
"GENERATED__gsm8500538_cap_area5_dlbcl_v2__macrophage_rich__r0401-r0500","GENERATED_BY_CONTROLLED_RESUME","GSM8500538_Cap.area5_DLBCL_V2","macrophage_rich","Macrophage-rich program",401,500,100,100,2200,2200,25371205,25371304,"${DLBCL_PROJECT_ROOT}/revision_2026_reviewer_response/06p_wp3_matched_null_and_depth_sensitivity/01_execution_scripts/05_06p_partitioned_membership_resume.R","c26643ea7c59428bd516cbe93006168c13bdff590940977ef2318f8df7bc9e85","${DLBCL_PROJECT_ROOT}/revision_2026_reviewer_response/06p_wp3_matched_null_and_depth_sensitivity/01_execution_outputs/matched_null/membership_parts/generated/GSM8500538_Cap.area5_DLBCL_V2__macrophage_rich__r0401-r0500.csv",337795,"cb27c034e7f90039e51104a2e18d5a5e58cb612f4cf85c4af102ebc2d94968dc","PASS","2026-08-05T18:25:37+0800",FALSE,"Create-once controlled-resume partition using frozen composite keys and seeds"
"GENERATED__gsm8500538_cap_area5_dlbcl_v2__macrophage_rich__r0501-r0600","GENERATED_BY_CONTROLLED_RESUME","GSM8500538_Cap.area5_DLBCL_V2","macrophage_rich","Macrophage-rich program",501,600,100,100,2200,2200,25371305,25371404,"${DLBCL_PROJECT_ROOT}/revision_2026_reviewer_response/06p_wp3_matched_null_and_depth_sensitivity/01_execution_scripts/05_06p_partitioned_membership_resume.R","c26643ea7c59428bd516cbe93006168c13bdff590940977ef2318f8df7bc9e85","${DLBCL_PROJECT_ROOT}/revision_2026_reviewer_response/06p_wp3_matched_null_and_depth_sensitivity/01_execution_outputs/matched_null/membership_parts/generated/GSM8500538_Cap.area5_DLBCL_V2__macrophage_rich__r0501-r0600.csv",337773,"8652ec753279abde0e065f0f7222cf6d3b086d74eeca67e38f1206fd71ffaa54","PASS","2026-08-05T18:25:37+0800",FALSE,"Create-once controlled-resume partition using frozen composite keys and seeds"
"GENERATED__gsm8500538_cap_area5_dlbcl_v2__macrophage_rich__r0601-r0700","GENERATED_BY_CONTROLLED_RESUME","GSM8500538_Cap.area5_DLBCL_V2","macrophage_rich","Macrophage-rich program",601,700,100,100,2200,2200,25371405,25371504,"${DLBCL_PROJECT_ROOT}/revision_2026_reviewer_response/06p_wp3_matched_null_and_depth_sensitivity/01_execution_scripts/05_06p_partitioned_membership_resume.R","c26643ea7c59428bd516cbe93006168c13bdff590940977ef2318f8df7bc9e85","${DLBCL_PROJECT_ROOT}/revision_2026_reviewer_response/06p_wp3_matched_null_and_depth_sensitivity/01_execution_outputs/matched_null/membership_parts/generated/GSM8500538_Cap.area5_DLBCL_V2__macrophage_rich__r0601-r0700.csv",337867,"51ce2ec6303262bc3d4b688c479f804d7351c263d9cb91c81a090931fa583991","PASS","2026-08-05T18:25:38+0800",FALSE,"Create-once controlled-resume partition using frozen composite keys and seeds"
"GENERATED__gsm8500538_cap_area5_dlbcl_v2__macrophage_rich__r0701-r0800","GENERATED_BY_CONTROLLED_RESUME","GSM8500538_Cap.area5_DLBCL_V2","macrophage_rich","Macrophage-rich program",701,800,100,100,2200,2200,25371505,25371604,"${DLBCL_PROJECT_ROOT}/revision_2026_reviewer_response/06p_wp3_matched_null_and_depth_sensitivity/01_execution_scripts/05_06p_partitioned_membership_resume.R","c26643ea7c59428bd516cbe93006168c13bdff590940977ef2318f8df7bc9e85","${DLBCL_PROJECT_ROOT}/revision_2026_reviewer_response/06p_wp3_matched_null_and_depth_sensitivity/01_execution_outputs/matched_null/membership_parts/generated/GSM8500538_Cap.area5_DLBCL_V2__macrophage_rich__r0701-r0800.csv",337808,"8a3b232dbc14b25c88a5def48432f97e1ddb4475ac93824a194f59df75b839ce","PASS","2026-08-05T18:25:39+0800",FALSE,"Create-once controlled-resume partition using frozen composite keys and seeds"
"GENERATED__gsm8500538_cap_area5_dlbcl_v2__macrophage_rich__r0801-r0900","GENERATED_BY_CONTROLLED_RESUME","GSM8500538_Cap.area5_DLBCL_V2","macrophage_rich","Macrophage-rich program",801,900,100,100,2200,2200,25371605,25371704,"${DLBCL_PROJECT_ROOT}/revision_2026_reviewer_response/06p_wp3_matched_null_and_depth_sensitivity/01_execution_scripts/05_06p_partitioned_membership_resume.R","c26643ea7c59428bd516cbe93006168c13bdff590940977ef2318f8df7bc9e85","${DLBCL_PROJECT_ROOT}/revision_2026_reviewer_response/06p_wp3_matched_null_and_depth_sensitivity/01_execution_outputs/matched_null/membership_parts/generated/GSM8500538_Cap.area5_DLBCL_V2__macrophage_rich__r0801-r0900.csv",337798,"62679668e93f163186b5d1a816613234191c1682fcd19bb7a688467692d85edd","PASS","2026-08-05T18:25:39+0800",FALSE,"Create-once controlled-resume partition using frozen composite keys and seeds"
"GENERATED__gsm8500538_cap_area5_dlbcl_v2__macrophage_rich__r0901-r1000","GENERATED_BY_CONTROLLED_RESUME","GSM8500538_Cap.area5_DLBCL_V2","macrophage_rich","Macrophage-rich program",901,1000,100,100,2200,2200,25371705,25371804,"${DLBCL_PROJECT_ROOT}/revision_2026_reviewer_response/06p_wp3_matched_null_and_depth_sensitivity/01_execution_scripts/05_06p_partitioned_membership_resume.R","c26643ea7c59428bd516cbe93006168c13bdff590940977ef2318f8df7bc9e85","${DLBCL_PROJECT_ROOT}/revision_2026_reviewer_response/06p_wp3_matched_null_and_depth_sensitivity/01_execution_outputs/matched_null/membership_parts/generated/GSM8500538_Cap.area5_DLBCL_V2__macrophage_rich__r0901-r1000.csv",337829,"bbcd7d3293dbb5a9806de478dfeff413de55de7a46cca04f4964cc244a595913","PASS","2026-08-05T18:25:40+0800",FALSE,"Create-once controlled-resume partition using frozen composite keys and seeds"
"GENERATED__gsm8500538_cap_area5_dlbcl_v2__t_cell_inflamed__r0001-r0100","GENERATED_BY_CONTROLLED_RESUME","GSM8500538_Cap.area5_DLBCL_V2","t_cell_inflamed","T cell-inflamed program",1,100,100,100,2100,2100,25470805,25470904,"${DLBCL_PROJECT_ROOT}/revision_2026_reviewer_response/06p_wp3_matched_null_and_depth_sensitivity/01_execution_scripts/05_06p_partitioned_membership_resume.R","c26643ea7c59428bd516cbe93006168c13bdff590940977ef2318f8df7bc9e85","${DLBCL_PROJECT_ROOT}/revision_2026_reviewer_response/06p_wp3_matched_null_and_depth_sensitivity/01_execution_outputs/matched_null/membership_parts/generated/GSM8500538_Cap.area5_DLBCL_V2__t_cell_inflamed__r0001-r0100.csv",319007,"0ad37a0cd55f1bfd57d6e02d461c583ca77e3c8071f191aa7033e9883e4aef21","PASS","2026-08-05T18:25:41+0800",FALSE,"Create-once controlled-resume partition using frozen composite keys and seeds"
"GENERATED__gsm8500538_cap_area5_dlbcl_v2__t_cell_inflamed__r0101-r0200","GENERATED_BY_CONTROLLED_RESUME","GSM8500538_Cap.area5_DLBCL_V2","t_cell_inflamed","T cell-inflamed program",101,200,100,100,2100,2100,25470905,25471004,"${DLBCL_PROJECT_ROOT}/revision_2026_reviewer_response/06p_wp3_matched_null_and_depth_sensitivity/01_execution_scripts/05_06p_partitioned_membership_resume.R","c26643ea7c59428bd516cbe93006168c13bdff590940977ef2318f8df7bc9e85","${DLBCL_PROJECT_ROOT}/revision_2026_reviewer_response/06p_wp3_matched_null_and_depth_sensitivity/01_execution_outputs/matched_null/membership_parts/generated/GSM8500538_Cap.area5_DLBCL_V2__t_cell_inflamed__r0101-r0200.csv",321221,"8dfaeea92dd14f42ed51f894eb1509d810d84611df37eb7aaf14777ca38bba7a","PASS","2026-08-05T18:25:42+0800",FALSE,"Create-once controlled-resume partition using frozen composite keys and seeds"
"GENERATED__gsm8500538_cap_area5_dlbcl_v2__t_cell_inflamed__r0201-r0300","GENERATED_BY_CONTROLLED_RESUME","GSM8500538_Cap.area5_DLBCL_V2","t_cell_inflamed","T cell-inflamed program",201,300,100,100,2100,2100,25471005,25471104,"${DLBCL_PROJECT_ROOT}/revision_2026_reviewer_response/06p_wp3_matched_null_and_depth_sensitivity/01_execution_scripts/05_06p_partitioned_membership_resume.R","c26643ea7c59428bd516cbe93006168c13bdff590940977ef2318f8df7bc9e85","${DLBCL_PROJECT_ROOT}/revision_2026_reviewer_response/06p_wp3_matched_null_and_depth_sensitivity/01_execution_outputs/matched_null/membership_parts/generated/GSM8500538_Cap.area5_DLBCL_V2__t_cell_inflamed__r0201-r0300.csv",321252,"d9976080b108a892d3654b4f1a5e1647998b8ad4b11e579d62c72b96b1cd822a","PASS","2026-08-05T18:25:42+0800",FALSE,"Create-once controlled-resume partition using frozen composite keys and seeds"
"GENERATED__gsm8500538_cap_area5_dlbcl_v2__t_cell_inflamed__r0301-r0400","GENERATED_BY_CONTROLLED_RESUME","GSM8500538_Cap.area5_DLBCL_V2","t_cell_inflamed","T cell-inflamed program",301,400,100,100,2100,2100,25471105,25471204,"${DLBCL_PROJECT_ROOT}/revision_2026_reviewer_response/06p_wp3_matched_null_and_depth_sensitivity/01_execution_scripts/05_06p_partitioned_membership_resume.R","c26643ea7c59428bd516cbe93006168c13bdff590940977ef2318f8df7bc9e85","${DLBCL_PROJECT_ROOT}/revision_2026_reviewer_response/06p_wp3_matched_null_and_depth_sensitivity/01_execution_outputs/matched_null/membership_parts/generated/GSM8500538_Cap.area5_DLBCL_V2__t_cell_inflamed__r0301-r0400.csv",321248,"3f63740e7141ae9fc94bcedee9d8059e1e4010c70a58b17b49f346df94fe39fd","PASS","2026-08-05T18:25:43+0800",FALSE,"Create-once controlled-resume partition using frozen composite keys and seeds"
"GENERATED__gsm8500538_cap_area5_dlbcl_v2__t_cell_inflamed__r0401-r0500","GENERATED_BY_CONTROLLED_RESUME","GSM8500538_Cap.area5_DLBCL_V2","t_cell_inflamed","T cell-inflamed program",401,500,100,100,2100,2100,25471205,25471304,"${DLBCL_PROJECT_ROOT}/revision_2026_reviewer_response/06p_wp3_matched_null_and_depth_sensitivity/01_execution_scripts/05_06p_partitioned_membership_resume.R","c26643ea7c59428bd516cbe93006168c13bdff590940977ef2318f8df7bc9e85","${DLBCL_PROJECT_ROOT}/revision_2026_reviewer_response/06p_wp3_matched_null_and_depth_sensitivity/01_execution_outputs/matched_null/membership_parts/generated/GSM8500538_Cap.area5_DLBCL_V2__t_cell_inflamed__r0401-r0500.csv",321034,"6f4ddfb7d4ae3201ea0c91a424dcaaebc74e4c6bf3bc613b2fc8c0de98343783","PASS","2026-08-05T18:25:43+0800",FALSE,"Create-once controlled-resume partition using frozen composite keys and seeds"
"GENERATED__gsm8500538_cap_area5_dlbcl_v2__t_cell_inflamed__r0501-r0600","GENERATED_BY_CONTROLLED_RESUME","GSM8500538_Cap.area5_DLBCL_V2","t_cell_inflamed","T cell-inflamed program",501,600,100,100,2100,2100,25471305,25471404,"${DLBCL_PROJECT_ROOT}/revision_2026_reviewer_response/06p_wp3_matched_null_and_depth_sensitivity/01_execution_scripts/05_06p_partitioned_membership_resume.R","c26643ea7c59428bd516cbe93006168c13bdff590940977ef2318f8df7bc9e85","${DLBCL_PROJECT_ROOT}/revision_2026_reviewer_response/06p_wp3_matched_null_and_depth_sensitivity/01_execution_outputs/matched_null/membership_parts/generated/GSM8500538_Cap.area5_DLBCL_V2__t_cell_inflamed__r0501-r0600.csv",321203,"dd9ffee9922bcd8dd7a5c049f2e820b5f0dc1ae04400bd03683074cefeabe90a","PASS","2026-08-05T18:25:44+0800",FALSE,"Create-once controlled-resume partition using frozen composite keys and seeds"
"GENERATED__gsm8500538_cap_area5_dlbcl_v2__t_cell_inflamed__r0601-r0700","GENERATED_BY_CONTROLLED_RESUME","GSM8500538_Cap.area5_DLBCL_V2","t_cell_inflamed","T cell-inflamed program",601,700,100,100,2100,2100,25471405,25471504,"${DLBCL_PROJECT_ROOT}/revision_2026_reviewer_response/06p_wp3_matched_null_and_depth_sensitivity/01_execution_scripts/05_06p_partitioned_membership_resume.R","c26643ea7c59428bd516cbe93006168c13bdff590940977ef2318f8df7bc9e85","${DLBCL_PROJECT_ROOT}/revision_2026_reviewer_response/06p_wp3_matched_null_and_depth_sensitivity/01_execution_outputs/matched_null/membership_parts/generated/GSM8500538_Cap.area5_DLBCL_V2__t_cell_inflamed__r0601-r0700.csv",321197,"f316b059c22ad4bcf06a961af9d8bd2a4bcdf9fb3a6c60fdc6bc19e564252e9a","PASS","2026-08-05T18:25:45+0800",FALSE,"Create-once controlled-resume partition using frozen composite keys and seeds"
"GENERATED__gsm8500538_cap_area5_dlbcl_v2__t_cell_inflamed__r0701-r0800","GENERATED_BY_CONTROLLED_RESUME","GSM8500538_Cap.area5_DLBCL_V2","t_cell_inflamed","T cell-inflamed program",701,800,100,100,2100,2100,25471505,25471604,"${DLBCL_PROJECT_ROOT}/revision_2026_reviewer_response/06p_wp3_matched_null_and_depth_sensitivity/01_execution_scripts/05_06p_partitioned_membership_resume.R","c26643ea7c59428bd516cbe93006168c13bdff590940977ef2318f8df7bc9e85","${DLBCL_PROJECT_ROOT}/revision_2026_reviewer_response/06p_wp3_matched_null_and_depth_sensitivity/01_execution_outputs/matched_null/membership_parts/generated/GSM8500538_Cap.area5_DLBCL_V2__t_cell_inflamed__r0701-r0800.csv",321134,"10c299491e84235ca6d3de56ba491999f550da4fa9789678975427570c8fb0ce","PASS","2026-08-05T18:25:45+0800",FALSE,"Create-once controlled-resume partition using frozen composite keys and seeds"
"GENERATED__gsm8500538_cap_area5_dlbcl_v2__t_cell_inflamed__r0801-r0900","GENERATED_BY_CONTROLLED_RESUME","GSM8500538_Cap.area5_DLBCL_V2","t_cell_inflamed","T cell-inflamed program",801,900,100,100,2100,2100,25471605,25471704,"${DLBCL_PROJECT_ROOT}/revision_2026_reviewer_response/06p_wp3_matched_null_and_depth_sensitivity/01_execution_scripts/05_06p_partitioned_membership_resume.R","c26643ea7c59428bd516cbe93006168c13bdff590940977ef2318f8df7bc9e85","${DLBCL_PROJECT_ROOT}/revision_2026_reviewer_response/06p_wp3_matched_null_and_depth_sensitivity/01_execution_outputs/matched_null/membership_parts/generated/GSM8500538_Cap.area5_DLBCL_V2__t_cell_inflamed__r0801-r0900.csv",321197,"301eab550f42b00c3d6adf901cf64d76870b9b4828a753a63fea3710e1afe752","PASS","2026-08-05T18:25:46+0800",FALSE,"Create-once controlled-resume partition using frozen composite keys and seeds"
"GENERATED__gsm8500538_cap_area5_dlbcl_v2__t_cell_inflamed__r0901-r1000","GENERATED_BY_CONTROLLED_RESUME","GSM8500538_Cap.area5_DLBCL_V2","t_cell_inflamed","T cell-inflamed program",901,1000,100,100,2100,2100,25471705,25471804,"${DLBCL_PROJECT_ROOT}/revision_2026_reviewer_response/06p_wp3_matched_null_and_depth_sensitivity/01_execution_scripts/05_06p_partitioned_membership_resume.R","c26643ea7c59428bd516cbe93006168c13bdff590940977ef2318f8df7bc9e85","${DLBCL_PROJECT_ROOT}/revision_2026_reviewer_response/06p_wp3_matched_null_and_depth_sensitivity/01_execution_outputs/matched_null/membership_parts/generated/GSM8500538_Cap.area5_DLBCL_V2__t_cell_inflamed__r0901-r1000.csv",321210,"ac873705785e36aabf1e5fbf8505308eb28d5eb9aa5121c9a4d01372b25bf80d","PASS","2026-08-05T18:25:47+0800",FALSE,"Create-once controlled-resume partition using frozen composite keys and seeds"
"GENERATED__gsm8500538_cap_area5_dlbcl_v2__antigen_presentation__r0001-r0100","GENERATED_BY_CONTROLLED_RESUME","GSM8500538_Cap.area5_DLBCL_V2","antigen_presentation","Immune-inflamed / antigen-presentation program",1,100,100,100,1300,1300,25570805,25570904,"${DLBCL_PROJECT_ROOT}/revision_2026_reviewer_response/06p_wp3_matched_null_and_depth_sensitivity/01_execution_scripts/05_06p_partitioned_membership_resume.R","c26643ea7c59428bd516cbe93006168c13bdff590940977ef2318f8df7bc9e85","${DLBCL_PROJECT_ROOT}/revision_2026_reviewer_response/06p_wp3_matched_null_and_depth_sensitivity/01_execution_outputs/matched_null/membership_parts/generated/GSM8500538_Cap.area5_DLBCL_V2__antigen_presentation__r0001-r0100.csv",241908,"c2e166ad5a60b6d5093c3b7aa682f5225ea7d3b6b0c94f99a278d7c1937acd03","PASS","2026-08-05T18:25:47+0800",FALSE,"Create-once controlled-resume partition using frozen composite keys and seeds"
"GENERATED__gsm8500538_cap_area5_dlbcl_v2__antigen_presentation__r0101-r0200","GENERATED_BY_CONTROLLED_RESUME","GSM8500538_Cap.area5_DLBCL_V2","antigen_presentation","Immune-inflamed / antigen-presentation program",101,200,100,100,1300,1300,25570905,25571004,"${DLBCL_PROJECT_ROOT}/revision_2026_reviewer_response/06p_wp3_matched_null_and_depth_sensitivity/01_execution_scripts/05_06p_partitioned_membership_resume.R","c26643ea7c59428bd516cbe93006168c13bdff590940977ef2318f8df7bc9e85","${DLBCL_PROJECT_ROOT}/revision_2026_reviewer_response/06p_wp3_matched_null_and_depth_sensitivity/01_execution_outputs/matched_null/membership_parts/generated/GSM8500538_Cap.area5_DLBCL_V2__antigen_presentation__r0101-r0200.csv",243325,"7d6e675b328bfbb04c60cf428428c0bcaba38397b3990e4cb499c191194c5113","PASS","2026-08-05T18:25:48+0800",FALSE,"Create-once controlled-resume partition using frozen composite keys and seeds"
"GENERATED__gsm8500538_cap_area5_dlbcl_v2__antigen_presentation__r0201-r0300","GENERATED_BY_CONTROLLED_RESUME","GSM8500538_Cap.area5_DLBCL_V2","antigen_presentation","Immune-inflamed / antigen-presentation program",201,300,100,100,1300,1300,25571005,25571104,"${DLBCL_PROJECT_ROOT}/revision_2026_reviewer_response/06p_wp3_matched_null_and_depth_sensitivity/01_execution_scripts/05_06p_partitioned_membership_resume.R","c26643ea7c59428bd516cbe93006168c13bdff590940977ef2318f8df7bc9e85","${DLBCL_PROJECT_ROOT}/revision_2026_reviewer_response/06p_wp3_matched_null_and_depth_sensitivity/01_execution_outputs/matched_null/membership_parts/generated/GSM8500538_Cap.area5_DLBCL_V2__antigen_presentation__r0201-r0300.csv",243386,"48e7f60163366beebf5b5853067fa21a412735101d4edd93e5519fc949c2e424","PASS","2026-08-05T18:25:48+0800",FALSE,"Create-once controlled-resume partition using frozen composite keys and seeds"
"GENERATED__gsm8500538_cap_area5_dlbcl_v2__antigen_presentation__r0301-r0400","GENERATED_BY_CONTROLLED_RESUME","GSM8500538_Cap.area5_DLBCL_V2","antigen_presentation","Immune-inflamed / antigen-presentation program",301,400,100,100,1300,1300,25571105,25571204,"${DLBCL_PROJECT_ROOT}/revision_2026_reviewer_response/06p_wp3_matched_null_and_depth_sensitivity/01_execution_scripts/05_06p_partitioned_membership_resume.R","c26643ea7c59428bd516cbe93006168c13bdff590940977ef2318f8df7bc9e85","${DLBCL_PROJECT_ROOT}/revision_2026_reviewer_response/06p_wp3_matched_null_and_depth_sensitivity/01_execution_outputs/matched_null/membership_parts/generated/GSM8500538_Cap.area5_DLBCL_V2__antigen_presentation__r0301-r0400.csv",243333,"fe815ba615674168ba407bed7b3768a35b474e178330fb5771655c5dbdddae0d","PASS","2026-08-05T18:25:49+0800",FALSE,"Create-once controlled-resume partition using frozen composite keys and seeds"
"GENERATED__gsm8500538_cap_area5_dlbcl_v2__antigen_presentation__r0401-r0500","GENERATED_BY_CONTROLLED_RESUME","GSM8500538_Cap.area5_DLBCL_V2","antigen_presentation","Immune-inflamed / antigen-presentation program",401,500,100,100,1300,1300,25571205,25571304,"${DLBCL_PROJECT_ROOT}/revision_2026_reviewer_response/06p_wp3_matched_null_and_depth_sensitivity/01_execution_scripts/05_06p_partitioned_membership_resume.R","c26643ea7c59428bd516cbe93006168c13bdff590940977ef2318f8df7bc9e85","${DLBCL_PROJECT_ROOT}/revision_2026_reviewer_response/06p_wp3_matched_null_and_depth_sensitivity/01_execution_outputs/matched_null/membership_parts/generated/GSM8500538_Cap.area5_DLBCL_V2__antigen_presentation__r0401-r0500.csv",243315,"cc8f81709592fb5225975c6d22cbbd6498177fcede46e69afe5862f914e9562b","PASS","2026-08-05T18:25:49+0800",FALSE,"Create-once controlled-resume partition using frozen composite keys and seeds"
"GENERATED__gsm8500538_cap_area5_dlbcl_v2__antigen_presentation__r0501-r0600","GENERATED_BY_CONTROLLED_RESUME","GSM8500538_Cap.area5_DLBCL_V2","antigen_presentation","Immune-inflamed / antigen-presentation program",501,600,100,100,1300,1300,25571305,25571404,"${DLBCL_PROJECT_ROOT}/revision_2026_reviewer_response/06p_wp3_matched_null_and_depth_sensitivity/01_execution_scripts/05_06p_partitioned_membership_resume.R","c26643ea7c59428bd516cbe93006168c13bdff590940977ef2318f8df7bc9e85","${DLBCL_PROJECT_ROOT}/revision_2026_reviewer_response/06p_wp3_matched_null_and_depth_sensitivity/01_execution_outputs/matched_null/membership_parts/generated/GSM8500538_Cap.area5_DLBCL_V2__antigen_presentation__r0501-r0600.csv",243330,"6f3fc1a20cdb5ec797379f4b1f0e2ba9b389d503c281b9ee2c1a9a62238dc844","PASS","2026-08-05T18:25:50+0800",FALSE,"Create-once controlled-resume partition using frozen composite keys and seeds"
"GENERATED__gsm8500538_cap_area5_dlbcl_v2__antigen_presentation__r0601-r0700","GENERATED_BY_CONTROLLED_RESUME","GSM8500538_Cap.area5_DLBCL_V2","antigen_presentation","Immune-inflamed / antigen-presentation program",601,700,100,100,1300,1300,25571405,25571504,"${DLBCL_PROJECT_ROOT}/revision_2026_reviewer_response/06p_wp3_matched_null_and_depth_sensitivity/01_execution_scripts/05_06p_partitioned_membership_resume.R","c26643ea7c59428bd516cbe93006168c13bdff590940977ef2318f8df7bc9e85","${DLBCL_PROJECT_ROOT}/revision_2026_reviewer_response/06p_wp3_matched_null_and_depth_sensitivity/01_execution_outputs/matched_null/membership_parts/generated/GSM8500538_Cap.area5_DLBCL_V2__antigen_presentation__r0601-r0700.csv",243327,"d41a05c87d4d00838b5506e42856133723d5c195265f8e6162c4961369814e86","PASS","2026-08-05T18:25:50+0800",FALSE,"Create-once controlled-resume partition using frozen composite keys and seeds"
"GENERATED__gsm8500538_cap_area5_dlbcl_v2__antigen_presentation__r0701-r0800","GENERATED_BY_CONTROLLED_RESUME","GSM8500538_Cap.area5_DLBCL_V2","antigen_presentation","Immune-inflamed / antigen-presentation program",701,800,100,100,1300,1300,25571505,25571604,"${DLBCL_PROJECT_ROOT}/revision_2026_reviewer_response/06p_wp3_matched_null_and_depth_sensitivity/01_execution_scripts/05_06p_partitioned_membership_resume.R","c26643ea7c59428bd516cbe93006168c13bdff590940977ef2318f8df7bc9e85","${DLBCL_PROJECT_ROOT}/revision_2026_reviewer_response/06p_wp3_matched_null_and_depth_sensitivity/01_execution_outputs/matched_null/membership_parts/generated/GSM8500538_Cap.area5_DLBCL_V2__antigen_presentation__r0701-r0800.csv",243289,"53aac04803f790a877db23da255d4dc398a7d39e2522c45c00a197b171c9f053","PASS","2026-08-05T18:25:51+0800",FALSE,"Create-once controlled-resume partition using frozen composite keys and seeds"
"GENERATED__gsm8500538_cap_area5_dlbcl_v2__antigen_presentation__r0801-r0900","GENERATED_BY_CONTROLLED_RESUME","GSM8500538_Cap.area5_DLBCL_V2","antigen_presentation","Immune-inflamed / antigen-presentation program",801,900,100,100,1300,1300,25571605,25571704,"${DLBCL_PROJECT_ROOT}/revision_2026_reviewer_response/06p_wp3_matched_null_and_depth_sensitivity/01_execution_scripts/05_06p_partitioned_membership_resume.R","c26643ea7c59428bd516cbe93006168c13bdff590940977ef2318f8df7bc9e85","${DLBCL_PROJECT_ROOT}/revision_2026_reviewer_response/06p_wp3_matched_null_and_depth_sensitivity/01_execution_outputs/matched_null/membership_parts/generated/GSM8500538_Cap.area5_DLBCL_V2__antigen_presentation__r0801-r0900.csv",243302,"099ecb90c5c0085699bc353528526b2a389be64ea9ab884b7dfbbeb0de9b14cb","PASS","2026-08-05T18:25:51+0800",FALSE,"Create-once controlled-resume partition using frozen composite keys and seeds"
"GENERATED__gsm8500538_cap_area5_dlbcl_v2__antigen_presentation__r0901-r1000","GENERATED_BY_CONTROLLED_RESUME","GSM8500538_Cap.area5_DLBCL_V2","antigen_presentation","Immune-inflamed / antigen-presentation program",901,1000,100,100,1300,1300,25571705,25571804,"${DLBCL_PROJECT_ROOT}/revision_2026_reviewer_response/06p_wp3_matched_null_and_depth_sensitivity/01_execution_scripts/05_06p_partitioned_membership_resume.R","c26643ea7c59428bd516cbe93006168c13bdff590940977ef2318f8df7bc9e85","${DLBCL_PROJECT_ROOT}/revision_2026_reviewer_response/06p_wp3_matched_null_and_depth_sensitivity/01_execution_outputs/matched_null/membership_parts/generated/GSM8500538_Cap.area5_DLBCL_V2__antigen_presentation__r0901-r1000.csv",243378,"7abcaef67a6319f1ae3baabf39e7f5b694a504a982d9d584e8ddf9a157b1bab4","PASS","2026-08-05T18:25:52+0800",FALSE,"Create-once controlled-resume partition using frozen composite keys and seeds"
"GENERATED__gsm8500538_cap_area5_dlbcl_v2__stromal_fibrotic__r0001-r0100","GENERATED_BY_CONTROLLED_RESUME","GSM8500538_Cap.area5_DLBCL_V2","stromal_fibrotic","Stromal / fibrotic program",1,100,100,100,2200,2200,25670805,25670904,"${DLBCL_PROJECT_ROOT}/revision_2026_reviewer_response/06p_wp3_matched_null_and_depth_sensitivity/01_execution_scripts/05_06p_partitioned_membership_resume.R","c26643ea7c59428bd516cbe93006168c13bdff590940977ef2318f8df7bc9e85","${DLBCL_PROJECT_ROOT}/revision_2026_reviewer_response/06p_wp3_matched_null_and_depth_sensitivity/01_execution_outputs/matched_null/membership_parts/generated/GSM8500538_Cap.area5_DLBCL_V2__stromal_fibrotic__r0001-r0100.csv",343555,"2f8da021cd5bcc89f265e566779a6aac875ecd15e4e5687cdabba7c8a1a686c6","PASS","2026-08-05T18:25:52+0800",FALSE,"Create-once controlled-resume partition using frozen composite keys and seeds"
"GENERATED__gsm8500538_cap_area5_dlbcl_v2__stromal_fibrotic__r0101-r0200","GENERATED_BY_CONTROLLED_RESUME","GSM8500538_Cap.area5_DLBCL_V2","stromal_fibrotic","Stromal / fibrotic program",101,200,100,100,2200,2200,25670905,25671004,"${DLBCL_PROJECT_ROOT}/revision_2026_reviewer_response/06p_wp3_matched_null_and_depth_sensitivity/01_execution_scripts/05_06p_partitioned_membership_resume.R","c26643ea7c59428bd516cbe93006168c13bdff590940977ef2318f8df7bc9e85","${DLBCL_PROJECT_ROOT}/revision_2026_reviewer_response/06p_wp3_matched_null_and_depth_sensitivity/01_execution_outputs/matched_null/membership_parts/generated/GSM8500538_Cap.area5_DLBCL_V2__stromal_fibrotic__r0101-r0200.csv",346185,"b787b578b290061f1d8f6003c52427771a40d973e02f9527ccea7aa7c76a7ba3","PASS","2026-08-05T18:25:53+0800",FALSE,"Create-once controlled-resume partition using frozen composite keys and seeds"
"GENERATED__gsm8500538_cap_area5_dlbcl_v2__stromal_fibrotic__r0201-r0300","GENERATED_BY_CONTROLLED_RESUME","GSM8500538_Cap.area5_DLBCL_V2","stromal_fibrotic","Stromal / fibrotic program",201,300,100,100,2200,2200,25671005,25671104,"${DLBCL_PROJECT_ROOT}/revision_2026_reviewer_response/06p_wp3_matched_null_and_depth_sensitivity/01_execution_scripts/05_06p_partitioned_membership_resume.R","c26643ea7c59428bd516cbe93006168c13bdff590940977ef2318f8df7bc9e85","${DLBCL_PROJECT_ROOT}/revision_2026_reviewer_response/06p_wp3_matched_null_and_depth_sensitivity/01_execution_outputs/matched_null/membership_parts/generated/GSM8500538_Cap.area5_DLBCL_V2__stromal_fibrotic__r0201-r0300.csv",346095,"706fd5c65be5ffabdb1e91e45915fc9362b04cf353d5f6c07250748d1cbb7e24","PASS","2026-08-05T18:25:54+0800",FALSE,"Create-once controlled-resume partition using frozen composite keys and seeds"
"GENERATED__gsm8500538_cap_area5_dlbcl_v2__stromal_fibrotic__r0301-r0400","GENERATED_BY_CONTROLLED_RESUME","GSM8500538_Cap.area5_DLBCL_V2","stromal_fibrotic","Stromal / fibrotic program",301,400,100,100,2200,2200,25671105,25671204,"${DLBCL_PROJECT_ROOT}/revision_2026_reviewer_response/06p_wp3_matched_null_and_depth_sensitivity/01_execution_scripts/05_06p_partitioned_membership_resume.R","c26643ea7c59428bd516cbe93006168c13bdff590940977ef2318f8df7bc9e85","${DLBCL_PROJECT_ROOT}/revision_2026_reviewer_response/06p_wp3_matched_null_and_depth_sensitivity/01_execution_outputs/matched_null/membership_parts/generated/GSM8500538_Cap.area5_DLBCL_V2__stromal_fibrotic__r0301-r0400.csv",346006,"b0f73dd2ee0937391aa93ab6b0f582f64b27015dd8b1c01c2118c8be3d4a4ce9","PASS","2026-08-05T18:25:54+0800",FALSE,"Create-once controlled-resume partition using frozen composite keys and seeds"
"GENERATED__gsm8500538_cap_area5_dlbcl_v2__stromal_fibrotic__r0401-r0500","GENERATED_BY_CONTROLLED_RESUME","GSM8500538_Cap.area5_DLBCL_V2","stromal_fibrotic","Stromal / fibrotic program",401,500,100,100,2200,2200,25671205,25671304,"${DLBCL_PROJECT_ROOT}/revision_2026_reviewer_response/06p_wp3_matched_null_and_depth_sensitivity/01_execution_scripts/05_06p_partitioned_membership_resume.R","c26643ea7c59428bd516cbe93006168c13bdff590940977ef2318f8df7bc9e85","${DLBCL_PROJECT_ROOT}/revision_2026_reviewer_response/06p_wp3_matched_null_and_depth_sensitivity/01_execution_outputs/matched_null/membership_parts/generated/GSM8500538_Cap.area5_DLBCL_V2__stromal_fibrotic__r0401-r0500.csv",346008,"9dcc0b92c8f8034d9e32bbef169e77ba6a5eb3e59999c39377f8683245c5e533","PASS","2026-08-05T18:25:55+0800",FALSE,"Create-once controlled-resume partition using frozen composite keys and seeds"
"GENERATED__gsm8500538_cap_area5_dlbcl_v2__stromal_fibrotic__r0501-r0600","GENERATED_BY_CONTROLLED_RESUME","GSM8500538_Cap.area5_DLBCL_V2","stromal_fibrotic","Stromal / fibrotic program",501,600,100,100,2200,2200,25671305,25671404,"${DLBCL_PROJECT_ROOT}/revision_2026_reviewer_response/06p_wp3_matched_null_and_depth_sensitivity/01_execution_scripts/05_06p_partitioned_membership_resume.R","c26643ea7c59428bd516cbe93006168c13bdff590940977ef2318f8df7bc9e85","${DLBCL_PROJECT_ROOT}/revision_2026_reviewer_response/06p_wp3_matched_null_and_depth_sensitivity/01_execution_outputs/matched_null/membership_parts/generated/GSM8500538_Cap.area5_DLBCL_V2__stromal_fibrotic__r0501-r0600.csv",346002,"633536c65cb6d27b5c12b4a4000af939542d16c62bd162d79dfc5d3b8b887d59","PASS","2026-08-05T18:25:56+0800",FALSE,"Create-once controlled-resume partition using frozen composite keys and seeds"
"GENERATED__gsm8500538_cap_area5_dlbcl_v2__stromal_fibrotic__r0601-r0700","GENERATED_BY_CONTROLLED_RESUME","GSM8500538_Cap.area5_DLBCL_V2","stromal_fibrotic","Stromal / fibrotic program",601,700,100,100,2200,2200,25671405,25671504,"${DLBCL_PROJECT_ROOT}/revision_2026_reviewer_response/06p_wp3_matched_null_and_depth_sensitivity/01_execution_scripts/05_06p_partitioned_membership_resume.R","c26643ea7c59428bd516cbe93006168c13bdff590940977ef2318f8df7bc9e85","${DLBCL_PROJECT_ROOT}/revision_2026_reviewer_response/06p_wp3_matched_null_and_depth_sensitivity/01_execution_outputs/matched_null/membership_parts/generated/GSM8500538_Cap.area5_DLBCL_V2__stromal_fibrotic__r0601-r0700.csv",346000,"93d9154ff768b8b36b7a4429f3cf6aad348b27a31f4590a9b37c97138103bca8","PASS","2026-08-05T18:25:57+0800",FALSE,"Create-once controlled-resume partition using frozen composite keys and seeds"
"GENERATED__gsm8500538_cap_area5_dlbcl_v2__stromal_fibrotic__r0701-r0800","GENERATED_BY_CONTROLLED_RESUME","GSM8500538_Cap.area5_DLBCL_V2","stromal_fibrotic","Stromal / fibrotic program",701,800,100,100,2200,2200,25671505,25671604,"${DLBCL_PROJECT_ROOT}/revision_2026_reviewer_response/06p_wp3_matched_null_and_depth_sensitivity/01_execution_scripts/05_06p_partitioned_membership_resume.R","c26643ea7c59428bd516cbe93006168c13bdff590940977ef2318f8df7bc9e85","${DLBCL_PROJECT_ROOT}/revision_2026_reviewer_response/06p_wp3_matched_null_and_depth_sensitivity/01_execution_outputs/matched_null/membership_parts/generated/GSM8500538_Cap.area5_DLBCL_V2__stromal_fibrotic__r0701-r0800.csv",346009,"df19b23e7b9dbbdc6bf8a8f1cfc8e1098e53c47b926e6c0e8a1e4f15e0f6f389","PASS","2026-08-05T18:25:57+0800",FALSE,"Create-once controlled-resume partition using frozen composite keys and seeds"
"GENERATED__gsm8500538_cap_area5_dlbcl_v2__stromal_fibrotic__r0801-r0900","GENERATED_BY_CONTROLLED_RESUME","GSM8500538_Cap.area5_DLBCL_V2","stromal_fibrotic","Stromal / fibrotic program",801,900,100,100,2200,2200,25671605,25671704,"${DLBCL_PROJECT_ROOT}/revision_2026_reviewer_response/06p_wp3_matched_null_and_depth_sensitivity/01_execution_scripts/05_06p_partitioned_membership_resume.R","c26643ea7c59428bd516cbe93006168c13bdff590940977ef2318f8df7bc9e85","${DLBCL_PROJECT_ROOT}/revision_2026_reviewer_response/06p_wp3_matched_null_and_depth_sensitivity/01_execution_outputs/matched_null/membership_parts/generated/GSM8500538_Cap.area5_DLBCL_V2__stromal_fibrotic__r0801-r0900.csv",346007,"f37e7ad7607f6fd5ea2df569f02cc98b3c94f8e0274785304568eabf85e8c821","PASS","2026-08-05T18:25:58+0800",FALSE,"Create-once controlled-resume partition using frozen composite keys and seeds"
"GENERATED__gsm8500538_cap_area5_dlbcl_v2__stromal_fibrotic__r0901-r1000","GENERATED_BY_CONTROLLED_RESUME","GSM8500538_Cap.area5_DLBCL_V2","stromal_fibrotic","Stromal / fibrotic program",901,1000,100,100,2200,2200,25671705,25671804,"${DLBCL_PROJECT_ROOT}/revision_2026_reviewer_response/06p_wp3_matched_null_and_depth_sensitivity/01_execution_scripts/05_06p_partitioned_membership_resume.R","c26643ea7c59428bd516cbe93006168c13bdff590940977ef2318f8df7bc9e85","${DLBCL_PROJECT_ROOT}/revision_2026_reviewer_response/06p_wp3_matched_null_and_depth_sensitivity/01_execution_outputs/matched_null/membership_parts/generated/GSM8500538_Cap.area5_DLBCL_V2__stromal_fibrotic__r0901-r1000.csv",345999,"d2db96f81faf5bf5572e9d08749950ee7fface7df42080a4ec505e3d26615a3b","PASS","2026-08-05T18:25:59+0800",FALSE,"Create-once controlled-resume partition using frozen composite keys and seeds"
"GENERATED__gsm8500538_cap_area5_dlbcl_v2__immune_cold_exclusion__r0001-r0100","GENERATED_BY_CONTROLLED_RESUME","GSM8500538_Cap.area5_DLBCL_V2","immune_cold_exclusion","Immune-cold / exclusion-associated program",1,100,100,100,2200,2200,25770805,25770904,"${DLBCL_PROJECT_ROOT}/revision_2026_reviewer_response/06p_wp3_matched_null_and_depth_sensitivity/01_execution_scripts/05_06p_partitioned_membership_resume.R","c26643ea7c59428bd516cbe93006168c13bdff590940977ef2318f8df7bc9e85","${DLBCL_PROJECT_ROOT}/revision_2026_reviewer_response/06p_wp3_matched_null_and_depth_sensitivity/01_execution_outputs/matched_null/membership_parts/generated/GSM8500538_Cap.area5_DLBCL_V2__immune_cold_exclusion__r0001-r0100.csv",391719,"e637c6ed5979355f275fb3b8ff88a633fa2d704bec52f3dd6e61d8cd5e4d1285","PASS","2026-08-05T18:25:59+0800",FALSE,"Create-once controlled-resume partition using frozen composite keys and seeds"
"GENERATED__gsm8500538_cap_area5_dlbcl_v2__immune_cold_exclusion__r0101-r0200","GENERATED_BY_CONTROLLED_RESUME","GSM8500538_Cap.area5_DLBCL_V2","immune_cold_exclusion","Immune-cold / exclusion-associated program",101,200,100,100,2200,2200,25770905,25771004,"${DLBCL_PROJECT_ROOT}/revision_2026_reviewer_response/06p_wp3_matched_null_and_depth_sensitivity/01_execution_scripts/05_06p_partitioned_membership_resume.R","c26643ea7c59428bd516cbe93006168c13bdff590940977ef2318f8df7bc9e85","${DLBCL_PROJECT_ROOT}/revision_2026_reviewer_response/06p_wp3_matched_null_and_depth_sensitivity/01_execution_outputs/matched_null/membership_parts/generated/GSM8500538_Cap.area5_DLBCL_V2__immune_cold_exclusion__r0101-r0200.csv",394024,"aa976f6fe13358c761c8215f3e4258739ff3b63e0a62cbcc0a45b8bfd608fc2c","PASS","2026-08-05T18:26:00+0800",FALSE,"Create-once controlled-resume partition using frozen composite keys and seeds"
"GENERATED__gsm8500538_cap_area5_dlbcl_v2__immune_cold_exclusion__r0201-r0300","GENERATED_BY_CONTROLLED_RESUME","GSM8500538_Cap.area5_DLBCL_V2","immune_cold_exclusion","Immune-cold / exclusion-associated program",201,300,100,100,2200,2200,25771005,25771104,"${DLBCL_PROJECT_ROOT}/revision_2026_reviewer_response/06p_wp3_matched_null_and_depth_sensitivity/01_execution_scripts/05_06p_partitioned_membership_resume.R","c26643ea7c59428bd516cbe93006168c13bdff590940977ef2318f8df7bc9e85","${DLBCL_PROJECT_ROOT}/revision_2026_reviewer_response/06p_wp3_matched_null_and_depth_sensitivity/01_execution_outputs/matched_null/membership_parts/generated/GSM8500538_Cap.area5_DLBCL_V2__immune_cold_exclusion__r0201-r0300.csv",394113,"bd3d8468f208e5bf10d8e876702f94f0d62a152db9cdeadf0b3be9f6d6257b7f","PASS","2026-08-05T18:26:01+0800",FALSE,"Create-once controlled-resume partition using frozen composite keys and seeds"
"GENERATED__gsm8500538_cap_area5_dlbcl_v2__immune_cold_exclusion__r0301-r0400","GENERATED_BY_CONTROLLED_RESUME","GSM8500538_Cap.area5_DLBCL_V2","immune_cold_exclusion","Immune-cold / exclusion-associated program",301,400,100,100,2200,2200,25771105,25771204,"${DLBCL_PROJECT_ROOT}/revision_2026_reviewer_response/06p_wp3_matched_null_and_depth_sensitivity/01_execution_scripts/05_06p_partitioned_membership_resume.R","c26643ea7c59428bd516cbe93006168c13bdff590940977ef2318f8df7bc9e85","${DLBCL_PROJECT_ROOT}/revision_2026_reviewer_response/06p_wp3_matched_null_and_depth_sensitivity/01_execution_outputs/matched_null/membership_parts/generated/GSM8500538_Cap.area5_DLBCL_V2__immune_cold_exclusion__r0301-r0400.csv",394037,"2c46fb2862ea7073dc2b41707b33d5c72013bd3028868ef3e9c2ef82797ce248","PASS","2026-08-05T18:26:02+0800",FALSE,"Create-once controlled-resume partition using frozen composite keys and seeds"
"GENERATED__gsm8500538_cap_area5_dlbcl_v2__immune_cold_exclusion__r0401-r0500","GENERATED_BY_CONTROLLED_RESUME","GSM8500538_Cap.area5_DLBCL_V2","immune_cold_exclusion","Immune-cold / exclusion-associated program",401,500,100,100,2200,2200,25771205,25771304,"${DLBCL_PROJECT_ROOT}/revision_2026_reviewer_response/06p_wp3_matched_null_and_depth_sensitivity/01_execution_scripts/05_06p_partitioned_membership_resume.R","c26643ea7c59428bd516cbe93006168c13bdff590940977ef2318f8df7bc9e85","${DLBCL_PROJECT_ROOT}/revision_2026_reviewer_response/06p_wp3_matched_null_and_depth_sensitivity/01_execution_outputs/matched_null/membership_parts/generated/GSM8500538_Cap.area5_DLBCL_V2__immune_cold_exclusion__r0401-r0500.csv",394055,"d1f687565348bff16fde825f7965104c60713e104584424a4a207d287cfdc57f","PASS","2026-08-05T18:26:03+0800",FALSE,"Create-once controlled-resume partition using frozen composite keys and seeds"
"GENERATED__gsm8500538_cap_area5_dlbcl_v2__immune_cold_exclusion__r0501-r0600","GENERATED_BY_CONTROLLED_RESUME","GSM8500538_Cap.area5_DLBCL_V2","immune_cold_exclusion","Immune-cold / exclusion-associated program",501,600,100,100,2200,2200,25771305,25771404,"${DLBCL_PROJECT_ROOT}/revision_2026_reviewer_response/06p_wp3_matched_null_and_depth_sensitivity/01_execution_scripts/05_06p_partitioned_membership_resume.R","c26643ea7c59428bd516cbe93006168c13bdff590940977ef2318f8df7bc9e85","${DLBCL_PROJECT_ROOT}/revision_2026_reviewer_response/06p_wp3_matched_null_and_depth_sensitivity/01_execution_outputs/matched_null/membership_parts/generated/GSM8500538_Cap.area5_DLBCL_V2__immune_cold_exclusion__r0501-r0600.csv",393976,"61566f03f962ffc6f248ec8f451dadba00e6752fd7c74ae3637c918eb9feb533","PASS","2026-08-05T18:26:04+0800",FALSE,"Create-once controlled-resume partition using frozen composite keys and seeds"
"GENERATED__gsm8500538_cap_area5_dlbcl_v2__immune_cold_exclusion__r0601-r0700","GENERATED_BY_CONTROLLED_RESUME","GSM8500538_Cap.area5_DLBCL_V2","immune_cold_exclusion","Immune-cold / exclusion-associated program",601,700,100,100,2200,2200,25771405,25771504,"${DLBCL_PROJECT_ROOT}/revision_2026_reviewer_response/06p_wp3_matched_null_and_depth_sensitivity/01_execution_scripts/05_06p_partitioned_membership_resume.R","c26643ea7c59428bd516cbe93006168c13bdff590940977ef2318f8df7bc9e85","${DLBCL_PROJECT_ROOT}/revision_2026_reviewer_response/06p_wp3_matched_null_and_depth_sensitivity/01_execution_outputs/matched_null/membership_parts/generated/GSM8500538_Cap.area5_DLBCL_V2__immune_cold_exclusion__r0601-r0700.csv",393912,"1c7ce85018abc0816489ad6307b7f18eedd9c4588b02754074f54e393a52fbd6","PASS","2026-08-05T18:26:04+0800",FALSE,"Create-once controlled-resume partition using frozen composite keys and seeds"
"GENERATED__gsm8500538_cap_area5_dlbcl_v2__immune_cold_exclusion__r0701-r0800","GENERATED_BY_CONTROLLED_RESUME","GSM8500538_Cap.area5_DLBCL_V2","immune_cold_exclusion","Immune-cold / exclusion-associated program",701,800,100,100,2200,2200,25771505,25771604,"${DLBCL_PROJECT_ROOT}/revision_2026_reviewer_response/06p_wp3_matched_null_and_depth_sensitivity/01_execution_scripts/05_06p_partitioned_membership_resume.R","c26643ea7c59428bd516cbe93006168c13bdff590940977ef2318f8df7bc9e85","${DLBCL_PROJECT_ROOT}/revision_2026_reviewer_response/06p_wp3_matched_null_and_depth_sensitivity/01_execution_outputs/matched_null/membership_parts/generated/GSM8500538_Cap.area5_DLBCL_V2__immune_cold_exclusion__r0701-r0800.csv",394080,"25f52db60715a23d7f2ec8cdc70a81667f861e7a7fe592c9fd02e037ee61e123","PASS","2026-08-05T18:26:05+0800",FALSE,"Create-once controlled-resume partition using frozen composite keys and seeds"
"GENERATED__gsm8500538_cap_area5_dlbcl_v2__immune_cold_exclusion__r0801-r0900","GENERATED_BY_CONTROLLED_RESUME","GSM8500538_Cap.area5_DLBCL_V2","immune_cold_exclusion","Immune-cold / exclusion-associated program",801,900,100,100,2200,2200,25771605,25771704,"${DLBCL_PROJECT_ROOT}/revision_2026_reviewer_response/06p_wp3_matched_null_and_depth_sensitivity/01_execution_scripts/05_06p_partitioned_membership_resume.R","c26643ea7c59428bd516cbe93006168c13bdff590940977ef2318f8df7bc9e85","${DLBCL_PROJECT_ROOT}/revision_2026_reviewer_response/06p_wp3_matched_null_and_depth_sensitivity/01_execution_outputs/matched_null/membership_parts/generated/GSM8500538_Cap.area5_DLBCL_V2__immune_cold_exclusion__r0801-r0900.csv",394026,"de5b7392c45e68423479abd84d142192b9fcc6eb309414a967b87ad43671e115","PASS","2026-08-05T18:26:06+0800",FALSE,"Create-once controlled-resume partition using frozen composite keys and seeds"
"GENERATED__gsm8500538_cap_area5_dlbcl_v2__immune_cold_exclusion__r0901-r1000","GENERATED_BY_CONTROLLED_RESUME","GSM8500538_Cap.area5_DLBCL_V2","immune_cold_exclusion","Immune-cold / exclusion-associated program",901,1000,100,100,2200,2200,25771705,25771804,"${DLBCL_PROJECT_ROOT}/revision_2026_reviewer_response/06p_wp3_matched_null_and_depth_sensitivity/01_execution_scripts/05_06p_partitioned_membership_resume.R","c26643ea7c59428bd516cbe93006168c13bdff590940977ef2318f8df7bc9e85","${DLBCL_PROJECT_ROOT}/revision_2026_reviewer_response/06p_wp3_matched_null_and_depth_sensitivity/01_execution_outputs/matched_null/membership_parts/generated/GSM8500538_Cap.area5_DLBCL_V2__immune_cold_exclusion__r0901-r1000.csv",394111,"9d47e0ff62e8983ba4e315680b79240e6f6322dfbfbbe3ad0112248dddeca033","PASS","2026-08-05T18:26:06+0800",FALSE,"Create-once controlled-resume partition using frozen composite keys and seeds"
"GENERATED__gsm8500538_cap_area5_dlbcl_v2__proliferative_cycling__r0001-r0100","GENERATED_BY_CONTROLLED_RESUME","GSM8500538_Cap.area5_DLBCL_V2","proliferative_cycling","Proliferative / cycling program",1,100,100,100,2200,2200,25870805,25870904,"${DLBCL_PROJECT_ROOT}/revision_2026_reviewer_response/06p_wp3_matched_null_and_depth_sensitivity/01_execution_scripts/05_06p_partitioned_membership_resume.R","c26643ea7c59428bd516cbe93006168c13bdff590940977ef2318f8df7bc9e85","${DLBCL_PROJECT_ROOT}/revision_2026_reviewer_response/06p_wp3_matched_null_and_depth_sensitivity/01_execution_outputs/matched_null/membership_parts/generated/GSM8500538_Cap.area5_DLBCL_V2__proliferative_cycling__r0001-r0100.csv",366384,"0c2ea9df25d8a7eca8f088bc3393d6d307f0f664953996085c8c74bd31b47618","PASS","2026-08-05T18:26:07+0800",FALSE,"Create-once controlled-resume partition using frozen composite keys and seeds"
"GENERATED__gsm8500538_cap_area5_dlbcl_v2__proliferative_cycling__r0101-r0200","GENERATED_BY_CONTROLLED_RESUME","GSM8500538_Cap.area5_DLBCL_V2","proliferative_cycling","Proliferative / cycling program",101,200,100,100,2200,2200,25870905,25871004,"${DLBCL_PROJECT_ROOT}/revision_2026_reviewer_response/06p_wp3_matched_null_and_depth_sensitivity/01_execution_scripts/05_06p_partitioned_membership_resume.R","c26643ea7c59428bd516cbe93006168c13bdff590940977ef2318f8df7bc9e85","${DLBCL_PROJECT_ROOT}/revision_2026_reviewer_response/06p_wp3_matched_null_and_depth_sensitivity/01_execution_outputs/matched_null/membership_parts/generated/GSM8500538_Cap.area5_DLBCL_V2__proliferative_cycling__r0101-r0200.csv",368796,"34cce1634524efc50c35b5229ff279af63bcec8ba4cf4ead6f4c575e98cd7b17","PASS","2026-08-05T18:26:08+0800",FALSE,"Create-once controlled-resume partition using frozen composite keys and seeds"
"GENERATED__gsm8500538_cap_area5_dlbcl_v2__proliferative_cycling__r0201-r0300","GENERATED_BY_CONTROLLED_RESUME","GSM8500538_Cap.area5_DLBCL_V2","proliferative_cycling","Proliferative / cycling program",201,300,100,100,2200,2200,25871005,25871104,"${DLBCL_PROJECT_ROOT}/revision_2026_reviewer_response/06p_wp3_matched_null_and_depth_sensitivity/01_execution_scripts/05_06p_partitioned_membership_resume.R","c26643ea7c59428bd516cbe93006168c13bdff590940977ef2318f8df7bc9e85","${DLBCL_PROJECT_ROOT}/revision_2026_reviewer_response/06p_wp3_matched_null_and_depth_sensitivity/01_execution_outputs/matched_null/membership_parts/generated/GSM8500538_Cap.area5_DLBCL_V2__proliferative_cycling__r0201-r0300.csv",368855,"51192b3593d68b2f6f458ae6b9d2cb863b97fbffa0a9b1f09089c11cf199508b","PASS","2026-08-05T18:26:08+0800",FALSE,"Create-once controlled-resume partition using frozen composite keys and seeds"
"GENERATED__gsm8500538_cap_area5_dlbcl_v2__proliferative_cycling__r0301-r0400","GENERATED_BY_CONTROLLED_RESUME","GSM8500538_Cap.area5_DLBCL_V2","proliferative_cycling","Proliferative / cycling program",301,400,100,100,2200,2200,25871105,25871204,"${DLBCL_PROJECT_ROOT}/revision_2026_reviewer_response/06p_wp3_matched_null_and_depth_sensitivity/01_execution_scripts/05_06p_partitioned_membership_resume.R","c26643ea7c59428bd516cbe93006168c13bdff590940977ef2318f8df7bc9e85","${DLBCL_PROJECT_ROOT}/revision_2026_reviewer_response/06p_wp3_matched_null_and_depth_sensitivity/01_execution_outputs/matched_null/membership_parts/generated/GSM8500538_Cap.area5_DLBCL_V2__proliferative_cycling__r0301-r0400.csv",368772,"067513aac67996322a048e52c3f5b42701402fab4554759691921c6b6b600627","PASS","2026-08-05T18:26:09+0800",FALSE,"Create-once controlled-resume partition using frozen composite keys and seeds"
"GENERATED__gsm8500538_cap_area5_dlbcl_v2__proliferative_cycling__r0401-r0500","GENERATED_BY_CONTROLLED_RESUME","GSM8500538_Cap.area5_DLBCL_V2","proliferative_cycling","Proliferative / cycling program",401,500,100,100,2200,2200,25871205,25871304,"${DLBCL_PROJECT_ROOT}/revision_2026_reviewer_response/06p_wp3_matched_null_and_depth_sensitivity/01_execution_scripts/05_06p_partitioned_membership_resume.R","c26643ea7c59428bd516cbe93006168c13bdff590940977ef2318f8df7bc9e85","${DLBCL_PROJECT_ROOT}/revision_2026_reviewer_response/06p_wp3_matched_null_and_depth_sensitivity/01_execution_outputs/matched_null/membership_parts/generated/GSM8500538_Cap.area5_DLBCL_V2__proliferative_cycling__r0401-r0500.csv",368741,"b7c33be6c5b03a4d98f997c98102192782994d55d0440b1fe01ef78e5efbaf93","PASS","2026-08-05T18:26:10+0800",FALSE,"Create-once controlled-resume partition using frozen composite keys and seeds"
"GENERATED__gsm8500538_cap_area5_dlbcl_v2__proliferative_cycling__r0501-r0600","GENERATED_BY_CONTROLLED_RESUME","GSM8500538_Cap.area5_DLBCL_V2","proliferative_cycling","Proliferative / cycling program",501,600,100,100,2200,2200,25871305,25871404,"${DLBCL_PROJECT_ROOT}/revision_2026_reviewer_response/06p_wp3_matched_null_and_depth_sensitivity/01_execution_scripts/05_06p_partitioned_membership_resume.R","c26643ea7c59428bd516cbe93006168c13bdff590940977ef2318f8df7bc9e85","${DLBCL_PROJECT_ROOT}/revision_2026_reviewer_response/06p_wp3_matched_null_and_depth_sensitivity/01_execution_outputs/matched_null/membership_parts/generated/GSM8500538_Cap.area5_DLBCL_V2__proliferative_cycling__r0501-r0600.csv",368856,"3b5378f85eeb19bdff1c58a574af9cf8e43591d7e1664ac6a622409604c1717b","PASS","2026-08-05T18:26:10+0800",FALSE,"Create-once controlled-resume partition using frozen composite keys and seeds"
"GENERATED__gsm8500538_cap_area5_dlbcl_v2__proliferative_cycling__r0601-r0700","GENERATED_BY_CONTROLLED_RESUME","GSM8500538_Cap.area5_DLBCL_V2","proliferative_cycling","Proliferative / cycling program",601,700,100,100,2200,2200,25871405,25871504,"${DLBCL_PROJECT_ROOT}/revision_2026_reviewer_response/06p_wp3_matched_null_and_depth_sensitivity/01_execution_scripts/05_06p_partitioned_membership_resume.R","c26643ea7c59428bd516cbe93006168c13bdff590940977ef2318f8df7bc9e85","${DLBCL_PROJECT_ROOT}/revision_2026_reviewer_response/06p_wp3_matched_null_and_depth_sensitivity/01_execution_outputs/matched_null/membership_parts/generated/GSM8500538_Cap.area5_DLBCL_V2__proliferative_cycling__r0601-r0700.csv",368732,"a0fc4c21a6ac7b844ad84c663c12f0a717a302d90556626fd84d0f3ab61d4d97","PASS","2026-08-05T18:26:11+0800",FALSE,"Create-once controlled-resume partition using frozen composite keys and seeds"
"GENERATED__gsm8500538_cap_area5_dlbcl_v2__proliferative_cycling__r0701-r0800","GENERATED_BY_CONTROLLED_RESUME","GSM8500538_Cap.area5_DLBCL_V2","proliferative_cycling","Proliferative / cycling program",701,800,100,100,2200,2200,25871505,25871604,"${DLBCL_PROJECT_ROOT}/revision_2026_reviewer_response/06p_wp3_matched_null_and_depth_sensitivity/01_execution_scripts/05_06p_partitioned_membership_resume.R","c26643ea7c59428bd516cbe93006168c13bdff590940977ef2318f8df7bc9e85","${DLBCL_PROJECT_ROOT}/revision_2026_reviewer_response/06p_wp3_matched_null_and_depth_sensitivity/01_execution_outputs/matched_null/membership_parts/generated/GSM8500538_Cap.area5_DLBCL_V2__proliferative_cycling__r0701-r0800.csv",368662,"de754e9ba59203eab69e17d93f25f356e7cffaf84263d39a31066fe8929b3155","PASS","2026-08-05T18:26:12+0800",FALSE,"Create-once controlled-resume partition using frozen composite keys and seeds"
"GENERATED__gsm8500538_cap_area5_dlbcl_v2__proliferative_cycling__r0801-r0900","GENERATED_BY_CONTROLLED_RESUME","GSM8500538_Cap.area5_DLBCL_V2","proliferative_cycling","Proliferative / cycling program",801,900,100,100,2200,2200,25871605,25871704,"${DLBCL_PROJECT_ROOT}/revision_2026_reviewer_response/06p_wp3_matched_null_and_depth_sensitivity/01_execution_scripts/05_06p_partitioned_membership_resume.R","c26643ea7c59428bd516cbe93006168c13bdff590940977ef2318f8df7bc9e85","${DLBCL_PROJECT_ROOT}/revision_2026_reviewer_response/06p_wp3_matched_null_and_depth_sensitivity/01_execution_outputs/matched_null/membership_parts/generated/GSM8500538_Cap.area5_DLBCL_V2__proliferative_cycling__r0801-r0900.csv",368857,"231a22f2d031636187e05b0a0f081abf4124877d53e387ffcd9fdb064f59b389","PASS","2026-08-05T18:26:13+0800",FALSE,"Create-once controlled-resume partition using frozen composite keys and seeds"
"GENERATED__gsm8500538_cap_area5_dlbcl_v2__proliferative_cycling__r0901-r1000","GENERATED_BY_CONTROLLED_RESUME","GSM8500538_Cap.area5_DLBCL_V2","proliferative_cycling","Proliferative / cycling program",901,1000,100,100,2200,2200,25871705,25871804,"${DLBCL_PROJECT_ROOT}/revision_2026_reviewer_response/06p_wp3_matched_null_and_depth_sensitivity/01_execution_scripts/05_06p_partitioned_membership_resume.R","c26643ea7c59428bd516cbe93006168c13bdff590940977ef2318f8df7bc9e85","${DLBCL_PROJECT_ROOT}/revision_2026_reviewer_response/06p_wp3_matched_null_and_depth_sensitivity/01_execution_outputs/matched_null/membership_parts/generated/GSM8500538_Cap.area5_DLBCL_V2__proliferative_cycling__r0901-r1000.csv",368915,"f8f5e2432cd24004275aba959403648e0bdd3b3612aee9a214d65fe07aac8e4e","PASS","2026-08-05T18:26:13+0800",FALSE,"Create-once controlled-resume partition using frozen composite keys and seeds"
"GENERATED__gsm8500539_cap_area6_dlbcl_v2__macrophage_rich__r0001-r0100","GENERATED_BY_CONTROLLED_RESUME","GSM8500539_Cap.area6_DLBCL_V2","macrophage_rich","Macrophage-rich program",1,100,100,100,2200,2200,26370805,26370904,"${DLBCL_PROJECT_ROOT}/revision_2026_reviewer_response/06p_wp3_matched_null_and_depth_sensitivity/01_execution_scripts/05_06p_partitioned_membership_resume.R","c26643ea7c59428bd516cbe93006168c13bdff590940977ef2318f8df7bc9e85","${DLBCL_PROJECT_ROOT}/revision_2026_reviewer_response/06p_wp3_matched_null_and_depth_sensitivity/01_execution_outputs/matched_null/membership_parts/generated/GSM8500539_Cap.area6_DLBCL_V2__macrophage_rich__r0001-r0100.csv",336709,"08229e9c097c54c01265b0fefbe875143c2a47ccb34aa4e2a25dc6d93a38635f","PASS","2026-08-05T18:26:14+0800",FALSE,"Create-once controlled-resume partition using frozen composite keys and seeds"
"GENERATED__gsm8500539_cap_area6_dlbcl_v2__macrophage_rich__r0101-r0200","GENERATED_BY_CONTROLLED_RESUME","GSM8500539_Cap.area6_DLBCL_V2","macrophage_rich","Macrophage-rich program",101,200,100,100,2200,2200,26370905,26371004,"${DLBCL_PROJECT_ROOT}/revision_2026_reviewer_response/06p_wp3_matched_null_and_depth_sensitivity/01_execution_scripts/05_06p_partitioned_membership_resume.R","c26643ea7c59428bd516cbe93006168c13bdff590940977ef2318f8df7bc9e85","${DLBCL_PROJECT_ROOT}/revision_2026_reviewer_response/06p_wp3_matched_null_and_depth_sensitivity/01_execution_outputs/matched_null/membership_parts/generated/GSM8500539_Cap.area6_DLBCL_V2__macrophage_rich__r0101-r0200.csv",339163,"5fa5a6cd0290608bc72a8ad2c882205c8a87e0a62a9518dbfbae6bd1d292cb94","PASS","2026-08-05T18:26:15+0800",FALSE,"Create-once controlled-resume partition using frozen composite keys and seeds"
"GENERATED__gsm8500539_cap_area6_dlbcl_v2__macrophage_rich__r0201-r0300","GENERATED_BY_CONTROLLED_RESUME","GSM8500539_Cap.area6_DLBCL_V2","macrophage_rich","Macrophage-rich program",201,300,100,100,2200,2200,26371005,26371104,"${DLBCL_PROJECT_ROOT}/revision_2026_reviewer_response/06p_wp3_matched_null_and_depth_sensitivity/01_execution_scripts/05_06p_partitioned_membership_resume.R","c26643ea7c59428bd516cbe93006168c13bdff590940977ef2318f8df7bc9e85","${DLBCL_PROJECT_ROOT}/revision_2026_reviewer_response/06p_wp3_matched_null_and_depth_sensitivity/01_execution_outputs/matched_null/membership_parts/generated/GSM8500539_Cap.area6_DLBCL_V2__macrophage_rich__r0201-r0300.csv",339144,"9fe919fdbe88f1accd8a96f6f831bb7dec35c8e3cfffa476cfe5d879f99953e9","PASS","2026-08-05T18:26:16+0800",FALSE,"Create-once controlled-resume partition using frozen composite keys and seeds"
"GENERATED__gsm8500539_cap_area6_dlbcl_v2__macrophage_rich__r0301-r0400","GENERATED_BY_CONTROLLED_RESUME","GSM8500539_Cap.area6_DLBCL_V2","macrophage_rich","Macrophage-rich program",301,400,100,100,2200,2200,26371105,26371204,"${DLBCL_PROJECT_ROOT}/revision_2026_reviewer_response/06p_wp3_matched_null_and_depth_sensitivity/01_execution_scripts/05_06p_partitioned_membership_resume.R","c26643ea7c59428bd516cbe93006168c13bdff590940977ef2318f8df7bc9e85","${DLBCL_PROJECT_ROOT}/revision_2026_reviewer_response/06p_wp3_matched_null_and_depth_sensitivity/01_execution_outputs/matched_null/membership_parts/generated/GSM8500539_Cap.area6_DLBCL_V2__macrophage_rich__r0301-r0400.csv",339105,"b4737164921af6d5ba035bff75a925da2425e7263c03c7acf49f807eb0245684","PASS","2026-08-05T18:26:16+0800",FALSE,"Create-once controlled-resume partition using frozen composite keys and seeds"
"GENERATED__gsm8500539_cap_area6_dlbcl_v2__macrophage_rich__r0401-r0500","GENERATED_BY_CONTROLLED_RESUME","GSM8500539_Cap.area6_DLBCL_V2","macrophage_rich","Macrophage-rich program",401,500,100,100,2200,2200,26371205,26371304,"${DLBCL_PROJECT_ROOT}/revision_2026_reviewer_response/06p_wp3_matched_null_and_depth_sensitivity/01_execution_scripts/05_06p_partitioned_membership_resume.R","c26643ea7c59428bd516cbe93006168c13bdff590940977ef2318f8df7bc9e85","${DLBCL_PROJECT_ROOT}/revision_2026_reviewer_response/06p_wp3_matched_null_and_depth_sensitivity/01_execution_outputs/matched_null/membership_parts/generated/GSM8500539_Cap.area6_DLBCL_V2__macrophage_rich__r0401-r0500.csv",339168,"66618b5eeb1337517dbdb76c15f4b0dabfa79e1c1bac44f8a5b12b0025521814","PASS","2026-08-05T18:26:17+0800",FALSE,"Create-once controlled-resume partition using frozen composite keys and seeds"
"GENERATED__gsm8500539_cap_area6_dlbcl_v2__macrophage_rich__r0501-r0600","GENERATED_BY_CONTROLLED_RESUME","GSM8500539_Cap.area6_DLBCL_V2","macrophage_rich","Macrophage-rich program",501,600,100,100,2200,2200,26371305,26371404,"${DLBCL_PROJECT_ROOT}/revision_2026_reviewer_response/06p_wp3_matched_null_and_depth_sensitivity/01_execution_scripts/05_06p_partitioned_membership_resume.R","c26643ea7c59428bd516cbe93006168c13bdff590940977ef2318f8df7bc9e85","${DLBCL_PROJECT_ROOT}/revision_2026_reviewer_response/06p_wp3_matched_null_and_depth_sensitivity/01_execution_outputs/matched_null/membership_parts/generated/GSM8500539_Cap.area6_DLBCL_V2__macrophage_rich__r0501-r0600.csv",339149,"e2e29f4f35d162eca213c8fbad605c9d8c5939077fe6c811f9338cf5ce0b22fa","PASS","2026-08-05T18:26:18+0800",FALSE,"Create-once controlled-resume partition using frozen composite keys and seeds"
"GENERATED__gsm8500539_cap_area6_dlbcl_v2__macrophage_rich__r0601-r0700","GENERATED_BY_CONTROLLED_RESUME","GSM8500539_Cap.area6_DLBCL_V2","macrophage_rich","Macrophage-rich program",601,700,100,100,2200,2200,26371405,26371504,"${DLBCL_PROJECT_ROOT}/revision_2026_reviewer_response/06p_wp3_matched_null_and_depth_sensitivity/01_execution_scripts/05_06p_partitioned_membership_resume.R","c26643ea7c59428bd516cbe93006168c13bdff590940977ef2318f8df7bc9e85","${DLBCL_PROJECT_ROOT}/revision_2026_reviewer_response/06p_wp3_matched_null_and_depth_sensitivity/01_execution_outputs/matched_null/membership_parts/generated/GSM8500539_Cap.area6_DLBCL_V2__macrophage_rich__r0601-r0700.csv",339066,"b10a8043b484c158895023301aafecf44432d18123696b137ed17b95e33fa328","PASS","2026-08-05T18:26:18+0800",FALSE,"Create-once controlled-resume partition using frozen composite keys and seeds"
"GENERATED__gsm8500539_cap_area6_dlbcl_v2__macrophage_rich__r0701-r0800","GENERATED_BY_CONTROLLED_RESUME","GSM8500539_Cap.area6_DLBCL_V2","macrophage_rich","Macrophage-rich program",701,800,100,100,2200,2200,26371505,26371604,"${DLBCL_PROJECT_ROOT}/revision_2026_reviewer_response/06p_wp3_matched_null_and_depth_sensitivity/01_execution_scripts/05_06p_partitioned_membership_resume.R","c26643ea7c59428bd516cbe93006168c13bdff590940977ef2318f8df7bc9e85","${DLBCL_PROJECT_ROOT}/revision_2026_reviewer_response/06p_wp3_matched_null_and_depth_sensitivity/01_execution_outputs/matched_null/membership_parts/generated/GSM8500539_Cap.area6_DLBCL_V2__macrophage_rich__r0701-r0800.csv",339042,"73c19239b942abbd83cda26998ea64fe3a77c27c0e10e930918a93d2d237cd6a","PASS","2026-08-05T18:26:19+0800",FALSE,"Create-once controlled-resume partition using frozen composite keys and seeds"
"GENERATED__gsm8500539_cap_area6_dlbcl_v2__macrophage_rich__r0801-r0900","GENERATED_BY_CONTROLLED_RESUME","GSM8500539_Cap.area6_DLBCL_V2","macrophage_rich","Macrophage-rich program",801,900,100,100,2200,2200,26371605,26371704,"${DLBCL_PROJECT_ROOT}/revision_2026_reviewer_response/06p_wp3_matched_null_and_depth_sensitivity/01_execution_scripts/05_06p_partitioned_membership_resume.R","c26643ea7c59428bd516cbe93006168c13bdff590940977ef2318f8df7bc9e85","${DLBCL_PROJECT_ROOT}/revision_2026_reviewer_response/06p_wp3_matched_null_and_depth_sensitivity/01_execution_outputs/matched_null/membership_parts/generated/GSM8500539_Cap.area6_DLBCL_V2__macrophage_rich__r0801-r0900.csv",339083,"26009ce20634a421a313ab5171b1bf6749106780b98c8be0a489b1bbc58d58c3","PASS","2026-08-05T18:26:20+0800",FALSE,"Create-once controlled-resume partition using frozen composite keys and seeds"
"GENERATED__gsm8500539_cap_area6_dlbcl_v2__macrophage_rich__r0901-r1000","GENERATED_BY_CONTROLLED_RESUME","GSM8500539_Cap.area6_DLBCL_V2","macrophage_rich","Macrophage-rich program",901,1000,100,100,2200,2200,26371705,26371804,"${DLBCL_PROJECT_ROOT}/revision_2026_reviewer_response/06p_wp3_matched_null_and_depth_sensitivity/01_execution_scripts/05_06p_partitioned_membership_resume.R","c26643ea7c59428bd516cbe93006168c13bdff590940977ef2318f8df7bc9e85","${DLBCL_PROJECT_ROOT}/revision_2026_reviewer_response/06p_wp3_matched_null_and_depth_sensitivity/01_execution_outputs/matched_null/membership_parts/generated/GSM8500539_Cap.area6_DLBCL_V2__macrophage_rich__r0901-r1000.csv",339223,"7ec9061fca8c4a725ccf60c5f23c3563ef7125ab26857e45ba4085e162205268","PASS","2026-08-05T18:26:21+0800",FALSE,"Create-once controlled-resume partition using frozen composite keys and seeds"
"GENERATED__gsm8500539_cap_area6_dlbcl_v2__t_cell_inflamed__r0001-r0100","GENERATED_BY_CONTROLLED_RESUME","GSM8500539_Cap.area6_DLBCL_V2","t_cell_inflamed","T cell-inflamed program",1,100,100,100,2100,2100,26470805,26470904,"${DLBCL_PROJECT_ROOT}/revision_2026_reviewer_response/06p_wp3_matched_null_and_depth_sensitivity/01_execution_scripts/05_06p_partitioned_membership_resume.R","c26643ea7c59428bd516cbe93006168c13bdff590940977ef2318f8df7bc9e85","${DLBCL_PROJECT_ROOT}/revision_2026_reviewer_response/06p_wp3_matched_null_and_depth_sensitivity/01_execution_outputs/matched_null/membership_parts/generated/GSM8500539_Cap.area6_DLBCL_V2__t_cell_inflamed__r0001-r0100.csv",320992,"518f5d6f9ef2e99c13eacb90f2027f8443dfaa6b3fa4ca151c189216e6a092b9","PASS","2026-08-05T18:26:21+0800",FALSE,"Create-once controlled-resume partition using frozen composite keys and seeds"
"GENERATED__gsm8500539_cap_area6_dlbcl_v2__t_cell_inflamed__r0101-r0200","GENERATED_BY_CONTROLLED_RESUME","GSM8500539_Cap.area6_DLBCL_V2","t_cell_inflamed","T cell-inflamed program",101,200,100,100,2100,2100,26470905,26471004,"${DLBCL_PROJECT_ROOT}/revision_2026_reviewer_response/06p_wp3_matched_null_and_depth_sensitivity/01_execution_scripts/05_06p_partitioned_membership_resume.R","c26643ea7c59428bd516cbe93006168c13bdff590940977ef2318f8df7bc9e85","${DLBCL_PROJECT_ROOT}/revision_2026_reviewer_response/06p_wp3_matched_null_and_depth_sensitivity/01_execution_outputs/matched_null/membership_parts/generated/GSM8500539_Cap.area6_DLBCL_V2__t_cell_inflamed__r0101-r0200.csv",323315,"5f213daa4df1f132e6496a9b7da4f853b8e69e3c601a5d6cf6bded42937ee96a","PASS","2026-08-05T18:26:22+0800",FALSE,"Create-once controlled-resume partition using frozen composite keys and seeds"
"GENERATED__gsm8500539_cap_area6_dlbcl_v2__t_cell_inflamed__r0201-r0300","GENERATED_BY_CONTROLLED_RESUME","GSM8500539_Cap.area6_DLBCL_V2","t_cell_inflamed","T cell-inflamed program",201,300,100,100,2100,2100,26471005,26471104,"${DLBCL_PROJECT_ROOT}/revision_2026_reviewer_response/06p_wp3_matched_null_and_depth_sensitivity/01_execution_scripts/05_06p_partitioned_membership_resume.R","c26643ea7c59428bd516cbe93006168c13bdff590940977ef2318f8df7bc9e85","${DLBCL_PROJECT_ROOT}/revision_2026_reviewer_response/06p_wp3_matched_null_and_depth_sensitivity/01_execution_outputs/matched_null/membership_parts/generated/GSM8500539_Cap.area6_DLBCL_V2__t_cell_inflamed__r0201-r0300.csv",323256,"2e030eb9318ade0267a853e76facd84f2394b7877787f707e774ffd05b9c381c","PASS","2026-08-05T18:26:23+0800",FALSE,"Create-once controlled-resume partition using frozen composite keys and seeds"
"GENERATED__gsm8500539_cap_area6_dlbcl_v2__t_cell_inflamed__r0301-r0400","GENERATED_BY_CONTROLLED_RESUME","GSM8500539_Cap.area6_DLBCL_V2","t_cell_inflamed","T cell-inflamed program",301,400,100,100,2100,2100,26471105,26471204,"${DLBCL_PROJECT_ROOT}/revision_2026_reviewer_response/06p_wp3_matched_null_and_depth_sensitivity/01_execution_scripts/05_06p_partitioned_membership_resume.R","c26643ea7c59428bd516cbe93006168c13bdff590940977ef2318f8df7bc9e85","${DLBCL_PROJECT_ROOT}/revision_2026_reviewer_response/06p_wp3_matched_null_and_depth_sensitivity/01_execution_outputs/matched_null/membership_parts/generated/GSM8500539_Cap.area6_DLBCL_V2__t_cell_inflamed__r0301-r0400.csv",323354,"537460ed03b78872464428cb8a65d9ae41de139158f7f1e363fe0eb9706adfc0","PASS","2026-08-05T18:26:23+0800",FALSE,"Create-once controlled-resume partition using frozen composite keys and seeds"
"GENERATED__gsm8500539_cap_area6_dlbcl_v2__t_cell_inflamed__r0401-r0500","GENERATED_BY_CONTROLLED_RESUME","GSM8500539_Cap.area6_DLBCL_V2","t_cell_inflamed","T cell-inflamed program",401,500,100,100,2100,2100,26471205,26471304,"${DLBCL_PROJECT_ROOT}/revision_2026_reviewer_response/06p_wp3_matched_null_and_depth_sensitivity/01_execution_scripts/05_06p_partitioned_membership_resume.R","c26643ea7c59428bd516cbe93006168c13bdff590940977ef2318f8df7bc9e85","${DLBCL_PROJECT_ROOT}/revision_2026_reviewer_response/06p_wp3_matched_null_and_depth_sensitivity/01_execution_outputs/matched_null/membership_parts/generated/GSM8500539_Cap.area6_DLBCL_V2__t_cell_inflamed__r0401-r0500.csv",323317,"682a4ab0bcc5e21680368074faa984fdee608f38263e4aa45d232ed68bb787bf","PASS","2026-08-05T18:26:24+0800",FALSE,"Create-once controlled-resume partition using frozen composite keys and seeds"
"GENERATED__gsm8500539_cap_area6_dlbcl_v2__t_cell_inflamed__r0501-r0600","GENERATED_BY_CONTROLLED_RESUME","GSM8500539_Cap.area6_DLBCL_V2","t_cell_inflamed","T cell-inflamed program",501,600,100,100,2100,2100,26471305,26471404,"${DLBCL_PROJECT_ROOT}/revision_2026_reviewer_response/06p_wp3_matched_null_and_depth_sensitivity/01_execution_scripts/05_06p_partitioned_membership_resume.R","c26643ea7c59428bd516cbe93006168c13bdff590940977ef2318f8df7bc9e85","${DLBCL_PROJECT_ROOT}/revision_2026_reviewer_response/06p_wp3_matched_null_and_depth_sensitivity/01_execution_outputs/matched_null/membership_parts/generated/GSM8500539_Cap.area6_DLBCL_V2__t_cell_inflamed__r0501-r0600.csv",323338,"e67b849a0cc149d713e39cbd0245701aff1b699a8b40b2464e9727cc6790eacd","PASS","2026-08-05T18:26:25+0800",FALSE,"Create-once controlled-resume partition using frozen composite keys and seeds"
"GENERATED__gsm8500539_cap_area6_dlbcl_v2__t_cell_inflamed__r0601-r0700","GENERATED_BY_CONTROLLED_RESUME","GSM8500539_Cap.area6_DLBCL_V2","t_cell_inflamed","T cell-inflamed program",601,700,100,100,2100,2100,26471405,26471504,"${DLBCL_PROJECT_ROOT}/revision_2026_reviewer_response/06p_wp3_matched_null_and_depth_sensitivity/01_execution_scripts/05_06p_partitioned_membership_resume.R","c26643ea7c59428bd516cbe93006168c13bdff590940977ef2318f8df7bc9e85","${DLBCL_PROJECT_ROOT}/revision_2026_reviewer_response/06p_wp3_matched_null_and_depth_sensitivity/01_execution_outputs/matched_null/membership_parts/generated/GSM8500539_Cap.area6_DLBCL_V2__t_cell_inflamed__r0601-r0700.csv",323300,"e4fad97b2394e224ada9ffe15dabf87a1f798d0ef6037e4e7f049ec7fa55057f","PASS","2026-08-05T18:26:25+0800",FALSE,"Create-once controlled-resume partition using frozen composite keys and seeds"
"GENERATED__gsm8500539_cap_area6_dlbcl_v2__t_cell_inflamed__r0701-r0800","GENERATED_BY_CONTROLLED_RESUME","GSM8500539_Cap.area6_DLBCL_V2","t_cell_inflamed","T cell-inflamed program",701,800,100,100,2100,2100,26471505,26471604,"${DLBCL_PROJECT_ROOT}/revision_2026_reviewer_response/06p_wp3_matched_null_and_depth_sensitivity/01_execution_scripts/05_06p_partitioned_membership_resume.R","c26643ea7c59428bd516cbe93006168c13bdff590940977ef2318f8df7bc9e85","${DLBCL_PROJECT_ROOT}/revision_2026_reviewer_response/06p_wp3_matched_null_and_depth_sensitivity/01_execution_outputs/matched_null/membership_parts/generated/GSM8500539_Cap.area6_DLBCL_V2__t_cell_inflamed__r0701-r0800.csv",323334,"ba5708b6cb4e4a157b5e6c5b66d54e459b8203628ee5663b0984375a018da7a9","PASS","2026-08-05T18:26:26+0800",FALSE,"Create-once controlled-resume partition using frozen composite keys and seeds"
"GENERATED__gsm8500539_cap_area6_dlbcl_v2__t_cell_inflamed__r0801-r0900","GENERATED_BY_CONTROLLED_RESUME","GSM8500539_Cap.area6_DLBCL_V2","t_cell_inflamed","T cell-inflamed program",801,900,100,100,2100,2100,26471605,26471704,"${DLBCL_PROJECT_ROOT}/revision_2026_reviewer_response/06p_wp3_matched_null_and_depth_sensitivity/01_execution_scripts/05_06p_partitioned_membership_resume.R","c26643ea7c59428bd516cbe93006168c13bdff590940977ef2318f8df7bc9e85","${DLBCL_PROJECT_ROOT}/revision_2026_reviewer_response/06p_wp3_matched_null_and_depth_sensitivity/01_execution_outputs/matched_null/membership_parts/generated/GSM8500539_Cap.area6_DLBCL_V2__t_cell_inflamed__r0801-r0900.csv",323313,"263258721ddf71e9d547743f80b100f333d801fd5b2e447751a5ac0ee52adfb3","PASS","2026-08-05T18:26:27+0800",FALSE,"Create-once controlled-resume partition using frozen composite keys and seeds"
"GENERATED__gsm8500539_cap_area6_dlbcl_v2__t_cell_inflamed__r0901-r1000","GENERATED_BY_CONTROLLED_RESUME","GSM8500539_Cap.area6_DLBCL_V2","t_cell_inflamed","T cell-inflamed program",901,1000,100,100,2100,2100,26471705,26471804,"${DLBCL_PROJECT_ROOT}/revision_2026_reviewer_response/06p_wp3_matched_null_and_depth_sensitivity/01_execution_scripts/05_06p_partitioned_membership_resume.R","c26643ea7c59428bd516cbe93006168c13bdff590940977ef2318f8df7bc9e85","${DLBCL_PROJECT_ROOT}/revision_2026_reviewer_response/06p_wp3_matched_null_and_depth_sensitivity/01_execution_outputs/matched_null/membership_parts/generated/GSM8500539_Cap.area6_DLBCL_V2__t_cell_inflamed__r0901-r1000.csv",323309,"35b84fb5ea681d29c0f4680853aa8ecb1bcdba0d584855ddbbec0cb0cfb3b737","PASS","2026-08-05T18:26:27+0800",FALSE,"Create-once controlled-resume partition using frozen composite keys and seeds"
"GENERATED__gsm8500539_cap_area6_dlbcl_v2__antigen_presentation__r0001-r0100","GENERATED_BY_CONTROLLED_RESUME","GSM8500539_Cap.area6_DLBCL_V2","antigen_presentation","Immune-inflamed / antigen-presentation program",1,100,100,100,1300,1300,26570805,26570904,"${DLBCL_PROJECT_ROOT}/revision_2026_reviewer_response/06p_wp3_matched_null_and_depth_sensitivity/01_execution_scripts/05_06p_partitioned_membership_resume.R","c26643ea7c59428bd516cbe93006168c13bdff590940977ef2318f8df7bc9e85","${DLBCL_PROJECT_ROOT}/revision_2026_reviewer_response/06p_wp3_matched_null_and_depth_sensitivity/01_execution_outputs/matched_null/membership_parts/generated/GSM8500539_Cap.area6_DLBCL_V2__antigen_presentation__r0001-r0100.csv",242812,"1ac89190d7447fe64d669e6a11d02703ba92d37a13afabbf3c8d5541be72b979","PASS","2026-08-05T18:26:28+0800",FALSE,"Create-once controlled-resume partition using frozen composite keys and seeds"
"GENERATED__gsm8500539_cap_area6_dlbcl_v2__antigen_presentation__r0101-r0200","GENERATED_BY_CONTROLLED_RESUME","GSM8500539_Cap.area6_DLBCL_V2","antigen_presentation","Immune-inflamed / antigen-presentation program",101,200,100,100,1300,1300,26570905,26571004,"${DLBCL_PROJECT_ROOT}/revision_2026_reviewer_response/06p_wp3_matched_null_and_depth_sensitivity/01_execution_scripts/05_06p_partitioned_membership_resume.R","c26643ea7c59428bd516cbe93006168c13bdff590940977ef2318f8df7bc9e85","${DLBCL_PROJECT_ROOT}/revision_2026_reviewer_response/06p_wp3_matched_null_and_depth_sensitivity/01_execution_outputs/matched_null/membership_parts/generated/GSM8500539_Cap.area6_DLBCL_V2__antigen_presentation__r0101-r0200.csv",244250,"a1c063e15f9e3e9636152b8ee97f60e9ca19cf8a890cb925614b3ea079e7b23f","PASS","2026-08-05T18:26:28+0800",FALSE,"Create-once controlled-resume partition using frozen composite keys and seeds"
"GENERATED__gsm8500539_cap_area6_dlbcl_v2__antigen_presentation__r0201-r0300","GENERATED_BY_CONTROLLED_RESUME","GSM8500539_Cap.area6_DLBCL_V2","antigen_presentation","Immune-inflamed / antigen-presentation program",201,300,100,100,1300,1300,26571005,26571104,"${DLBCL_PROJECT_ROOT}/revision_2026_reviewer_response/06p_wp3_matched_null_and_depth_sensitivity/01_execution_scripts/05_06p_partitioned_membership_resume.R","c26643ea7c59428bd516cbe93006168c13bdff590940977ef2318f8df7bc9e85","${DLBCL_PROJECT_ROOT}/revision_2026_reviewer_response/06p_wp3_matched_null_and_depth_sensitivity/01_execution_outputs/matched_null/membership_parts/generated/GSM8500539_Cap.area6_DLBCL_V2__antigen_presentation__r0201-r0300.csv",244261,"430a2ac57d3fe345c912916b7aa7389473d43c5efe95a77c7b7204661cc51aea","PASS","2026-08-05T18:26:29+0800",FALSE,"Create-once controlled-resume partition using frozen composite keys and seeds"
"GENERATED__gsm8500539_cap_area6_dlbcl_v2__antigen_presentation__r0301-r0400","GENERATED_BY_CONTROLLED_RESUME","GSM8500539_Cap.area6_DLBCL_V2","antigen_presentation","Immune-inflamed / antigen-presentation program",301,400,100,100,1300,1300,26571105,26571204,"${DLBCL_PROJECT_ROOT}/revision_2026_reviewer_response/06p_wp3_matched_null_and_depth_sensitivity/01_execution_scripts/05_06p_partitioned_membership_resume.R","c26643ea7c59428bd516cbe93006168c13bdff590940977ef2318f8df7bc9e85","${DLBCL_PROJECT_ROOT}/revision_2026_reviewer_response/06p_wp3_matched_null_and_depth_sensitivity/01_execution_outputs/matched_null/membership_parts/generated/GSM8500539_Cap.area6_DLBCL_V2__antigen_presentation__r0301-r0400.csv",244228,"b95f1145f3fa8e65de250996dcade6a29bda1b812f8c708f23a2f51001b4a337","PASS","2026-08-05T18:26:29+0800",FALSE,"Create-once controlled-resume partition using frozen composite keys and seeds"
"GENERATED__gsm8500539_cap_area6_dlbcl_v2__antigen_presentation__r0401-r0500","GENERATED_BY_CONTROLLED_RESUME","GSM8500539_Cap.area6_DLBCL_V2","antigen_presentation","Immune-inflamed / antigen-presentation program",401,500,100,100,1300,1300,26571205,26571304,"${DLBCL_PROJECT_ROOT}/revision_2026_reviewer_response/06p_wp3_matched_null_and_depth_sensitivity/01_execution_scripts/05_06p_partitioned_membership_resume.R","c26643ea7c59428bd516cbe93006168c13bdff590940977ef2318f8df7bc9e85","${DLBCL_PROJECT_ROOT}/revision_2026_reviewer_response/06p_wp3_matched_null_and_depth_sensitivity/01_execution_outputs/matched_null/membership_parts/generated/GSM8500539_Cap.area6_DLBCL_V2__antigen_presentation__r0401-r0500.csv",244214,"7f332204ac69bf84e5a3d458b2d26a961e4adde1e85b10e584b1d500ced85ef8","PASS","2026-08-05T18:26:30+0800",FALSE,"Create-once controlled-resume partition using frozen composite keys and seeds"
"GENERATED__gsm8500539_cap_area6_dlbcl_v2__antigen_presentation__r0501-r0600","GENERATED_BY_CONTROLLED_RESUME","GSM8500539_Cap.area6_DLBCL_V2","antigen_presentation","Immune-inflamed / antigen-presentation program",501,600,100,100,1300,1300,26571305,26571404,"${DLBCL_PROJECT_ROOT}/revision_2026_reviewer_response/06p_wp3_matched_null_and_depth_sensitivity/01_execution_scripts/05_06p_partitioned_membership_resume.R","c26643ea7c59428bd516cbe93006168c13bdff590940977ef2318f8df7bc9e85","${DLBCL_PROJECT_ROOT}/revision_2026_reviewer_response/06p_wp3_matched_null_and_depth_sensitivity/01_execution_outputs/matched_null/membership_parts/generated/GSM8500539_Cap.area6_DLBCL_V2__antigen_presentation__r0501-r0600.csv",244260,"5d3494f083d64c8ba9365a3744bcd982bb91c5afbfe193a6288da8090d414f97","PASS","2026-08-05T18:26:30+0800",FALSE,"Create-once controlled-resume partition using frozen composite keys and seeds"
"GENERATED__gsm8500539_cap_area6_dlbcl_v2__antigen_presentation__r0601-r0700","GENERATED_BY_CONTROLLED_RESUME","GSM8500539_Cap.area6_DLBCL_V2","antigen_presentation","Immune-inflamed / antigen-presentation program",601,700,100,100,1300,1300,26571405,26571504,"${DLBCL_PROJECT_ROOT}/revision_2026_reviewer_response/06p_wp3_matched_null_and_depth_sensitivity/01_execution_scripts/05_06p_partitioned_membership_resume.R","c26643ea7c59428bd516cbe93006168c13bdff590940977ef2318f8df7bc9e85","${DLBCL_PROJECT_ROOT}/revision_2026_reviewer_response/06p_wp3_matched_null_and_depth_sensitivity/01_execution_outputs/matched_null/membership_parts/generated/GSM8500539_Cap.area6_DLBCL_V2__antigen_presentation__r0601-r0700.csv",244258,"ff6b9b57efce7135e7ced82c67a3c4e0b213a0c0c57b3f8a72675b89e88b23ca","PASS","2026-08-05T18:26:31+0800",FALSE,"Create-once controlled-resume partition using frozen composite keys and seeds"
"GENERATED__gsm8500539_cap_area6_dlbcl_v2__antigen_presentation__r0701-r0800","GENERATED_BY_CONTROLLED_RESUME","GSM8500539_Cap.area6_DLBCL_V2","antigen_presentation","Immune-inflamed / antigen-presentation program",701,800,100,100,1300,1300,26571505,26571604,"${DLBCL_PROJECT_ROOT}/revision_2026_reviewer_response/06p_wp3_matched_null_and_depth_sensitivity/01_execution_scripts/05_06p_partitioned_membership_resume.R","c26643ea7c59428bd516cbe93006168c13bdff590940977ef2318f8df7bc9e85","${DLBCL_PROJECT_ROOT}/revision_2026_reviewer_response/06p_wp3_matched_null_and_depth_sensitivity/01_execution_outputs/matched_null/membership_parts/generated/GSM8500539_Cap.area6_DLBCL_V2__antigen_presentation__r0701-r0800.csv",244246,"68e2098302faf90443a1b66a446a6952e1ab4111a3b127710f5a0ee0e9ab9595","PASS","2026-08-05T18:26:31+0800",FALSE,"Create-once controlled-resume partition using frozen composite keys and seeds"
"GENERATED__gsm8500539_cap_area6_dlbcl_v2__antigen_presentation__r0801-r0900","GENERATED_BY_CONTROLLED_RESUME","GSM8500539_Cap.area6_DLBCL_V2","antigen_presentation","Immune-inflamed / antigen-presentation program",801,900,100,100,1300,1300,26571605,26571704,"${DLBCL_PROJECT_ROOT}/revision_2026_reviewer_response/06p_wp3_matched_null_and_depth_sensitivity/01_execution_scripts/05_06p_partitioned_membership_resume.R","c26643ea7c59428bd516cbe93006168c13bdff590940977ef2318f8df7bc9e85","${DLBCL_PROJECT_ROOT}/revision_2026_reviewer_response/06p_wp3_matched_null_and_depth_sensitivity/01_execution_outputs/matched_null/membership_parts/generated/GSM8500539_Cap.area6_DLBCL_V2__antigen_presentation__r0801-r0900.csv",244188,"248b273f14e08ca0d25a510cd1d5a72489bbcbce7a0731484dc32bb5c4e65247","PASS","2026-08-05T18:26:32+0800",FALSE,"Create-once controlled-resume partition using frozen composite keys and seeds"
"GENERATED__gsm8500539_cap_area6_dlbcl_v2__antigen_presentation__r0901-r1000","GENERATED_BY_CONTROLLED_RESUME","GSM8500539_Cap.area6_DLBCL_V2","antigen_presentation","Immune-inflamed / antigen-presentation program",901,1000,100,100,1300,1300,26571705,26571804,"${DLBCL_PROJECT_ROOT}/revision_2026_reviewer_response/06p_wp3_matched_null_and_depth_sensitivity/01_execution_scripts/05_06p_partitioned_membership_resume.R","c26643ea7c59428bd516cbe93006168c13bdff590940977ef2318f8df7bc9e85","${DLBCL_PROJECT_ROOT}/revision_2026_reviewer_response/06p_wp3_matched_null_and_depth_sensitivity/01_execution_outputs/matched_null/membership_parts/generated/GSM8500539_Cap.area6_DLBCL_V2__antigen_presentation__r0901-r1000.csv",244349,"bd6a0f6fe6fac5cb045b6161bec9efe31ef228c42b4cfa35182ad0a18fdc4d67","PASS","2026-08-05T18:26:32+0800",FALSE,"Create-once controlled-resume partition using frozen composite keys and seeds"
"GENERATED__gsm8500539_cap_area6_dlbcl_v2__stromal_fibrotic__r0001-r0100","GENERATED_BY_CONTROLLED_RESUME","GSM8500539_Cap.area6_DLBCL_V2","stromal_fibrotic","Stromal / fibrotic program",1,100,100,100,2200,2200,26670805,26670904,"${DLBCL_PROJECT_ROOT}/revision_2026_reviewer_response/06p_wp3_matched_null_and_depth_sensitivity/01_execution_scripts/05_06p_partitioned_membership_resume.R","c26643ea7c59428bd516cbe93006168c13bdff590940977ef2318f8df7bc9e85","${DLBCL_PROJECT_ROOT}/revision_2026_reviewer_response/06p_wp3_matched_null_and_depth_sensitivity/01_execution_outputs/matched_null/membership_parts/generated/GSM8500539_Cap.area6_DLBCL_V2__stromal_fibrotic__r0001-r0100.csv",344388,"3ca4bba2f3672171760924168c2b5b860819e7dd459ea2708ddde58667531d25","PASS","2026-08-05T18:26:33+0800",FALSE,"Create-once controlled-resume partition using frozen composite keys and seeds"
"GENERATED__gsm8500539_cap_area6_dlbcl_v2__stromal_fibrotic__r0101-r0200","GENERATED_BY_CONTROLLED_RESUME","GSM8500539_Cap.area6_DLBCL_V2","stromal_fibrotic","Stromal / fibrotic program",101,200,100,100,2200,2200,26670905,26671004,"${DLBCL_PROJECT_ROOT}/revision_2026_reviewer_response/06p_wp3_matched_null_and_depth_sensitivity/01_execution_scripts/05_06p_partitioned_membership_resume.R","c26643ea7c59428bd516cbe93006168c13bdff590940977ef2318f8df7bc9e85","${DLBCL_PROJECT_ROOT}/revision_2026_reviewer_response/06p_wp3_matched_null_and_depth_sensitivity/01_execution_outputs/matched_null/membership_parts/generated/GSM8500539_Cap.area6_DLBCL_V2__stromal_fibrotic__r0101-r0200.csv",346824,"13bc44f2485486bf5538eb0d38dabd27ce6070b0975c4b1d8a20ebb443a9d40b","PASS","2026-08-05T18:26:34+0800",FALSE,"Create-once controlled-resume partition using frozen composite keys and seeds"
"GENERATED__gsm8500539_cap_area6_dlbcl_v2__stromal_fibrotic__r0201-r0300","GENERATED_BY_CONTROLLED_RESUME","GSM8500539_Cap.area6_DLBCL_V2","stromal_fibrotic","Stromal / fibrotic program",201,300,100,100,2200,2200,26671005,26671104,"${DLBCL_PROJECT_ROOT}/revision_2026_reviewer_response/06p_wp3_matched_null_and_depth_sensitivity/01_execution_scripts/05_06p_partitioned_membership_resume.R","c26643ea7c59428bd516cbe93006168c13bdff590940977ef2318f8df7bc9e85","${DLBCL_PROJECT_ROOT}/revision_2026_reviewer_response/06p_wp3_matched_null_and_depth_sensitivity/01_execution_outputs/matched_null/membership_parts/generated/GSM8500539_Cap.area6_DLBCL_V2__stromal_fibrotic__r0201-r0300.csv",346799,"b98dcdd56fff06cfe8a287bf3eb0651a65ea6987316574dadca92564adf41232","PASS","2026-08-05T18:26:34+0800",FALSE,"Create-once controlled-resume partition using frozen composite keys and seeds"
"GENERATED__gsm8500539_cap_area6_dlbcl_v2__stromal_fibrotic__r0301-r0400","GENERATED_BY_CONTROLLED_RESUME","GSM8500539_Cap.area6_DLBCL_V2","stromal_fibrotic","Stromal / fibrotic program",301,400,100,100,2200,2200,26671105,26671204,"${DLBCL_PROJECT_ROOT}/revision_2026_reviewer_response/06p_wp3_matched_null_and_depth_sensitivity/01_execution_scripts/05_06p_partitioned_membership_resume.R","c26643ea7c59428bd516cbe93006168c13bdff590940977ef2318f8df7bc9e85","${DLBCL_PROJECT_ROOT}/revision_2026_reviewer_response/06p_wp3_matched_null_and_depth_sensitivity/01_execution_outputs/matched_null/membership_parts/generated/GSM8500539_Cap.area6_DLBCL_V2__stromal_fibrotic__r0301-r0400.csv",346705,"05dc1b345db6ebafbd4701e25b3647d40c5cedba4887293ddbff303eb3aea171","PASS","2026-08-05T18:26:35+0800",FALSE,"Create-once controlled-resume partition using frozen composite keys and seeds"
"GENERATED__gsm8500539_cap_area6_dlbcl_v2__stromal_fibrotic__r0401-r0500","GENERATED_BY_CONTROLLED_RESUME","GSM8500539_Cap.area6_DLBCL_V2","stromal_fibrotic","Stromal / fibrotic program",401,500,100,100,2200,2200,26671205,26671304,"${DLBCL_PROJECT_ROOT}/revision_2026_reviewer_response/06p_wp3_matched_null_and_depth_sensitivity/01_execution_scripts/05_06p_partitioned_membership_resume.R","c26643ea7c59428bd516cbe93006168c13bdff590940977ef2318f8df7bc9e85","${DLBCL_PROJECT_ROOT}/revision_2026_reviewer_response/06p_wp3_matched_null_and_depth_sensitivity/01_execution_outputs/matched_null/membership_parts/generated/GSM8500539_Cap.area6_DLBCL_V2__stromal_fibrotic__r0401-r0500.csv",346782,"5debfb16da21a6341fd86273388b37f8a7f842eb6ce109643b994221c200f006","PASS","2026-08-05T18:26:36+0800",FALSE,"Create-once controlled-resume partition using frozen composite keys and seeds"
"GENERATED__gsm8500539_cap_area6_dlbcl_v2__stromal_fibrotic__r0501-r0600","GENERATED_BY_CONTROLLED_RESUME","GSM8500539_Cap.area6_DLBCL_V2","stromal_fibrotic","Stromal / fibrotic program",501,600,100,100,2200,2200,26671305,26671404,"${DLBCL_PROJECT_ROOT}/revision_2026_reviewer_response/06p_wp3_matched_null_and_depth_sensitivity/01_execution_scripts/05_06p_partitioned_membership_resume.R","c26643ea7c59428bd516cbe93006168c13bdff590940977ef2318f8df7bc9e85","${DLBCL_PROJECT_ROOT}/revision_2026_reviewer_response/06p_wp3_matched_null_and_depth_sensitivity/01_execution_outputs/matched_null/membership_parts/generated/GSM8500539_Cap.area6_DLBCL_V2__stromal_fibrotic__r0501-r0600.csv",346769,"589042d38f7816d2e6878acdedec8b179dc0b633919f2717bd0af7ae6438882c","PASS","2026-08-05T18:26:36+0800",FALSE,"Create-once controlled-resume partition using frozen composite keys and seeds"
"GENERATED__gsm8500539_cap_area6_dlbcl_v2__stromal_fibrotic__r0601-r0700","GENERATED_BY_CONTROLLED_RESUME","GSM8500539_Cap.area6_DLBCL_V2","stromal_fibrotic","Stromal / fibrotic program",601,700,100,100,2200,2200,26671405,26671504,"${DLBCL_PROJECT_ROOT}/revision_2026_reviewer_response/06p_wp3_matched_null_and_depth_sensitivity/01_execution_scripts/05_06p_partitioned_membership_resume.R","c26643ea7c59428bd516cbe93006168c13bdff590940977ef2318f8df7bc9e85","${DLBCL_PROJECT_ROOT}/revision_2026_reviewer_response/06p_wp3_matched_null_and_depth_sensitivity/01_execution_outputs/matched_null/membership_parts/generated/GSM8500539_Cap.area6_DLBCL_V2__stromal_fibrotic__r0601-r0700.csv",346794,"7a2d9d3ff48837fa0c19d63d8b88e57259be8ad81580da66e5105443d1beb741","PASS","2026-08-05T18:26:37+0800",FALSE,"Create-once controlled-resume partition using frozen composite keys and seeds"
"GENERATED__gsm8500539_cap_area6_dlbcl_v2__stromal_fibrotic__r0701-r0800","GENERATED_BY_CONTROLLED_RESUME","GSM8500539_Cap.area6_DLBCL_V2","stromal_fibrotic","Stromal / fibrotic program",701,800,100,100,2200,2200,26671505,26671604,"${DLBCL_PROJECT_ROOT}/revision_2026_reviewer_response/06p_wp3_matched_null_and_depth_sensitivity/01_execution_scripts/05_06p_partitioned_membership_resume.R","c26643ea7c59428bd516cbe93006168c13bdff590940977ef2318f8df7bc9e85","${DLBCL_PROJECT_ROOT}/revision_2026_reviewer_response/06p_wp3_matched_null_and_depth_sensitivity/01_execution_outputs/matched_null/membership_parts/generated/GSM8500539_Cap.area6_DLBCL_V2__stromal_fibrotic__r0701-r0800.csv",346755,"9c56cb782d96dee932d47bf2685788b08609956812e318486880b92925614ee0","PASS","2026-08-05T18:26:38+0800",FALSE,"Create-once controlled-resume partition using frozen composite keys and seeds"
"GENERATED__gsm8500539_cap_area6_dlbcl_v2__stromal_fibrotic__r0801-r0900","GENERATED_BY_CONTROLLED_RESUME","GSM8500539_Cap.area6_DLBCL_V2","stromal_fibrotic","Stromal / fibrotic program",801,900,100,100,2200,2200,26671605,26671704,"${DLBCL_PROJECT_ROOT}/revision_2026_reviewer_response/06p_wp3_matched_null_and_depth_sensitivity/01_execution_scripts/05_06p_partitioned_membership_resume.R","c26643ea7c59428bd516cbe93006168c13bdff590940977ef2318f8df7bc9e85","${DLBCL_PROJECT_ROOT}/revision_2026_reviewer_response/06p_wp3_matched_null_and_depth_sensitivity/01_execution_outputs/matched_null/membership_parts/generated/GSM8500539_Cap.area6_DLBCL_V2__stromal_fibrotic__r0801-r0900.csv",346850,"447eef0fb043f6eef4bf725415d11281871ba57609f110e6e55e750784757c44","PASS","2026-08-05T18:26:38+0800",FALSE,"Create-once controlled-resume partition using frozen composite keys and seeds"
"GENERATED__gsm8500539_cap_area6_dlbcl_v2__stromal_fibrotic__r0901-r1000","GENERATED_BY_CONTROLLED_RESUME","GSM8500539_Cap.area6_DLBCL_V2","stromal_fibrotic","Stromal / fibrotic program",901,1000,100,100,2200,2200,26671705,26671804,"${DLBCL_PROJECT_ROOT}/revision_2026_reviewer_response/06p_wp3_matched_null_and_depth_sensitivity/01_execution_scripts/05_06p_partitioned_membership_resume.R","c26643ea7c59428bd516cbe93006168c13bdff590940977ef2318f8df7bc9e85","${DLBCL_PROJECT_ROOT}/revision_2026_reviewer_response/06p_wp3_matched_null_and_depth_sensitivity/01_execution_outputs/matched_null/membership_parts/generated/GSM8500539_Cap.area6_DLBCL_V2__stromal_fibrotic__r0901-r1000.csv",346930,"a989f658fd751e15fdc76c481580e037b15d63525ae5fd4b433ff5f6151a2111","PASS","2026-08-05T18:26:39+0800",FALSE,"Create-once controlled-resume partition using frozen composite keys and seeds"
"GENERATED__gsm8500539_cap_area6_dlbcl_v2__immune_cold_exclusion__r0001-r0100","GENERATED_BY_CONTROLLED_RESUME","GSM8500539_Cap.area6_DLBCL_V2","immune_cold_exclusion","Immune-cold / exclusion-associated program",1,100,100,100,2200,2200,26770805,26770904,"${DLBCL_PROJECT_ROOT}/revision_2026_reviewer_response/06p_wp3_matched_null_and_depth_sensitivity/01_execution_scripts/05_06p_partitioned_membership_resume.R","c26643ea7c59428bd516cbe93006168c13bdff590940977ef2318f8df7bc9e85","${DLBCL_PROJECT_ROOT}/revision_2026_reviewer_response/06p_wp3_matched_null_and_depth_sensitivity/01_execution_outputs/matched_null/membership_parts/generated/GSM8500539_Cap.area6_DLBCL_V2__immune_cold_exclusion__r0001-r0100.csv",392897,"ef51784094f4ac69ddb66058582b442c25569750806e2a2c272cacf83b1e13fd","PASS","2026-08-05T18:26:40+0800",FALSE,"Create-once controlled-resume partition using frozen composite keys and seeds"
"GENERATED__gsm8500539_cap_area6_dlbcl_v2__immune_cold_exclusion__r0101-r0200","GENERATED_BY_CONTROLLED_RESUME","GSM8500539_Cap.area6_DLBCL_V2","immune_cold_exclusion","Immune-cold / exclusion-associated program",101,200,100,100,2200,2200,26770905,26771004,"${DLBCL_PROJECT_ROOT}/revision_2026_reviewer_response/06p_wp3_matched_null_and_depth_sensitivity/01_execution_scripts/05_06p_partitioned_membership_resume.R","c26643ea7c59428bd516cbe93006168c13bdff590940977ef2318f8df7bc9e85","${DLBCL_PROJECT_ROOT}/revision_2026_reviewer_response/06p_wp3_matched_null_and_depth_sensitivity/01_execution_outputs/matched_null/membership_parts/generated/GSM8500539_Cap.area6_DLBCL_V2__immune_cold_exclusion__r0101-r0200.csv",395178,"b79aad0e87fca539a11986014454a75e6966e2fdd0463a4a3c3248979e2c8bbc","PASS","2026-08-05T18:26:41+0800",FALSE,"Create-once controlled-resume partition using frozen composite keys and seeds"
"GENERATED__gsm8500539_cap_area6_dlbcl_v2__immune_cold_exclusion__r0201-r0300","GENERATED_BY_CONTROLLED_RESUME","GSM8500539_Cap.area6_DLBCL_V2","immune_cold_exclusion","Immune-cold / exclusion-associated program",201,300,100,100,2200,2200,26771005,26771104,"${DLBCL_PROJECT_ROOT}/revision_2026_reviewer_response/06p_wp3_matched_null_and_depth_sensitivity/01_execution_scripts/05_06p_partitioned_membership_resume.R","c26643ea7c59428bd516cbe93006168c13bdff590940977ef2318f8df7bc9e85","${DLBCL_PROJECT_ROOT}/revision_2026_reviewer_response/06p_wp3_matched_null_and_depth_sensitivity/01_execution_outputs/matched_null/membership_parts/generated/GSM8500539_Cap.area6_DLBCL_V2__immune_cold_exclusion__r0201-r0300.csv",395228,"85da6ddbd55043776d9256ea578b14d543758af51cf165dde4825ce34c3ab06d","PASS","2026-08-05T18:26:42+0800",FALSE,"Create-once controlled-resume partition using frozen composite keys and seeds"
"GENERATED__gsm8500539_cap_area6_dlbcl_v2__immune_cold_exclusion__r0301-r0400","GENERATED_BY_CONTROLLED_RESUME","GSM8500539_Cap.area6_DLBCL_V2","immune_cold_exclusion","Immune-cold / exclusion-associated program",301,400,100,100,2200,2200,26771105,26771204,"${DLBCL_PROJECT_ROOT}/revision_2026_reviewer_response/06p_wp3_matched_null_and_depth_sensitivity/01_execution_scripts/05_06p_partitioned_membership_resume.R","c26643ea7c59428bd516cbe93006168c13bdff590940977ef2318f8df7bc9e85","${DLBCL_PROJECT_ROOT}/revision_2026_reviewer_response/06p_wp3_matched_null_and_depth_sensitivity/01_execution_outputs/matched_null/membership_parts/generated/GSM8500539_Cap.area6_DLBCL_V2__immune_cold_exclusion__r0301-r0400.csv",395200,"572aef1f0c317c1cb6225bef02d79801254c9783411e92768a2961b32217e6d4","PASS","2026-08-05T18:26:43+0800",FALSE,"Create-once controlled-resume partition using frozen composite keys and seeds"
"GENERATED__gsm8500539_cap_area6_dlbcl_v2__immune_cold_exclusion__r0401-r0500","GENERATED_BY_CONTROLLED_RESUME","GSM8500539_Cap.area6_DLBCL_V2","immune_cold_exclusion","Immune-cold / exclusion-associated program",401,500,100,100,2200,2200,26771205,26771304,"${DLBCL_PROJECT_ROOT}/revision_2026_reviewer_response/06p_wp3_matched_null_and_depth_sensitivity/01_execution_scripts/05_06p_partitioned_membership_resume.R","c26643ea7c59428bd516cbe93006168c13bdff590940977ef2318f8df7bc9e85","${DLBCL_PROJECT_ROOT}/revision_2026_reviewer_response/06p_wp3_matched_null_and_depth_sensitivity/01_execution_outputs/matched_null/membership_parts/generated/GSM8500539_Cap.area6_DLBCL_V2__immune_cold_exclusion__r0401-r0500.csv",395219,"7f4955ea17e271a044cc0cc0eb2df9ce4f10d7be5c4e97249d60dfe22362f59d","PASS","2026-08-05T18:26:43+0800",FALSE,"Create-once controlled-resume partition using frozen composite keys and seeds"
"GENERATED__gsm8500539_cap_area6_dlbcl_v2__immune_cold_exclusion__r0501-r0600","GENERATED_BY_CONTROLLED_RESUME","GSM8500539_Cap.area6_DLBCL_V2","immune_cold_exclusion","Immune-cold / exclusion-associated program",501,600,100,100,2200,2200,26771305,26771404,"${DLBCL_PROJECT_ROOT}/revision_2026_reviewer_response/06p_wp3_matched_null_and_depth_sensitivity/01_execution_scripts/05_06p_partitioned_membership_resume.R","c26643ea7c59428bd516cbe93006168c13bdff590940977ef2318f8df7bc9e85","${DLBCL_PROJECT_ROOT}/revision_2026_reviewer_response/06p_wp3_matched_null_and_depth_sensitivity/01_execution_outputs/matched_null/membership_parts/generated/GSM8500539_Cap.area6_DLBCL_V2__immune_cold_exclusion__r0501-r0600.csv",395307,"c0ce3261d4aec1cede3d1362223c6ec0767e296c91d3a848fdc0799159417653","PASS","2026-08-05T18:26:44+0800",FALSE,"Create-once controlled-resume partition using frozen composite keys and seeds"
"GENERATED__gsm8500539_cap_area6_dlbcl_v2__immune_cold_exclusion__r0601-r0700","GENERATED_BY_CONTROLLED_RESUME","GSM8500539_Cap.area6_DLBCL_V2","immune_cold_exclusion","Immune-cold / exclusion-associated program",601,700,100,100,2200,2200,26771405,26771504,"${DLBCL_PROJECT_ROOT}/revision_2026_reviewer_response/06p_wp3_matched_null_and_depth_sensitivity/01_execution_scripts/05_06p_partitioned_membership_resume.R","c26643ea7c59428bd516cbe93006168c13bdff590940977ef2318f8df7bc9e85","${DLBCL_PROJECT_ROOT}/revision_2026_reviewer_response/06p_wp3_matched_null_and_depth_sensitivity/01_execution_outputs/matched_null/membership_parts/generated/GSM8500539_Cap.area6_DLBCL_V2__immune_cold_exclusion__r0601-r0700.csv",395222,"d6ce32a4264156a34d277346a3e96c0cda3b73ba6fd566646708dcd39e648ad9","PASS","2026-08-05T18:26:45+0800",FALSE,"Create-once controlled-resume partition using frozen composite keys and seeds"
"GENERATED__gsm8500539_cap_area6_dlbcl_v2__immune_cold_exclusion__r0701-r0800","GENERATED_BY_CONTROLLED_RESUME","GSM8500539_Cap.area6_DLBCL_V2","immune_cold_exclusion","Immune-cold / exclusion-associated program",701,800,100,100,2200,2200,26771505,26771604,"${DLBCL_PROJECT_ROOT}/revision_2026_reviewer_response/06p_wp3_matched_null_and_depth_sensitivity/01_execution_scripts/05_06p_partitioned_membership_resume.R","c26643ea7c59428bd516cbe93006168c13bdff590940977ef2318f8df7bc9e85","${DLBCL_PROJECT_ROOT}/revision_2026_reviewer_response/06p_wp3_matched_null_and_depth_sensitivity/01_execution_outputs/matched_null/membership_parts/generated/GSM8500539_Cap.area6_DLBCL_V2__immune_cold_exclusion__r0701-r0800.csv",395187,"9ee10c37b2278bfe9a6cbf186cfe667dd07f8b7c382e93e22184880f167bb407","PASS","2026-08-05T18:26:45+0800",FALSE,"Create-once controlled-resume partition using frozen composite keys and seeds"
"GENERATED__gsm8500539_cap_area6_dlbcl_v2__immune_cold_exclusion__r0801-r0900","GENERATED_BY_CONTROLLED_RESUME","GSM8500539_Cap.area6_DLBCL_V2","immune_cold_exclusion","Immune-cold / exclusion-associated program",801,900,100,100,2200,2200,26771605,26771704,"${DLBCL_PROJECT_ROOT}/revision_2026_reviewer_response/06p_wp3_matched_null_and_depth_sensitivity/01_execution_scripts/05_06p_partitioned_membership_resume.R","c26643ea7c59428bd516cbe93006168c13bdff590940977ef2318f8df7bc9e85","${DLBCL_PROJECT_ROOT}/revision_2026_reviewer_response/06p_wp3_matched_null_and_depth_sensitivity/01_execution_outputs/matched_null/membership_parts/generated/GSM8500539_Cap.area6_DLBCL_V2__immune_cold_exclusion__r0801-r0900.csv",395235,"d9c92a43d9fe35cb7e8d1bb4fb5ca18d344e63d3c06088c1001d768ee4d1a86b","PASS","2026-08-05T18:26:46+0800",FALSE,"Create-once controlled-resume partition using frozen composite keys and seeds"
"GENERATED__gsm8500539_cap_area6_dlbcl_v2__immune_cold_exclusion__r0901-r1000","GENERATED_BY_CONTROLLED_RESUME","GSM8500539_Cap.area6_DLBCL_V2","immune_cold_exclusion","Immune-cold / exclusion-associated program",901,1000,100,100,2200,2200,26771705,26771804,"${DLBCL_PROJECT_ROOT}/revision_2026_reviewer_response/06p_wp3_matched_null_and_depth_sensitivity/01_execution_scripts/05_06p_partitioned_membership_resume.R","c26643ea7c59428bd516cbe93006168c13bdff590940977ef2318f8df7bc9e85","${DLBCL_PROJECT_ROOT}/revision_2026_reviewer_response/06p_wp3_matched_null_and_depth_sensitivity/01_execution_outputs/matched_null/membership_parts/generated/GSM8500539_Cap.area6_DLBCL_V2__immune_cold_exclusion__r0901-r1000.csv",395023,"fe6c4bc969b232f979809d67844976a2bcf0b4bf7136c34f52cddb6dee9512cc","PASS","2026-08-05T18:26:47+0800",FALSE,"Create-once controlled-resume partition using frozen composite keys and seeds"
"GENERATED__gsm8500539_cap_area6_dlbcl_v2__proliferative_cycling__r0001-r0100","GENERATED_BY_CONTROLLED_RESUME","GSM8500539_Cap.area6_DLBCL_V2","proliferative_cycling","Proliferative / cycling program",1,100,100,100,2200,2200,26870805,26870904,"${DLBCL_PROJECT_ROOT}/revision_2026_reviewer_response/06p_wp3_matched_null_and_depth_sensitivity/01_execution_scripts/05_06p_partitioned_membership_resume.R","c26643ea7c59428bd516cbe93006168c13bdff590940977ef2318f8df7bc9e85","${DLBCL_PROJECT_ROOT}/revision_2026_reviewer_response/06p_wp3_matched_null_and_depth_sensitivity/01_execution_outputs/matched_null/membership_parts/generated/GSM8500539_Cap.area6_DLBCL_V2__proliferative_cycling__r0001-r0100.csv",367124,"5095e6d968d9f4f5c3b88e16f9e87124a24f477a0fcae05575c2b5b7ac4c3d7f","PASS","2026-08-05T18:26:48+0800",FALSE,"Create-once controlled-resume partition using frozen composite keys and seeds"
"GENERATED__gsm8500539_cap_area6_dlbcl_v2__proliferative_cycling__r0101-r0200","GENERATED_BY_CONTROLLED_RESUME","GSM8500539_Cap.area6_DLBCL_V2","proliferative_cycling","Proliferative / cycling program",101,200,100,100,2200,2200,26870905,26871004,"${DLBCL_PROJECT_ROOT}/revision_2026_reviewer_response/06p_wp3_matched_null_and_depth_sensitivity/01_execution_scripts/05_06p_partitioned_membership_resume.R","c26643ea7c59428bd516cbe93006168c13bdff590940977ef2318f8df7bc9e85","${DLBCL_PROJECT_ROOT}/revision_2026_reviewer_response/06p_wp3_matched_null_and_depth_sensitivity/01_execution_outputs/matched_null/membership_parts/generated/GSM8500539_Cap.area6_DLBCL_V2__proliferative_cycling__r0101-r0200.csv",369519,"5c1ac756ab63cef3d5cbb999ebed072189ed31842d878268bc1ab196b9cb99a5","PASS","2026-08-05T18:26:48+0800",FALSE,"Create-once controlled-resume partition using frozen composite keys and seeds"
"GENERATED__gsm8500539_cap_area6_dlbcl_v2__proliferative_cycling__r0201-r0300","GENERATED_BY_CONTROLLED_RESUME","GSM8500539_Cap.area6_DLBCL_V2","proliferative_cycling","Proliferative / cycling program",201,300,100,100,2200,2200,26871005,26871104,"${DLBCL_PROJECT_ROOT}/revision_2026_reviewer_response/06p_wp3_matched_null_and_depth_sensitivity/01_execution_scripts/05_06p_partitioned_membership_resume.R","c26643ea7c59428bd516cbe93006168c13bdff590940977ef2318f8df7bc9e85","${DLBCL_PROJECT_ROOT}/revision_2026_reviewer_response/06p_wp3_matched_null_and_depth_sensitivity/01_execution_outputs/matched_null/membership_parts/generated/GSM8500539_Cap.area6_DLBCL_V2__proliferative_cycling__r0201-r0300.csv",369606,"351aa9b61b828d9fd0890f0f372c0df595ca65dec155c48d33a0ae871438b047","PASS","2026-08-05T18:26:49+0800",FALSE,"Create-once controlled-resume partition using frozen composite keys and seeds"
"GENERATED__gsm8500539_cap_area6_dlbcl_v2__proliferative_cycling__r0301-r0400","GENERATED_BY_CONTROLLED_RESUME","GSM8500539_Cap.area6_DLBCL_V2","proliferative_cycling","Proliferative / cycling program",301,400,100,100,2200,2200,26871105,26871204,"${DLBCL_PROJECT_ROOT}/revision_2026_reviewer_response/06p_wp3_matched_null_and_depth_sensitivity/01_execution_scripts/05_06p_partitioned_membership_resume.R","c26643ea7c59428bd516cbe93006168c13bdff590940977ef2318f8df7bc9e85","${DLBCL_PROJECT_ROOT}/revision_2026_reviewer_response/06p_wp3_matched_null_and_depth_sensitivity/01_execution_outputs/matched_null/membership_parts/generated/GSM8500539_Cap.area6_DLBCL_V2__proliferative_cycling__r0301-r0400.csv",369712,"0476cb89380a8df21af78dd76fdc81ee40ca260c3728aa829a012750aecc74a8","PASS","2026-08-05T18:26:50+0800",FALSE,"Create-once controlled-resume partition using frozen composite keys and seeds"
"GENERATED__gsm8500539_cap_area6_dlbcl_v2__proliferative_cycling__r0401-r0500","GENERATED_BY_CONTROLLED_RESUME","GSM8500539_Cap.area6_DLBCL_V2","proliferative_cycling","Proliferative / cycling program",401,500,100,100,2200,2200,26871205,26871304,"${DLBCL_PROJECT_ROOT}/revision_2026_reviewer_response/06p_wp3_matched_null_and_depth_sensitivity/01_execution_scripts/05_06p_partitioned_membership_resume.R","c26643ea7c59428bd516cbe93006168c13bdff590940977ef2318f8df7bc9e85","${DLBCL_PROJECT_ROOT}/revision_2026_reviewer_response/06p_wp3_matched_null_and_depth_sensitivity/01_execution_outputs/matched_null/membership_parts/generated/GSM8500539_Cap.area6_DLBCL_V2__proliferative_cycling__r0401-r0500.csv",369622,"2247ef60645ec21086e25fbb2adef6073e12ded0c34c7a7960e914f6ca104726","PASS","2026-08-05T18:26:50+0800",FALSE,"Create-once controlled-resume partition using frozen composite keys and seeds"
"GENERATED__gsm8500539_cap_area6_dlbcl_v2__proliferative_cycling__r0501-r0600","GENERATED_BY_CONTROLLED_RESUME","GSM8500539_Cap.area6_DLBCL_V2","proliferative_cycling","Proliferative / cycling program",501,600,100,100,2200,2200,26871305,26871404,"${DLBCL_PROJECT_ROOT}/revision_2026_reviewer_response/06p_wp3_matched_null_and_depth_sensitivity/01_execution_scripts/05_06p_partitioned_membership_resume.R","c26643ea7c59428bd516cbe93006168c13bdff590940977ef2318f8df7bc9e85","${DLBCL_PROJECT_ROOT}/revision_2026_reviewer_response/06p_wp3_matched_null_and_depth_sensitivity/01_execution_outputs/matched_null/membership_parts/generated/GSM8500539_Cap.area6_DLBCL_V2__proliferative_cycling__r0501-r0600.csv",369584,"ba649f4f7b1c2956831688d90aec7131eddf3fc55508fd13b7a2350985b1388e","PASS","2026-08-05T18:26:51+0800",FALSE,"Create-once controlled-resume partition using frozen composite keys and seeds"
"GENERATED__gsm8500539_cap_area6_dlbcl_v2__proliferative_cycling__r0601-r0700","GENERATED_BY_CONTROLLED_RESUME","GSM8500539_Cap.area6_DLBCL_V2","proliferative_cycling","Proliferative / cycling program",601,700,100,100,2200,2200,26871405,26871504,"${DLBCL_PROJECT_ROOT}/revision_2026_reviewer_response/06p_wp3_matched_null_and_depth_sensitivity/01_execution_scripts/05_06p_partitioned_membership_resume.R","c26643ea7c59428bd516cbe93006168c13bdff590940977ef2318f8df7bc9e85","${DLBCL_PROJECT_ROOT}/revision_2026_reviewer_response/06p_wp3_matched_null_and_depth_sensitivity/01_execution_outputs/matched_null/membership_parts/generated/GSM8500539_Cap.area6_DLBCL_V2__proliferative_cycling__r0601-r0700.csv",369607,"3b606222e36312502a8e75ab7ce7b5b6bf869c5b7f5544c19b45912649b574a9","PASS","2026-08-05T18:26:52+0800",FALSE,"Create-once controlled-resume partition using frozen composite keys and seeds"
"GENERATED__gsm8500539_cap_area6_dlbcl_v2__proliferative_cycling__r0701-r0800","GENERATED_BY_CONTROLLED_RESUME","GSM8500539_Cap.area6_DLBCL_V2","proliferative_cycling","Proliferative / cycling program",701,800,100,100,2200,2200,26871505,26871604,"${DLBCL_PROJECT_ROOT}/revision_2026_reviewer_response/06p_wp3_matched_null_and_depth_sensitivity/01_execution_scripts/05_06p_partitioned_membership_resume.R","c26643ea7c59428bd516cbe93006168c13bdff590940977ef2318f8df7bc9e85","${DLBCL_PROJECT_ROOT}/revision_2026_reviewer_response/06p_wp3_matched_null_and_depth_sensitivity/01_execution_outputs/matched_null/membership_parts/generated/GSM8500539_Cap.area6_DLBCL_V2__proliferative_cycling__r0701-r0800.csv",369552,"6eaaf91f910a4816780b63b70c85e9ee875d1cd5c35974046e21765d781e989d","PASS","2026-08-05T18:26:52+0800",FALSE,"Create-once controlled-resume partition using frozen composite keys and seeds"
"GENERATED__gsm8500539_cap_area6_dlbcl_v2__proliferative_cycling__r0801-r0900","GENERATED_BY_CONTROLLED_RESUME","GSM8500539_Cap.area6_DLBCL_V2","proliferative_cycling","Proliferative / cycling program",801,900,100,100,2200,2200,26871605,26871704,"${DLBCL_PROJECT_ROOT}/revision_2026_reviewer_response/06p_wp3_matched_null_and_depth_sensitivity/01_execution_scripts/05_06p_partitioned_membership_resume.R","c26643ea7c59428bd516cbe93006168c13bdff590940977ef2318f8df7bc9e85","${DLBCL_PROJECT_ROOT}/revision_2026_reviewer_response/06p_wp3_matched_null_and_depth_sensitivity/01_execution_outputs/matched_null/membership_parts/generated/GSM8500539_Cap.area6_DLBCL_V2__proliferative_cycling__r0801-r0900.csv",369511,"abca345151fe33fc3ce4db11867c27bb3de6a639ecb0ebc62d00b2a8d6ae80e3","PASS","2026-08-05T18:26:53+0800",FALSE,"Create-once controlled-resume partition using frozen composite keys and seeds"
"GENERATED__gsm8500539_cap_area6_dlbcl_v2__proliferative_cycling__r0901-r1000","GENERATED_BY_CONTROLLED_RESUME","GSM8500539_Cap.area6_DLBCL_V2","proliferative_cycling","Proliferative / cycling program",901,1000,100,100,2200,2200,26871705,26871804,"${DLBCL_PROJECT_ROOT}/revision_2026_reviewer_response/06p_wp3_matched_null_and_depth_sensitivity/01_execution_scripts/05_06p_partitioned_membership_resume.R","c26643ea7c59428bd516cbe93006168c13bdff590940977ef2318f8df7bc9e85","${DLBCL_PROJECT_ROOT}/revision_2026_reviewer_response/06p_wp3_matched_null_and_depth_sensitivity/01_execution_outputs/matched_null/membership_parts/generated/GSM8500539_Cap.area6_DLBCL_V2__proliferative_cycling__r0901-r1000.csv",369634,"c3617a72365d7f8c62357fd062b5018290d5bf9fa8936f0f5e174f5bffba1494","PASS","2026-08-05T18:26:54+0800",FALSE,"Create-once controlled-resume partition using frozen composite keys and seeds"
"GENERATED__gsm8500540_cap_area7_dlbcl_v2__macrophage_rich__r0001-r0100","GENERATED_BY_CONTROLLED_RESUME","GSM8500540_Cap.area7_DLBCL_V2","macrophage_rich","Macrophage-rich program",1,100,100,100,2200,2200,27370805,27370904,"${DLBCL_PROJECT_ROOT}/revision_2026_reviewer_response/06p_wp3_matched_null_and_depth_sensitivity/01_execution_scripts/05_06p_partitioned_membership_resume.R","c26643ea7c59428bd516cbe93006168c13bdff590940977ef2318f8df7bc9e85","${DLBCL_PROJECT_ROOT}/revision_2026_reviewer_response/06p_wp3_matched_null_and_depth_sensitivity/01_execution_outputs/matched_null/membership_parts/generated/GSM8500540_Cap.area7_DLBCL_V2__macrophage_rich__r0001-r0100.csv",336093,"6c52a61891bae9227d77b463d78f74e731aee9cc83c7a30ce2454aef7f3611da","PASS","2026-08-05T18:26:55+0800",FALSE,"Create-once controlled-resume partition using frozen composite keys and seeds"
"GENERATED__gsm8500540_cap_area7_dlbcl_v2__macrophage_rich__r0101-r0200","GENERATED_BY_CONTROLLED_RESUME","GSM8500540_Cap.area7_DLBCL_V2","macrophage_rich","Macrophage-rich program",101,200,100,100,2200,2200,27370905,27371004,"${DLBCL_PROJECT_ROOT}/revision_2026_reviewer_response/06p_wp3_matched_null_and_depth_sensitivity/01_execution_scripts/05_06p_partitioned_membership_resume.R","c26643ea7c59428bd516cbe93006168c13bdff590940977ef2318f8df7bc9e85","${DLBCL_PROJECT_ROOT}/revision_2026_reviewer_response/06p_wp3_matched_null_and_depth_sensitivity/01_execution_outputs/matched_null/membership_parts/generated/GSM8500540_Cap.area7_DLBCL_V2__macrophage_rich__r0101-r0200.csv",338562,"db0cad9ebef90e763897c5022bbc7f3561fe28b2ceff0036d10dd77b666e8236","PASS","2026-08-05T18:26:55+0800",FALSE,"Create-once controlled-resume partition using frozen composite keys and seeds"
"GENERATED__gsm8500540_cap_area7_dlbcl_v2__macrophage_rich__r0201-r0300","GENERATED_BY_CONTROLLED_RESUME","GSM8500540_Cap.area7_DLBCL_V2","macrophage_rich","Macrophage-rich program",201,300,100,100,2200,2200,27371005,27371104,"${DLBCL_PROJECT_ROOT}/revision_2026_reviewer_response/06p_wp3_matched_null_and_depth_sensitivity/01_execution_scripts/05_06p_partitioned_membership_resume.R","c26643ea7c59428bd516cbe93006168c13bdff590940977ef2318f8df7bc9e85","${DLBCL_PROJECT_ROOT}/revision_2026_reviewer_response/06p_wp3_matched_null_and_depth_sensitivity/01_execution_outputs/matched_null/membership_parts/generated/GSM8500540_Cap.area7_DLBCL_V2__macrophage_rich__r0201-r0300.csv",338386,"d3ff8040bbfa2fae565e16564e77e2d0e4f9dc5d85c5c97b0a58f124b5ddd8f4","PASS","2026-08-05T18:26:56+0800",FALSE,"Create-once controlled-resume partition using frozen composite keys and seeds"
"GENERATED__gsm8500540_cap_area7_dlbcl_v2__macrophage_rich__r0301-r0400","GENERATED_BY_CONTROLLED_RESUME","GSM8500540_Cap.area7_DLBCL_V2","macrophage_rich","Macrophage-rich program",301,400,100,100,2200,2200,27371105,27371204,"${DLBCL_PROJECT_ROOT}/revision_2026_reviewer_response/06p_wp3_matched_null_and_depth_sensitivity/01_execution_scripts/05_06p_partitioned_membership_resume.R","c26643ea7c59428bd516cbe93006168c13bdff590940977ef2318f8df7bc9e85","${DLBCL_PROJECT_ROOT}/revision_2026_reviewer_response/06p_wp3_matched_null_and_depth_sensitivity/01_execution_outputs/matched_null/membership_parts/generated/GSM8500540_Cap.area7_DLBCL_V2__macrophage_rich__r0301-r0400.csv",338367,"f798648cdc9f6ad5f63dfd478e0a427d998bf3c2412b002fa66d61690d65f8af","PASS","2026-08-05T18:26:57+0800",FALSE,"Create-once controlled-resume partition using frozen composite keys and seeds"
"GENERATED__gsm8500540_cap_area7_dlbcl_v2__macrophage_rich__r0401-r0500","GENERATED_BY_CONTROLLED_RESUME","GSM8500540_Cap.area7_DLBCL_V2","macrophage_rich","Macrophage-rich program",401,500,100,100,2200,2200,27371205,27371304,"${DLBCL_PROJECT_ROOT}/revision_2026_reviewer_response/06p_wp3_matched_null_and_depth_sensitivity/01_execution_scripts/05_06p_partitioned_membership_resume.R","c26643ea7c59428bd516cbe93006168c13bdff590940977ef2318f8df7bc9e85","${DLBCL_PROJECT_ROOT}/revision_2026_reviewer_response/06p_wp3_matched_null_and_depth_sensitivity/01_execution_outputs/matched_null/membership_parts/generated/GSM8500540_Cap.area7_DLBCL_V2__macrophage_rich__r0401-r0500.csv",338441,"c41f6d49fb320823563f795768c70ead9533fba53f183eef24e134b08e91b8fb","PASS","2026-08-05T18:26:57+0800",FALSE,"Create-once controlled-resume partition using frozen composite keys and seeds"
"GENERATED__gsm8500540_cap_area7_dlbcl_v2__macrophage_rich__r0501-r0600","GENERATED_BY_CONTROLLED_RESUME","GSM8500540_Cap.area7_DLBCL_V2","macrophage_rich","Macrophage-rich program",501,600,100,100,2200,2200,27371305,27371404,"${DLBCL_PROJECT_ROOT}/revision_2026_reviewer_response/06p_wp3_matched_null_and_depth_sensitivity/01_execution_scripts/05_06p_partitioned_membership_resume.R","c26643ea7c59428bd516cbe93006168c13bdff590940977ef2318f8df7bc9e85","${DLBCL_PROJECT_ROOT}/revision_2026_reviewer_response/06p_wp3_matched_null_and_depth_sensitivity/01_execution_outputs/matched_null/membership_parts/generated/GSM8500540_Cap.area7_DLBCL_V2__macrophage_rich__r0501-r0600.csv",338437,"97d05839c43290750a53a65de6c5abe11b8ef556d937fc997282655c4d66893f","PASS","2026-08-05T18:26:58+0800",FALSE,"Create-once controlled-resume partition using frozen composite keys and seeds"
"GENERATED__gsm8500540_cap_area7_dlbcl_v2__macrophage_rich__r0601-r0700","GENERATED_BY_CONTROLLED_RESUME","GSM8500540_Cap.area7_DLBCL_V2","macrophage_rich","Macrophage-rich program",601,700,100,100,2200,2200,27371405,27371504,"${DLBCL_PROJECT_ROOT}/revision_2026_reviewer_response/06p_wp3_matched_null_and_depth_sensitivity/01_execution_scripts/05_06p_partitioned_membership_resume.R","c26643ea7c59428bd516cbe93006168c13bdff590940977ef2318f8df7bc9e85","${DLBCL_PROJECT_ROOT}/revision_2026_reviewer_response/06p_wp3_matched_null_and_depth_sensitivity/01_execution_outputs/matched_null/membership_parts/generated/GSM8500540_Cap.area7_DLBCL_V2__macrophage_rich__r0601-r0700.csv",338482,"a79497f0aeec2b3ceb0f8c47dd4a07429eeddb615f9058a4edceb90eb53f5948","PASS","2026-08-05T18:26:59+0800",FALSE,"Create-once controlled-resume partition using frozen composite keys and seeds"
"GENERATED__gsm8500540_cap_area7_dlbcl_v2__macrophage_rich__r0701-r0800","GENERATED_BY_CONTROLLED_RESUME","GSM8500540_Cap.area7_DLBCL_V2","macrophage_rich","Macrophage-rich program",701,800,100,100,2200,2200,27371505,27371604,"${DLBCL_PROJECT_ROOT}/revision_2026_reviewer_response/06p_wp3_matched_null_and_depth_sensitivity/01_execution_scripts/05_06p_partitioned_membership_resume.R","c26643ea7c59428bd516cbe93006168c13bdff590940977ef2318f8df7bc9e85","${DLBCL_PROJECT_ROOT}/revision_2026_reviewer_response/06p_wp3_matched_null_and_depth_sensitivity/01_execution_outputs/matched_null/membership_parts/generated/GSM8500540_Cap.area7_DLBCL_V2__macrophage_rich__r0701-r0800.csv",338421,"567a29ef1d1a1392fe1c23b55938305b5d39e67410f6a6c285dc93490d13d011","PASS","2026-08-05T18:27:00+0800",FALSE,"Create-once controlled-resume partition using frozen composite keys and seeds"
"GENERATED__gsm8500540_cap_area7_dlbcl_v2__macrophage_rich__r0801-r0900","GENERATED_BY_CONTROLLED_RESUME","GSM8500540_Cap.area7_DLBCL_V2","macrophage_rich","Macrophage-rich program",801,900,100,100,2200,2200,27371605,27371704,"${DLBCL_PROJECT_ROOT}/revision_2026_reviewer_response/06p_wp3_matched_null_and_depth_sensitivity/01_execution_scripts/05_06p_partitioned_membership_resume.R","c26643ea7c59428bd516cbe93006168c13bdff590940977ef2318f8df7bc9e85","${DLBCL_PROJECT_ROOT}/revision_2026_reviewer_response/06p_wp3_matched_null_and_depth_sensitivity/01_execution_outputs/matched_null/membership_parts/generated/GSM8500540_Cap.area7_DLBCL_V2__macrophage_rich__r0801-r0900.csv",338309,"ad0692c9cb954e4bfb9eb961d6312d5ae489cc679f0e4335297a61336993c168","PASS","2026-08-05T18:27:00+0800",FALSE,"Create-once controlled-resume partition using frozen composite keys and seeds"
"GENERATED__gsm8500540_cap_area7_dlbcl_v2__macrophage_rich__r0901-r1000","GENERATED_BY_CONTROLLED_RESUME","GSM8500540_Cap.area7_DLBCL_V2","macrophage_rich","Macrophage-rich program",901,1000,100,100,2200,2200,27371705,27371804,"${DLBCL_PROJECT_ROOT}/revision_2026_reviewer_response/06p_wp3_matched_null_and_depth_sensitivity/01_execution_scripts/05_06p_partitioned_membership_resume.R","c26643ea7c59428bd516cbe93006168c13bdff590940977ef2318f8df7bc9e85","${DLBCL_PROJECT_ROOT}/revision_2026_reviewer_response/06p_wp3_matched_null_and_depth_sensitivity/01_execution_outputs/matched_null/membership_parts/generated/GSM8500540_Cap.area7_DLBCL_V2__macrophage_rich__r0901-r1000.csv",338467,"fedaded8a0ea5f2555d1e101564639aec547edee58ad58e5a836e8b8465c2b51","PASS","2026-08-05T18:27:01+0800",FALSE,"Create-once controlled-resume partition using frozen composite keys and seeds"
"GENERATED__gsm8500540_cap_area7_dlbcl_v2__t_cell_inflamed__r0001-r0100","GENERATED_BY_CONTROLLED_RESUME","GSM8500540_Cap.area7_DLBCL_V2","t_cell_inflamed","T cell-inflamed program",1,100,100,100,2100,2100,27470805,27470904,"${DLBCL_PROJECT_ROOT}/revision_2026_reviewer_response/06p_wp3_matched_null_and_depth_sensitivity/01_execution_scripts/05_06p_partitioned_membership_resume.R","c26643ea7c59428bd516cbe93006168c13bdff590940977ef2318f8df7bc9e85","${DLBCL_PROJECT_ROOT}/revision_2026_reviewer_response/06p_wp3_matched_null_and_depth_sensitivity/01_execution_outputs/matched_null/membership_parts/generated/GSM8500540_Cap.area7_DLBCL_V2__t_cell_inflamed__r0001-r0100.csv",319776,"cacc8967cdd3cc5bd0b686d7196bc502dd9ce262425a6f20099da234593486b7","PASS","2026-08-05T18:27:02+0800",FALSE,"Create-once controlled-resume partition using frozen composite keys and seeds"
"GENERATED__gsm8500540_cap_area7_dlbcl_v2__t_cell_inflamed__r0101-r0200","GENERATED_BY_CONTROLLED_RESUME","GSM8500540_Cap.area7_DLBCL_V2","t_cell_inflamed","T cell-inflamed program",101,200,100,100,2100,2100,27470905,27471004,"${DLBCL_PROJECT_ROOT}/revision_2026_reviewer_response/06p_wp3_matched_null_and_depth_sensitivity/01_execution_scripts/05_06p_partitioned_membership_resume.R","c26643ea7c59428bd516cbe93006168c13bdff590940977ef2318f8df7bc9e85","${DLBCL_PROJECT_ROOT}/revision_2026_reviewer_response/06p_wp3_matched_null_and_depth_sensitivity/01_execution_outputs/matched_null/membership_parts/generated/GSM8500540_Cap.area7_DLBCL_V2__t_cell_inflamed__r0101-r0200.csv",322080,"7185e23307665e2a7ae5ff1c4f4d28198f29ad34f0004f41535a92d0ed4312d9","PASS","2026-08-05T18:27:02+0800",FALSE,"Create-once controlled-resume partition using frozen composite keys and seeds"
"GENERATED__gsm8500540_cap_area7_dlbcl_v2__t_cell_inflamed__r0201-r0300","GENERATED_BY_CONTROLLED_RESUME","GSM8500540_Cap.area7_DLBCL_V2","t_cell_inflamed","T cell-inflamed program",201,300,100,100,2100,2100,27471005,27471104,"${DLBCL_PROJECT_ROOT}/revision_2026_reviewer_response/06p_wp3_matched_null_and_depth_sensitivity/01_execution_scripts/05_06p_partitioned_membership_resume.R","c26643ea7c59428bd516cbe93006168c13bdff590940977ef2318f8df7bc9e85","${DLBCL_PROJECT_ROOT}/revision_2026_reviewer_response/06p_wp3_matched_null_and_depth_sensitivity/01_execution_outputs/matched_null/membership_parts/generated/GSM8500540_Cap.area7_DLBCL_V2__t_cell_inflamed__r0201-r0300.csv",322141,"47831fd3ca6e320a53e1beb8d760b6e5342f43819b5f93be7633e2fdf545ff18","PASS","2026-08-05T18:27:03+0800",FALSE,"Create-once controlled-resume partition using frozen composite keys and seeds"
"GENERATED__gsm8500540_cap_area7_dlbcl_v2__t_cell_inflamed__r0301-r0400","GENERATED_BY_CONTROLLED_RESUME","GSM8500540_Cap.area7_DLBCL_V2","t_cell_inflamed","T cell-inflamed program",301,400,100,100,2100,2100,27471105,27471204,"${DLBCL_PROJECT_ROOT}/revision_2026_reviewer_response/06p_wp3_matched_null_and_depth_sensitivity/01_execution_scripts/05_06p_partitioned_membership_resume.R","c26643ea7c59428bd516cbe93006168c13bdff590940977ef2318f8df7bc9e85","${DLBCL_PROJECT_ROOT}/revision_2026_reviewer_response/06p_wp3_matched_null_and_depth_sensitivity/01_execution_outputs/matched_null/membership_parts/generated/GSM8500540_Cap.area7_DLBCL_V2__t_cell_inflamed__r0301-r0400.csv",322107,"e0713c72bad81f88b3b9fe81f05642e5270180bea7638876d419049419fb09b7","PASS","2026-08-05T18:27:04+0800",FALSE,"Create-once controlled-resume partition using frozen composite keys and seeds"
"GENERATED__gsm8500540_cap_area7_dlbcl_v2__t_cell_inflamed__r0401-r0500","GENERATED_BY_CONTROLLED_RESUME","GSM8500540_Cap.area7_DLBCL_V2","t_cell_inflamed","T cell-inflamed program",401,500,100,100,2100,2100,27471205,27471304,"${DLBCL_PROJECT_ROOT}/revision_2026_reviewer_response/06p_wp3_matched_null_and_depth_sensitivity/01_execution_scripts/05_06p_partitioned_membership_resume.R","c26643ea7c59428bd516cbe93006168c13bdff590940977ef2318f8df7bc9e85","${DLBCL_PROJECT_ROOT}/revision_2026_reviewer_response/06p_wp3_matched_null_and_depth_sensitivity/01_execution_outputs/matched_null/membership_parts/generated/GSM8500540_Cap.area7_DLBCL_V2__t_cell_inflamed__r0401-r0500.csv",322145,"d7644988befcff6f6d1a288b8f5b3065fdd7f89e79326d91dae807e0d224ead6","PASS","2026-08-05T18:27:04+0800",FALSE,"Create-once controlled-resume partition using frozen composite keys and seeds"
"GENERATED__gsm8500540_cap_area7_dlbcl_v2__t_cell_inflamed__r0501-r0600","GENERATED_BY_CONTROLLED_RESUME","GSM8500540_Cap.area7_DLBCL_V2","t_cell_inflamed","T cell-inflamed program",501,600,100,100,2100,2100,27471305,27471404,"${DLBCL_PROJECT_ROOT}/revision_2026_reviewer_response/06p_wp3_matched_null_and_depth_sensitivity/01_execution_scripts/05_06p_partitioned_membership_resume.R","c26643ea7c59428bd516cbe93006168c13bdff590940977ef2318f8df7bc9e85","${DLBCL_PROJECT_ROOT}/revision_2026_reviewer_response/06p_wp3_matched_null_and_depth_sensitivity/01_execution_outputs/matched_null/membership_parts/generated/GSM8500540_Cap.area7_DLBCL_V2__t_cell_inflamed__r0501-r0600.csv",322020,"2de0fd59457dbd7d5f0dd92beb4d2138c7501cf755feceb7a1cce7ce71b81039","PASS","2026-08-05T18:27:05+0800",FALSE,"Create-once controlled-resume partition using frozen composite keys and seeds"
"GENERATED__gsm8500540_cap_area7_dlbcl_v2__t_cell_inflamed__r0601-r0700","GENERATED_BY_CONTROLLED_RESUME","GSM8500540_Cap.area7_DLBCL_V2","t_cell_inflamed","T cell-inflamed program",601,700,100,100,2100,2100,27471405,27471504,"${DLBCL_PROJECT_ROOT}/revision_2026_reviewer_response/06p_wp3_matched_null_and_depth_sensitivity/01_execution_scripts/05_06p_partitioned_membership_resume.R","c26643ea7c59428bd516cbe93006168c13bdff590940977ef2318f8df7bc9e85","${DLBCL_PROJECT_ROOT}/revision_2026_reviewer_response/06p_wp3_matched_null_and_depth_sensitivity/01_execution_outputs/matched_null/membership_parts/generated/GSM8500540_Cap.area7_DLBCL_V2__t_cell_inflamed__r0601-r0700.csv",322134,"0c95bad402a4c2c5c4bed7a1046166fdbf1209bbe70fe8d10dfe58a59d810824","PASS","2026-08-05T18:27:06+0800",FALSE,"Create-once controlled-resume partition using frozen composite keys and seeds"
"GENERATED__gsm8500540_cap_area7_dlbcl_v2__t_cell_inflamed__r0701-r0800","GENERATED_BY_CONTROLLED_RESUME","GSM8500540_Cap.area7_DLBCL_V2","t_cell_inflamed","T cell-inflamed program",701,800,100,100,2100,2100,27471505,27471604,"${DLBCL_PROJECT_ROOT}/revision_2026_reviewer_response/06p_wp3_matched_null_and_depth_sensitivity/01_execution_scripts/05_06p_partitioned_membership_resume.R","c26643ea7c59428bd516cbe93006168c13bdff590940977ef2318f8df7bc9e85","${DLBCL_PROJECT_ROOT}/revision_2026_reviewer_response/06p_wp3_matched_null_and_depth_sensitivity/01_execution_outputs/matched_null/membership_parts/generated/GSM8500540_Cap.area7_DLBCL_V2__t_cell_inflamed__r0701-r0800.csv",322065,"e2560ef6f86b554d973481a699d22f3501dc4d07d134ccec7e8a9d1e87be102f","PASS","2026-08-05T18:27:07+0800",FALSE,"Create-once controlled-resume partition using frozen composite keys and seeds"
"GENERATED__gsm8500540_cap_area7_dlbcl_v2__t_cell_inflamed__r0801-r0900","GENERATED_BY_CONTROLLED_RESUME","GSM8500540_Cap.area7_DLBCL_V2","t_cell_inflamed","T cell-inflamed program",801,900,100,100,2100,2100,27471605,27471704,"${DLBCL_PROJECT_ROOT}/revision_2026_reviewer_response/06p_wp3_matched_null_and_depth_sensitivity/01_execution_scripts/05_06p_partitioned_membership_resume.R","c26643ea7c59428bd516cbe93006168c13bdff590940977ef2318f8df7bc9e85","${DLBCL_PROJECT_ROOT}/revision_2026_reviewer_response/06p_wp3_matched_null_and_depth_sensitivity/01_execution_outputs/matched_null/membership_parts/generated/GSM8500540_Cap.area7_DLBCL_V2__t_cell_inflamed__r0801-r0900.csv",322032,"d0d364203f8528db48173077efdb20d44980c96d0e96e0ac4a91b4f8e331b102","PASS","2026-08-05T18:27:07+0800",FALSE,"Create-once controlled-resume partition using frozen composite keys and seeds"
"GENERATED__gsm8500540_cap_area7_dlbcl_v2__t_cell_inflamed__r0901-r1000","GENERATED_BY_CONTROLLED_RESUME","GSM8500540_Cap.area7_DLBCL_V2","t_cell_inflamed","T cell-inflamed program",901,1000,100,100,2100,2100,27471705,27471804,"${DLBCL_PROJECT_ROOT}/revision_2026_reviewer_response/06p_wp3_matched_null_and_depth_sensitivity/01_execution_scripts/05_06p_partitioned_membership_resume.R","c26643ea7c59428bd516cbe93006168c13bdff590940977ef2318f8df7bc9e85","${DLBCL_PROJECT_ROOT}/revision_2026_reviewer_response/06p_wp3_matched_null_and_depth_sensitivity/01_execution_outputs/matched_null/membership_parts/generated/GSM8500540_Cap.area7_DLBCL_V2__t_cell_inflamed__r0901-r1000.csv",322006,"0e2c64a38962c66dd2e261b1635d67dd3c4eb9c66021df56c3fd0d253c3c240d","PASS","2026-08-05T18:27:08+0800",FALSE,"Create-once controlled-resume partition using frozen composite keys and seeds"
"GENERATED__gsm8500540_cap_area7_dlbcl_v2__antigen_presentation__r0001-r0100","GENERATED_BY_CONTROLLED_RESUME","GSM8500540_Cap.area7_DLBCL_V2","antigen_presentation","Immune-inflamed / antigen-presentation program",1,100,100,100,1300,1300,27570805,27570904,"${DLBCL_PROJECT_ROOT}/revision_2026_reviewer_response/06p_wp3_matched_null_and_depth_sensitivity/01_execution_scripts/05_06p_partitioned_membership_resume.R","c26643ea7c59428bd516cbe93006168c13bdff590940977ef2318f8df7bc9e85","${DLBCL_PROJECT_ROOT}/revision_2026_reviewer_response/06p_wp3_matched_null_and_depth_sensitivity/01_execution_outputs/matched_null/membership_parts/generated/GSM8500540_Cap.area7_DLBCL_V2__antigen_presentation__r0001-r0100.csv",241670,"484d5fd499a2d1411f84c8d161ca20ffbc65730d032f8f163fe953ec794b2d4e","PASS","2026-08-05T18:27:08+0800",FALSE,"Create-once controlled-resume partition using frozen composite keys and seeds"
"GENERATED__gsm8500540_cap_area7_dlbcl_v2__antigen_presentation__r0101-r0200","GENERATED_BY_CONTROLLED_RESUME","GSM8500540_Cap.area7_DLBCL_V2","antigen_presentation","Immune-inflamed / antigen-presentation program",101,200,100,100,1300,1300,27570905,27571004,"${DLBCL_PROJECT_ROOT}/revision_2026_reviewer_response/06p_wp3_matched_null_and_depth_sensitivity/01_execution_scripts/05_06p_partitioned_membership_resume.R","c26643ea7c59428bd516cbe93006168c13bdff590940977ef2318f8df7bc9e85","${DLBCL_PROJECT_ROOT}/revision_2026_reviewer_response/06p_wp3_matched_null_and_depth_sensitivity/01_execution_outputs/matched_null/membership_parts/generated/GSM8500540_Cap.area7_DLBCL_V2__antigen_presentation__r0101-r0200.csv",243007,"8595813f51d98201a7895d863e26c99dfed19a90114fb118896fb0b9d3dda035","PASS","2026-08-05T18:27:09+0800",FALSE,"Create-once controlled-resume partition using frozen composite keys and seeds"
"GENERATED__gsm8500540_cap_area7_dlbcl_v2__antigen_presentation__r0201-r0300","GENERATED_BY_CONTROLLED_RESUME","GSM8500540_Cap.area7_DLBCL_V2","antigen_presentation","Immune-inflamed / antigen-presentation program",201,300,100,100,1300,1300,27571005,27571104,"${DLBCL_PROJECT_ROOT}/revision_2026_reviewer_response/06p_wp3_matched_null_and_depth_sensitivity/01_execution_scripts/05_06p_partitioned_membership_resume.R","c26643ea7c59428bd516cbe93006168c13bdff590940977ef2318f8df7bc9e85","${DLBCL_PROJECT_ROOT}/revision_2026_reviewer_response/06p_wp3_matched_null_and_depth_sensitivity/01_execution_outputs/matched_null/membership_parts/generated/GSM8500540_Cap.area7_DLBCL_V2__antigen_presentation__r0201-r0300.csv",243026,"96503c56d1f5d90f2c08097ae4d7f3c03c301d333cfd42a5223ceae1ea4321bb","PASS","2026-08-05T18:27:09+0800",FALSE,"Create-once controlled-resume partition using frozen composite keys and seeds"
"GENERATED__gsm8500540_cap_area7_dlbcl_v2__antigen_presentation__r0301-r0400","GENERATED_BY_CONTROLLED_RESUME","GSM8500540_Cap.area7_DLBCL_V2","antigen_presentation","Immune-inflamed / antigen-presentation program",301,400,100,100,1300,1300,27571105,27571204,"${DLBCL_PROJECT_ROOT}/revision_2026_reviewer_response/06p_wp3_matched_null_and_depth_sensitivity/01_execution_scripts/05_06p_partitioned_membership_resume.R","c26643ea7c59428bd516cbe93006168c13bdff590940977ef2318f8df7bc9e85","${DLBCL_PROJECT_ROOT}/revision_2026_reviewer_response/06p_wp3_matched_null_and_depth_sensitivity/01_execution_outputs/matched_null/membership_parts/generated/GSM8500540_Cap.area7_DLBCL_V2__antigen_presentation__r0301-r0400.csv",243040,"6c3c6b8c730b03c0664ee834cddb9879a3c554b4785e30d1bd31034070967b87","PASS","2026-08-05T18:27:10+0800",FALSE,"Create-once controlled-resume partition using frozen composite keys and seeds"
"GENERATED__gsm8500540_cap_area7_dlbcl_v2__antigen_presentation__r0401-r0500","GENERATED_BY_CONTROLLED_RESUME","GSM8500540_Cap.area7_DLBCL_V2","antigen_presentation","Immune-inflamed / antigen-presentation program",401,500,100,100,1300,1300,27571205,27571304,"${DLBCL_PROJECT_ROOT}/revision_2026_reviewer_response/06p_wp3_matched_null_and_depth_sensitivity/01_execution_scripts/05_06p_partitioned_membership_resume.R","c26643ea7c59428bd516cbe93006168c13bdff590940977ef2318f8df7bc9e85","${DLBCL_PROJECT_ROOT}/revision_2026_reviewer_response/06p_wp3_matched_null_and_depth_sensitivity/01_execution_outputs/matched_null/membership_parts/generated/GSM8500540_Cap.area7_DLBCL_V2__antigen_presentation__r0401-r0500.csv",243101,"8afd2a803a0661849020ed86e61c354df16b7592208ed20dc9413848a6063132","PASS","2026-08-05T18:27:11+0800",FALSE,"Create-once controlled-resume partition using frozen composite keys and seeds"
"GENERATED__gsm8500540_cap_area7_dlbcl_v2__antigen_presentation__r0501-r0600","GENERATED_BY_CONTROLLED_RESUME","GSM8500540_Cap.area7_DLBCL_V2","antigen_presentation","Immune-inflamed / antigen-presentation program",501,600,100,100,1300,1300,27571305,27571404,"${DLBCL_PROJECT_ROOT}/revision_2026_reviewer_response/06p_wp3_matched_null_and_depth_sensitivity/01_execution_scripts/05_06p_partitioned_membership_resume.R","c26643ea7c59428bd516cbe93006168c13bdff590940977ef2318f8df7bc9e85","${DLBCL_PROJECT_ROOT}/revision_2026_reviewer_response/06p_wp3_matched_null_and_depth_sensitivity/01_execution_outputs/matched_null/membership_parts/generated/GSM8500540_Cap.area7_DLBCL_V2__antigen_presentation__r0501-r0600.csv",243098,"50529b67933eb76e9dd92f655ddd03ce35d74e3b884547ffce2c25489c45a91b","PASS","2026-08-05T18:27:11+0800",FALSE,"Create-once controlled-resume partition using frozen composite keys and seeds"
"GENERATED__gsm8500540_cap_area7_dlbcl_v2__antigen_presentation__r0601-r0700","GENERATED_BY_CONTROLLED_RESUME","GSM8500540_Cap.area7_DLBCL_V2","antigen_presentation","Immune-inflamed / antigen-presentation program",601,700,100,100,1300,1300,27571405,27571504,"${DLBCL_PROJECT_ROOT}/revision_2026_reviewer_response/06p_wp3_matched_null_and_depth_sensitivity/01_execution_scripts/05_06p_partitioned_membership_resume.R","c26643ea7c59428bd516cbe93006168c13bdff590940977ef2318f8df7bc9e85","${DLBCL_PROJECT_ROOT}/revision_2026_reviewer_response/06p_wp3_matched_null_and_depth_sensitivity/01_execution_outputs/matched_null/membership_parts/generated/GSM8500540_Cap.area7_DLBCL_V2__antigen_presentation__r0601-r0700.csv",243043,"0c7f9ae4473034311336a6d5eec28d25f39b8e1c1b192f1c6ff0c211a1287359","PASS","2026-08-05T18:27:12+0800",FALSE,"Create-once controlled-resume partition using frozen composite keys and seeds"
"GENERATED__gsm8500540_cap_area7_dlbcl_v2__antigen_presentation__r0701-r0800","GENERATED_BY_CONTROLLED_RESUME","GSM8500540_Cap.area7_DLBCL_V2","antigen_presentation","Immune-inflamed / antigen-presentation program",701,800,100,100,1300,1300,27571505,27571604,"${DLBCL_PROJECT_ROOT}/revision_2026_reviewer_response/06p_wp3_matched_null_and_depth_sensitivity/01_execution_scripts/05_06p_partitioned_membership_resume.R","c26643ea7c59428bd516cbe93006168c13bdff590940977ef2318f8df7bc9e85","${DLBCL_PROJECT_ROOT}/revision_2026_reviewer_response/06p_wp3_matched_null_and_depth_sensitivity/01_execution_outputs/matched_null/membership_parts/generated/GSM8500540_Cap.area7_DLBCL_V2__antigen_presentation__r0701-r0800.csv",242966,"66a93d19e1f6ed37153bc36ec39bde089ff4b8312e0cc40f4b82c16c264cdcf6","PASS","2026-08-05T18:27:12+0800",FALSE,"Create-once controlled-resume partition using frozen composite keys and seeds"
"GENERATED__gsm8500540_cap_area7_dlbcl_v2__antigen_presentation__r0801-r0900","GENERATED_BY_CONTROLLED_RESUME","GSM8500540_Cap.area7_DLBCL_V2","antigen_presentation","Immune-inflamed / antigen-presentation program",801,900,100,100,1300,1300,27571605,27571704,"${DLBCL_PROJECT_ROOT}/revision_2026_reviewer_response/06p_wp3_matched_null_and_depth_sensitivity/01_execution_scripts/05_06p_partitioned_membership_resume.R","c26643ea7c59428bd516cbe93006168c13bdff590940977ef2318f8df7bc9e85","${DLBCL_PROJECT_ROOT}/revision_2026_reviewer_response/06p_wp3_matched_null_and_depth_sensitivity/01_execution_outputs/matched_null/membership_parts/generated/GSM8500540_Cap.area7_DLBCL_V2__antigen_presentation__r0801-r0900.csv",243072,"ebc9704d0cf86e1a81d6d3b131e6a6f4c95278400d364adab443464137ed1144","PASS","2026-08-05T18:27:13+0800",FALSE,"Create-once controlled-resume partition using frozen composite keys and seeds"
"GENERATED__gsm8500540_cap_area7_dlbcl_v2__antigen_presentation__r0901-r1000","GENERATED_BY_CONTROLLED_RESUME","GSM8500540_Cap.area7_DLBCL_V2","antigen_presentation","Immune-inflamed / antigen-presentation program",901,1000,100,100,1300,1300,27571705,27571804,"${DLBCL_PROJECT_ROOT}/revision_2026_reviewer_response/06p_wp3_matched_null_and_depth_sensitivity/01_execution_scripts/05_06p_partitioned_membership_resume.R","c26643ea7c59428bd516cbe93006168c13bdff590940977ef2318f8df7bc9e85","${DLBCL_PROJECT_ROOT}/revision_2026_reviewer_response/06p_wp3_matched_null_and_depth_sensitivity/01_execution_outputs/matched_null/membership_parts/generated/GSM8500540_Cap.area7_DLBCL_V2__antigen_presentation__r0901-r1000.csv",243006,"ab0a498e4f84bb3fe1db5699e51bef01c7f08127dbf20c6bbeed26623ecf50b6","PASS","2026-08-05T18:27:13+0800",FALSE,"Create-once controlled-resume partition using frozen composite keys and seeds"
"GENERATED__gsm8500540_cap_area7_dlbcl_v2__stromal_fibrotic__r0001-r0100","GENERATED_BY_CONTROLLED_RESUME","GSM8500540_Cap.area7_DLBCL_V2","stromal_fibrotic","Stromal / fibrotic program",1,100,100,100,2200,2200,27670805,27670904,"${DLBCL_PROJECT_ROOT}/revision_2026_reviewer_response/06p_wp3_matched_null_and_depth_sensitivity/01_execution_scripts/05_06p_partitioned_membership_resume.R","c26643ea7c59428bd516cbe93006168c13bdff590940977ef2318f8df7bc9e85","${DLBCL_PROJECT_ROOT}/revision_2026_reviewer_response/06p_wp3_matched_null_and_depth_sensitivity/01_execution_outputs/matched_null/membership_parts/generated/GSM8500540_Cap.area7_DLBCL_V2__stromal_fibrotic__r0001-r0100.csv",345508,"f3a3c66b47a7a75fe861e61ecdc262e60391971b9f44990373a151cf8979fe89","PASS","2026-08-05T18:27:14+0800",FALSE,"Create-once controlled-resume partition using frozen composite keys and seeds"
"GENERATED__gsm8500540_cap_area7_dlbcl_v2__stromal_fibrotic__r0101-r0200","GENERATED_BY_CONTROLLED_RESUME","GSM8500540_Cap.area7_DLBCL_V2","stromal_fibrotic","Stromal / fibrotic program",101,200,100,100,2200,2200,27670905,27671004,"${DLBCL_PROJECT_ROOT}/revision_2026_reviewer_response/06p_wp3_matched_null_and_depth_sensitivity/01_execution_scripts/05_06p_partitioned_membership_resume.R","c26643ea7c59428bd516cbe93006168c13bdff590940977ef2318f8df7bc9e85","${DLBCL_PROJECT_ROOT}/revision_2026_reviewer_response/06p_wp3_matched_null_and_depth_sensitivity/01_execution_outputs/matched_null/membership_parts/generated/GSM8500540_Cap.area7_DLBCL_V2__stromal_fibrotic__r0101-r0200.csv",347731,"0def2c5a64020745a2b11dc3353a95d5d263b34b9ac9082172440a74ba426eac","PASS","2026-08-05T18:27:15+0800",FALSE,"Create-once controlled-resume partition using frozen composite keys and seeds"
"GENERATED__gsm8500540_cap_area7_dlbcl_v2__stromal_fibrotic__r0201-r0300","GENERATED_BY_CONTROLLED_RESUME","GSM8500540_Cap.area7_DLBCL_V2","stromal_fibrotic","Stromal / fibrotic program",201,300,100,100,2200,2200,27671005,27671104,"${DLBCL_PROJECT_ROOT}/revision_2026_reviewer_response/06p_wp3_matched_null_and_depth_sensitivity/01_execution_scripts/05_06p_partitioned_membership_resume.R","c26643ea7c59428bd516cbe93006168c13bdff590940977ef2318f8df7bc9e85","${DLBCL_PROJECT_ROOT}/revision_2026_reviewer_response/06p_wp3_matched_null_and_depth_sensitivity/01_execution_outputs/matched_null/membership_parts/generated/GSM8500540_Cap.area7_DLBCL_V2__stromal_fibrotic__r0201-r0300.csv",347757,"45ce4e77d50248be9ced731bd24277040fb016cdc372c4ed39b3a11767ad07c7","PASS","2026-08-05T18:27:15+0800",FALSE,"Create-once controlled-resume partition using frozen composite keys and seeds"
"GENERATED__gsm8500540_cap_area7_dlbcl_v2__stromal_fibrotic__r0301-r0400","GENERATED_BY_CONTROLLED_RESUME","GSM8500540_Cap.area7_DLBCL_V2","stromal_fibrotic","Stromal / fibrotic program",301,400,100,100,2200,2200,27671105,27671204,"${DLBCL_PROJECT_ROOT}/revision_2026_reviewer_response/06p_wp3_matched_null_and_depth_sensitivity/01_execution_scripts/05_06p_partitioned_membership_resume.R","c26643ea7c59428bd516cbe93006168c13bdff590940977ef2318f8df7bc9e85","${DLBCL_PROJECT_ROOT}/revision_2026_reviewer_response/06p_wp3_matched_null_and_depth_sensitivity/01_execution_outputs/matched_null/membership_parts/generated/GSM8500540_Cap.area7_DLBCL_V2__stromal_fibrotic__r0301-r0400.csv",347805,"3262017934758a79dfcb020be60216ad7d626c04f950dc721c3e96204899f574","PASS","2026-08-05T18:27:16+0800",FALSE,"Create-once controlled-resume partition using frozen composite keys and seeds"
"GENERATED__gsm8500540_cap_area7_dlbcl_v2__stromal_fibrotic__r0401-r0500","GENERATED_BY_CONTROLLED_RESUME","GSM8500540_Cap.area7_DLBCL_V2","stromal_fibrotic","Stromal / fibrotic program",401,500,100,100,2200,2200,27671205,27671304,"${DLBCL_PROJECT_ROOT}/revision_2026_reviewer_response/06p_wp3_matched_null_and_depth_sensitivity/01_execution_scripts/05_06p_partitioned_membership_resume.R","c26643ea7c59428bd516cbe93006168c13bdff590940977ef2318f8df7bc9e85","${DLBCL_PROJECT_ROOT}/revision_2026_reviewer_response/06p_wp3_matched_null_and_depth_sensitivity/01_execution_outputs/matched_null/membership_parts/generated/GSM8500540_Cap.area7_DLBCL_V2__stromal_fibrotic__r0401-r0500.csv",347909,"f3fa9fb703dd3446f3319bf135ce06237a94c7cf3d9fcb7f658e68eb3920d380","PASS","2026-08-05T18:27:17+0800",FALSE,"Create-once controlled-resume partition using frozen composite keys and seeds"
"GENERATED__gsm8500540_cap_area7_dlbcl_v2__stromal_fibrotic__r0501-r0600","GENERATED_BY_CONTROLLED_RESUME","GSM8500540_Cap.area7_DLBCL_V2","stromal_fibrotic","Stromal / fibrotic program",501,600,100,100,2200,2200,27671305,27671404,"${DLBCL_PROJECT_ROOT}/revision_2026_reviewer_response/06p_wp3_matched_null_and_depth_sensitivity/01_execution_scripts/05_06p_partitioned_membership_resume.R","c26643ea7c59428bd516cbe93006168c13bdff590940977ef2318f8df7bc9e85","${DLBCL_PROJECT_ROOT}/revision_2026_reviewer_response/06p_wp3_matched_null_and_depth_sensitivity/01_execution_outputs/matched_null/membership_parts/generated/GSM8500540_Cap.area7_DLBCL_V2__stromal_fibrotic__r0501-r0600.csv",347937,"a0455d1bbb597646c9dd600356723c48db6059ed6260e925ae8b0bc6d0669950","PASS","2026-08-05T18:27:17+0800",FALSE,"Create-once controlled-resume partition using frozen composite keys and seeds"
"GENERATED__gsm8500540_cap_area7_dlbcl_v2__stromal_fibrotic__r0601-r0700","GENERATED_BY_CONTROLLED_RESUME","GSM8500540_Cap.area7_DLBCL_V2","stromal_fibrotic","Stromal / fibrotic program",601,700,100,100,2200,2200,27671405,27671504,"${DLBCL_PROJECT_ROOT}/revision_2026_reviewer_response/06p_wp3_matched_null_and_depth_sensitivity/01_execution_scripts/05_06p_partitioned_membership_resume.R","c26643ea7c59428bd516cbe93006168c13bdff590940977ef2318f8df7bc9e85","${DLBCL_PROJECT_ROOT}/revision_2026_reviewer_response/06p_wp3_matched_null_and_depth_sensitivity/01_execution_outputs/matched_null/membership_parts/generated/GSM8500540_Cap.area7_DLBCL_V2__stromal_fibrotic__r0601-r0700.csv",347828,"129968b452ad83f09cd8f3c84f57a0afe7dac5e3fd9de34ea43617651b086e93","PASS","2026-08-05T18:27:18+0800",FALSE,"Create-once controlled-resume partition using frozen composite keys and seeds"
"GENERATED__gsm8500540_cap_area7_dlbcl_v2__stromal_fibrotic__r0701-r0800","GENERATED_BY_CONTROLLED_RESUME","GSM8500540_Cap.area7_DLBCL_V2","stromal_fibrotic","Stromal / fibrotic program",701,800,100,100,2200,2200,27671505,27671604,"${DLBCL_PROJECT_ROOT}/revision_2026_reviewer_response/06p_wp3_matched_null_and_depth_sensitivity/01_execution_scripts/05_06p_partitioned_membership_resume.R","c26643ea7c59428bd516cbe93006168c13bdff590940977ef2318f8df7bc9e85","${DLBCL_PROJECT_ROOT}/revision_2026_reviewer_response/06p_wp3_matched_null_and_depth_sensitivity/01_execution_outputs/matched_null/membership_parts/generated/GSM8500540_Cap.area7_DLBCL_V2__stromal_fibrotic__r0701-r0800.csv",347848,"f3d4001cc5574c568a2b25eeecfe1f09063f305d5262124c54f8ab1fdc68bd28","PASS","2026-08-05T18:27:19+0800",FALSE,"Create-once controlled-resume partition using frozen composite keys and seeds"
"GENERATED__gsm8500540_cap_area7_dlbcl_v2__stromal_fibrotic__r0801-r0900","GENERATED_BY_CONTROLLED_RESUME","GSM8500540_Cap.area7_DLBCL_V2","stromal_fibrotic","Stromal / fibrotic program",801,900,100,100,2200,2200,27671605,27671704,"${DLBCL_PROJECT_ROOT}/revision_2026_reviewer_response/06p_wp3_matched_null_and_depth_sensitivity/01_execution_scripts/05_06p_partitioned_membership_resume.R","c26643ea7c59428bd516cbe93006168c13bdff590940977ef2318f8df7bc9e85","${DLBCL_PROJECT_ROOT}/revision_2026_reviewer_response/06p_wp3_matched_null_and_depth_sensitivity/01_execution_outputs/matched_null/membership_parts/generated/GSM8500540_Cap.area7_DLBCL_V2__stromal_fibrotic__r0801-r0900.csv",347895,"a3e25440803e580428a5590bc52d562d6cee06ce878a2e1d757e5b42e9858dd2","PASS","2026-08-05T18:27:19+0800",FALSE,"Create-once controlled-resume partition using frozen composite keys and seeds"
"GENERATED__gsm8500540_cap_area7_dlbcl_v2__stromal_fibrotic__r0901-r1000","GENERATED_BY_CONTROLLED_RESUME","GSM8500540_Cap.area7_DLBCL_V2","stromal_fibrotic","Stromal / fibrotic program",901,1000,100,100,2200,2200,27671705,27671804,"${DLBCL_PROJECT_ROOT}/revision_2026_reviewer_response/06p_wp3_matched_null_and_depth_sensitivity/01_execution_scripts/05_06p_partitioned_membership_resume.R","c26643ea7c59428bd516cbe93006168c13bdff590940977ef2318f8df7bc9e85","${DLBCL_PROJECT_ROOT}/revision_2026_reviewer_response/06p_wp3_matched_null_and_depth_sensitivity/01_execution_outputs/matched_null/membership_parts/generated/GSM8500540_Cap.area7_DLBCL_V2__stromal_fibrotic__r0901-r1000.csv",347844,"0109c396f4b72b780150668f845403c0fb775ff2dd2fb8d615d027b73a3b2e61","PASS","2026-08-05T18:27:20+0800",FALSE,"Create-once controlled-resume partition using frozen composite keys and seeds"
"GENERATED__gsm8500540_cap_area7_dlbcl_v2__immune_cold_exclusion__r0001-r0100","GENERATED_BY_CONTROLLED_RESUME","GSM8500540_Cap.area7_DLBCL_V2","immune_cold_exclusion","Immune-cold / exclusion-associated program",1,100,100,100,2200,2200,27770805,27770904,"${DLBCL_PROJECT_ROOT}/revision_2026_reviewer_response/06p_wp3_matched_null_and_depth_sensitivity/01_execution_scripts/05_06p_partitioned_membership_resume.R","c26643ea7c59428bd516cbe93006168c13bdff590940977ef2318f8df7bc9e85","${DLBCL_PROJECT_ROOT}/revision_2026_reviewer_response/06p_wp3_matched_null_and_depth_sensitivity/01_execution_outputs/matched_null/membership_parts/generated/GSM8500540_Cap.area7_DLBCL_V2__immune_cold_exclusion__r0001-r0100.csv",392754,"69de6d8e1c7d25e9a37b2a5501bc8da5b9d98406ff01921d9af8c1b98bc82714","PASS","2026-08-05T18:27:21+0800",FALSE,"Create-once controlled-resume partition using frozen composite keys and seeds"
"GENERATED__gsm8500540_cap_area7_dlbcl_v2__immune_cold_exclusion__r0101-r0200","GENERATED_BY_CONTROLLED_RESUME","GSM8500540_Cap.area7_DLBCL_V2","immune_cold_exclusion","Immune-cold / exclusion-associated program",101,200,100,100,2200,2200,27770905,27771004,"${DLBCL_PROJECT_ROOT}/revision_2026_reviewer_response/06p_wp3_matched_null_and_depth_sensitivity/01_execution_scripts/05_06p_partitioned_membership_resume.R","c26643ea7c59428bd516cbe93006168c13bdff590940977ef2318f8df7bc9e85","${DLBCL_PROJECT_ROOT}/revision_2026_reviewer_response/06p_wp3_matched_null_and_depth_sensitivity/01_execution_outputs/matched_null/membership_parts/generated/GSM8500540_Cap.area7_DLBCL_V2__immune_cold_exclusion__r0101-r0200.csv",395059,"edffdea79f390889239a6d7441a3aa01b945fdee684a9c99bcb2aa3a5707ef84","PASS","2026-08-05T18:27:22+0800",FALSE,"Create-once controlled-resume partition using frozen composite keys and seeds"
"GENERATED__gsm8500540_cap_area7_dlbcl_v2__immune_cold_exclusion__r0201-r0300","GENERATED_BY_CONTROLLED_RESUME","GSM8500540_Cap.area7_DLBCL_V2","immune_cold_exclusion","Immune-cold / exclusion-associated program",201,300,100,100,2200,2200,27771005,27771104,"${DLBCL_PROJECT_ROOT}/revision_2026_reviewer_response/06p_wp3_matched_null_and_depth_sensitivity/01_execution_scripts/05_06p_partitioned_membership_resume.R","c26643ea7c59428bd516cbe93006168c13bdff590940977ef2318f8df7bc9e85","${DLBCL_PROJECT_ROOT}/revision_2026_reviewer_response/06p_wp3_matched_null_and_depth_sensitivity/01_execution_outputs/matched_null/membership_parts/generated/GSM8500540_Cap.area7_DLBCL_V2__immune_cold_exclusion__r0201-r0300.csv",395052,"2486d9c667d9e866b1b502a0ea1145f222d373004b7fa1a9018306f57d55c8d4","PASS","2026-08-05T18:27:22+0800",FALSE,"Create-once controlled-resume partition using frozen composite keys and seeds"
"GENERATED__gsm8500540_cap_area7_dlbcl_v2__immune_cold_exclusion__r0301-r0400","GENERATED_BY_CONTROLLED_RESUME","GSM8500540_Cap.area7_DLBCL_V2","immune_cold_exclusion","Immune-cold / exclusion-associated program",301,400,100,100,2200,2200,27771105,27771204,"${DLBCL_PROJECT_ROOT}/revision_2026_reviewer_response/06p_wp3_matched_null_and_depth_sensitivity/01_execution_scripts/05_06p_partitioned_membership_resume.R","c26643ea7c59428bd516cbe93006168c13bdff590940977ef2318f8df7bc9e85","${DLBCL_PROJECT_ROOT}/revision_2026_reviewer_response/06p_wp3_matched_null_and_depth_sensitivity/01_execution_outputs/matched_null/membership_parts/generated/GSM8500540_Cap.area7_DLBCL_V2__immune_cold_exclusion__r0301-r0400.csv",395071,"d3e5b3c763460f47f35d3f066851f7bdea9510ef8ac5f7402b8052b88b66d690","PASS","2026-08-05T18:27:23+0800",FALSE,"Create-once controlled-resume partition using frozen composite keys and seeds"
"GENERATED__gsm8500540_cap_area7_dlbcl_v2__immune_cold_exclusion__r0401-r0500","GENERATED_BY_CONTROLLED_RESUME","GSM8500540_Cap.area7_DLBCL_V2","immune_cold_exclusion","Immune-cold / exclusion-associated program",401,500,100,100,2200,2200,27771205,27771304,"${DLBCL_PROJECT_ROOT}/revision_2026_reviewer_response/06p_wp3_matched_null_and_depth_sensitivity/01_execution_scripts/05_06p_partitioned_membership_resume.R","c26643ea7c59428bd516cbe93006168c13bdff590940977ef2318f8df7bc9e85","${DLBCL_PROJECT_ROOT}/revision_2026_reviewer_response/06p_wp3_matched_null_and_depth_sensitivity/01_execution_outputs/matched_null/membership_parts/generated/GSM8500540_Cap.area7_DLBCL_V2__immune_cold_exclusion__r0401-r0500.csv",395157,"8b48a7e7278a5bfe334e103d15cf5d87d3bad5c74700edb7414909c10babfc5b","PASS","2026-08-05T18:27:24+0800",FALSE,"Create-once controlled-resume partition using frozen composite keys and seeds"
"GENERATED__gsm8500540_cap_area7_dlbcl_v2__immune_cold_exclusion__r0501-r0600","GENERATED_BY_CONTROLLED_RESUME","GSM8500540_Cap.area7_DLBCL_V2","immune_cold_exclusion","Immune-cold / exclusion-associated program",501,600,100,100,2200,2200,27771305,27771404,"${DLBCL_PROJECT_ROOT}/revision_2026_reviewer_response/06p_wp3_matched_null_and_depth_sensitivity/01_execution_scripts/05_06p_partitioned_membership_resume.R","c26643ea7c59428bd516cbe93006168c13bdff590940977ef2318f8df7bc9e85","${DLBCL_PROJECT_ROOT}/revision_2026_reviewer_response/06p_wp3_matched_null_and_depth_sensitivity/01_execution_outputs/matched_null/membership_parts/generated/GSM8500540_Cap.area7_DLBCL_V2__immune_cold_exclusion__r0501-r0600.csv",395128,"a7623b8814f5c5cf3792a5e43df29a57efe40d04609a64697c4aeecc66f0d436","PASS","2026-08-05T18:27:25+0800",FALSE,"Create-once controlled-resume partition using frozen composite keys and seeds"
"GENERATED__gsm8500540_cap_area7_dlbcl_v2__immune_cold_exclusion__r0601-r0700","GENERATED_BY_CONTROLLED_RESUME","GSM8500540_Cap.area7_DLBCL_V2","immune_cold_exclusion","Immune-cold / exclusion-associated program",601,700,100,100,2200,2200,27771405,27771504,"${DLBCL_PROJECT_ROOT}/revision_2026_reviewer_response/06p_wp3_matched_null_and_depth_sensitivity/01_execution_scripts/05_06p_partitioned_membership_resume.R","c26643ea7c59428bd516cbe93006168c13bdff590940977ef2318f8df7bc9e85","${DLBCL_PROJECT_ROOT}/revision_2026_reviewer_response/06p_wp3_matched_null_and_depth_sensitivity/01_execution_outputs/matched_null/membership_parts/generated/GSM8500540_Cap.area7_DLBCL_V2__immune_cold_exclusion__r0601-r0700.csv",395052,"e6418d8d0b3b2d25640c7d8388bc2a15c5840a5a597c9b83b1194095ecd2f5f4","PASS","2026-08-05T18:27:26+0800",FALSE,"Create-once controlled-resume partition using frozen composite keys and seeds"
"GENERATED__gsm8500540_cap_area7_dlbcl_v2__immune_cold_exclusion__r0701-r0800","GENERATED_BY_CONTROLLED_RESUME","GSM8500540_Cap.area7_DLBCL_V2","immune_cold_exclusion","Immune-cold / exclusion-associated program",701,800,100,100,2200,2200,27771505,27771604,"${DLBCL_PROJECT_ROOT}/revision_2026_reviewer_response/06p_wp3_matched_null_and_depth_sensitivity/01_execution_scripts/05_06p_partitioned_membership_resume.R","c26643ea7c59428bd516cbe93006168c13bdff590940977ef2318f8df7bc9e85","${DLBCL_PROJECT_ROOT}/revision_2026_reviewer_response/06p_wp3_matched_null_and_depth_sensitivity/01_execution_outputs/matched_null/membership_parts/generated/GSM8500540_Cap.area7_DLBCL_V2__immune_cold_exclusion__r0701-r0800.csv",395056,"ae911dd0b36c9d1d1145b8da9b860c4b54bf8ec3834196b21e7d83859db15e27","PASS","2026-08-05T18:27:27+0800",FALSE,"Create-once controlled-resume partition using frozen composite keys and seeds"
"GENERATED__gsm8500540_cap_area7_dlbcl_v2__immune_cold_exclusion__r0801-r0900","GENERATED_BY_CONTROLLED_RESUME","GSM8500540_Cap.area7_DLBCL_V2","immune_cold_exclusion","Immune-cold / exclusion-associated program",801,900,100,100,2200,2200,27771605,27771704,"${DLBCL_PROJECT_ROOT}/revision_2026_reviewer_response/06p_wp3_matched_null_and_depth_sensitivity/01_execution_scripts/05_06p_partitioned_membership_resume.R","c26643ea7c59428bd516cbe93006168c13bdff590940977ef2318f8df7bc9e85","${DLBCL_PROJECT_ROOT}/revision_2026_reviewer_response/06p_wp3_matched_null_and_depth_sensitivity/01_execution_outputs/matched_null/membership_parts/generated/GSM8500540_Cap.area7_DLBCL_V2__immune_cold_exclusion__r0801-r0900.csv",395057,"6afd595528cdda186a6d354b54609a556ad97ca6c7c5b951dc1abb6de38e6cd9","PASS","2026-08-05T18:27:27+0800",FALSE,"Create-once controlled-resume partition using frozen composite keys and seeds"
"GENERATED__gsm8500540_cap_area7_dlbcl_v2__immune_cold_exclusion__r0901-r1000","GENERATED_BY_CONTROLLED_RESUME","GSM8500540_Cap.area7_DLBCL_V2","immune_cold_exclusion","Immune-cold / exclusion-associated program",901,1000,100,100,2200,2200,27771705,27771804,"${DLBCL_PROJECT_ROOT}/revision_2026_reviewer_response/06p_wp3_matched_null_and_depth_sensitivity/01_execution_scripts/05_06p_partitioned_membership_resume.R","c26643ea7c59428bd516cbe93006168c13bdff590940977ef2318f8df7bc9e85","${DLBCL_PROJECT_ROOT}/revision_2026_reviewer_response/06p_wp3_matched_null_and_depth_sensitivity/01_execution_outputs/matched_null/membership_parts/generated/GSM8500540_Cap.area7_DLBCL_V2__immune_cold_exclusion__r0901-r1000.csv",395133,"6f81adf9f727ec21e4c486ca455f8a06a78a5693c4fb6f695d9867d3e8f533a2","PASS","2026-08-05T18:27:28+0800",FALSE,"Create-once controlled-resume partition using frozen composite keys and seeds"
"GENERATED__gsm8500540_cap_area7_dlbcl_v2__proliferative_cycling__r0001-r0100","GENERATED_BY_CONTROLLED_RESUME","GSM8500540_Cap.area7_DLBCL_V2","proliferative_cycling","Proliferative / cycling program",1,100,100,100,2200,2200,27870805,27870904,"${DLBCL_PROJECT_ROOT}/revision_2026_reviewer_response/06p_wp3_matched_null_and_depth_sensitivity/01_execution_scripts/05_06p_partitioned_membership_resume.R","c26643ea7c59428bd516cbe93006168c13bdff590940977ef2318f8df7bc9e85","${DLBCL_PROJECT_ROOT}/revision_2026_reviewer_response/06p_wp3_matched_null_and_depth_sensitivity/01_execution_outputs/matched_null/membership_parts/generated/GSM8500540_Cap.area7_DLBCL_V2__proliferative_cycling__r0001-r0100.csv",367322,"c96fe99719ea496ed3258b278e341159656dad20014e5b30f665083ce3680f62","PASS","2026-08-05T18:27:29+0800",FALSE,"Create-once controlled-resume partition using frozen composite keys and seeds"
"GENERATED__gsm8500540_cap_area7_dlbcl_v2__proliferative_cycling__r0101-r0200","GENERATED_BY_CONTROLLED_RESUME","GSM8500540_Cap.area7_DLBCL_V2","proliferative_cycling","Proliferative / cycling program",101,200,100,100,2200,2200,27870905,27871004,"${DLBCL_PROJECT_ROOT}/revision_2026_reviewer_response/06p_wp3_matched_null_and_depth_sensitivity/01_execution_scripts/05_06p_partitioned_membership_resume.R","c26643ea7c59428bd516cbe93006168c13bdff590940977ef2318f8df7bc9e85","${DLBCL_PROJECT_ROOT}/revision_2026_reviewer_response/06p_wp3_matched_null_and_depth_sensitivity/01_execution_outputs/matched_null/membership_parts/generated/GSM8500540_Cap.area7_DLBCL_V2__proliferative_cycling__r0101-r0200.csv",369749,"b8e43b203c18853c58432265b148bd9af755c4b5c987e6309362a89ca29573ba","PASS","2026-08-05T18:27:30+0800",FALSE,"Create-once controlled-resume partition using frozen composite keys and seeds"
"GENERATED__gsm8500540_cap_area7_dlbcl_v2__proliferative_cycling__r0201-r0300","GENERATED_BY_CONTROLLED_RESUME","GSM8500540_Cap.area7_DLBCL_V2","proliferative_cycling","Proliferative / cycling program",201,300,100,100,2200,2200,27871005,27871104,"${DLBCL_PROJECT_ROOT}/revision_2026_reviewer_response/06p_wp3_matched_null_and_depth_sensitivity/01_execution_scripts/05_06p_partitioned_membership_resume.R","c26643ea7c59428bd516cbe93006168c13bdff590940977ef2318f8df7bc9e85","${DLBCL_PROJECT_ROOT}/revision_2026_reviewer_response/06p_wp3_matched_null_and_depth_sensitivity/01_execution_outputs/matched_null/membership_parts/generated/GSM8500540_Cap.area7_DLBCL_V2__proliferative_cycling__r0201-r0300.csv",369669,"06accec54be378845879b7666887ee2a5e088b8155667062292f7380d078c1d3","PASS","2026-08-05T18:27:30+0800",FALSE,"Create-once controlled-resume partition using frozen composite keys and seeds"
"GENERATED__gsm8500540_cap_area7_dlbcl_v2__proliferative_cycling__r0301-r0400","GENERATED_BY_CONTROLLED_RESUME","GSM8500540_Cap.area7_DLBCL_V2","proliferative_cycling","Proliferative / cycling program",301,400,100,100,2200,2200,27871105,27871204,"${DLBCL_PROJECT_ROOT}/revision_2026_reviewer_response/06p_wp3_matched_null_and_depth_sensitivity/01_execution_scripts/05_06p_partitioned_membership_resume.R","c26643ea7c59428bd516cbe93006168c13bdff590940977ef2318f8df7bc9e85","${DLBCL_PROJECT_ROOT}/revision_2026_reviewer_response/06p_wp3_matched_null_and_depth_sensitivity/01_execution_outputs/matched_null/membership_parts/generated/GSM8500540_Cap.area7_DLBCL_V2__proliferative_cycling__r0301-r0400.csv",369666,"04b17846bdd9a23976d26cbad5704cd022b9fb08e622e2f1694011a1fbb6e708","PASS","2026-08-05T18:27:31+0800",FALSE,"Create-once controlled-resume partition using frozen composite keys and seeds"
"GENERATED__gsm8500540_cap_area7_dlbcl_v2__proliferative_cycling__r0401-r0500","GENERATED_BY_CONTROLLED_RESUME","GSM8500540_Cap.area7_DLBCL_V2","proliferative_cycling","Proliferative / cycling program",401,500,100,100,2200,2200,27871205,27871304,"${DLBCL_PROJECT_ROOT}/revision_2026_reviewer_response/06p_wp3_matched_null_and_depth_sensitivity/01_execution_scripts/05_06p_partitioned_membership_resume.R","c26643ea7c59428bd516cbe93006168c13bdff590940977ef2318f8df7bc9e85","${DLBCL_PROJECT_ROOT}/revision_2026_reviewer_response/06p_wp3_matched_null_and_depth_sensitivity/01_execution_outputs/matched_null/membership_parts/generated/GSM8500540_Cap.area7_DLBCL_V2__proliferative_cycling__r0401-r0500.csv",369837,"277dd856d9badb8813dc0e5c600a2e2e7516dfbb84e4e70ef9f9d85e9ef9766c","PASS","2026-08-05T18:27:32+0800",FALSE,"Create-once controlled-resume partition using frozen composite keys and seeds"
"GENERATED__gsm8500540_cap_area7_dlbcl_v2__proliferative_cycling__r0501-r0600","GENERATED_BY_CONTROLLED_RESUME","GSM8500540_Cap.area7_DLBCL_V2","proliferative_cycling","Proliferative / cycling program",501,600,100,100,2200,2200,27871305,27871404,"${DLBCL_PROJECT_ROOT}/revision_2026_reviewer_response/06p_wp3_matched_null_and_depth_sensitivity/01_execution_scripts/05_06p_partitioned_membership_resume.R","c26643ea7c59428bd516cbe93006168c13bdff590940977ef2318f8df7bc9e85","${DLBCL_PROJECT_ROOT}/revision_2026_reviewer_response/06p_wp3_matched_null_and_depth_sensitivity/01_execution_outputs/matched_null/membership_parts/generated/GSM8500540_Cap.area7_DLBCL_V2__proliferative_cycling__r0501-r0600.csv",369766,"fe52a1755183222568d1e21e9418d3df5e3e233eba80d3e1dc6a642b203b3e46","PASS","2026-08-05T18:27:32+0800",FALSE,"Create-once controlled-resume partition using frozen composite keys and seeds"
"GENERATED__gsm8500540_cap_area7_dlbcl_v2__proliferative_cycling__r0601-r0700","GENERATED_BY_CONTROLLED_RESUME","GSM8500540_Cap.area7_DLBCL_V2","proliferative_cycling","Proliferative / cycling program",601,700,100,100,2200,2200,27871405,27871504,"${DLBCL_PROJECT_ROOT}/revision_2026_reviewer_response/06p_wp3_matched_null_and_depth_sensitivity/01_execution_scripts/05_06p_partitioned_membership_resume.R","c26643ea7c59428bd516cbe93006168c13bdff590940977ef2318f8df7bc9e85","${DLBCL_PROJECT_ROOT}/revision_2026_reviewer_response/06p_wp3_matched_null_and_depth_sensitivity/01_execution_outputs/matched_null/membership_parts/generated/GSM8500540_Cap.area7_DLBCL_V2__proliferative_cycling__r0601-r0700.csv",369724,"2625c5bfc5c93f89b457b9f8a4a55b6ee9a0d5637492db9d60cbdf8562573667","PASS","2026-08-05T18:27:33+0800",FALSE,"Create-once controlled-resume partition using frozen composite keys and seeds"
"GENERATED__gsm8500540_cap_area7_dlbcl_v2__proliferative_cycling__r0701-r0800","GENERATED_BY_CONTROLLED_RESUME","GSM8500540_Cap.area7_DLBCL_V2","proliferative_cycling","Proliferative / cycling program",701,800,100,100,2200,2200,27871505,27871604,"${DLBCL_PROJECT_ROOT}/revision_2026_reviewer_response/06p_wp3_matched_null_and_depth_sensitivity/01_execution_scripts/05_06p_partitioned_membership_resume.R","c26643ea7c59428bd516cbe93006168c13bdff590940977ef2318f8df7bc9e85","${DLBCL_PROJECT_ROOT}/revision_2026_reviewer_response/06p_wp3_matched_null_and_depth_sensitivity/01_execution_outputs/matched_null/membership_parts/generated/GSM8500540_Cap.area7_DLBCL_V2__proliferative_cycling__r0701-r0800.csv",369715,"02e75c14775232f553f96f7fd3495c7258b2c0f3b62135a1d5a0d5cdd6d1d142","PASS","2026-08-05T18:27:34+0800",FALSE,"Create-once controlled-resume partition using frozen composite keys and seeds"
"GENERATED__gsm8500540_cap_area7_dlbcl_v2__proliferative_cycling__r0801-r0900","GENERATED_BY_CONTROLLED_RESUME","GSM8500540_Cap.area7_DLBCL_V2","proliferative_cycling","Proliferative / cycling program",801,900,100,100,2200,2200,27871605,27871704,"${DLBCL_PROJECT_ROOT}/revision_2026_reviewer_response/06p_wp3_matched_null_and_depth_sensitivity/01_execution_scripts/05_06p_partitioned_membership_resume.R","c26643ea7c59428bd516cbe93006168c13bdff590940977ef2318f8df7bc9e85","${DLBCL_PROJECT_ROOT}/revision_2026_reviewer_response/06p_wp3_matched_null_and_depth_sensitivity/01_execution_outputs/matched_null/membership_parts/generated/GSM8500540_Cap.area7_DLBCL_V2__proliferative_cycling__r0801-r0900.csv",369705,"32533fd8a379d8ada079222bad225ddc323cde27f0ea7471a88e6ec10ad1d567","PASS","2026-08-05T18:27:34+0800",FALSE,"Create-once controlled-resume partition using frozen composite keys and seeds"
"GENERATED__gsm8500540_cap_area7_dlbcl_v2__proliferative_cycling__r0901-r1000","GENERATED_BY_CONTROLLED_RESUME","GSM8500540_Cap.area7_DLBCL_V2","proliferative_cycling","Proliferative / cycling program",901,1000,100,100,2200,2200,27871705,27871804,"${DLBCL_PROJECT_ROOT}/revision_2026_reviewer_response/06p_wp3_matched_null_and_depth_sensitivity/01_execution_scripts/05_06p_partitioned_membership_resume.R","c26643ea7c59428bd516cbe93006168c13bdff590940977ef2318f8df7bc9e85","${DLBCL_PROJECT_ROOT}/revision_2026_reviewer_response/06p_wp3_matched_null_and_depth_sensitivity/01_execution_outputs/matched_null/membership_parts/generated/GSM8500540_Cap.area7_DLBCL_V2__proliferative_cycling__r0901-r1000.csv",369718,"426cb264b2aa9928fac127f43b36f90130bb1bbe8632c24327b7700452d0e153","PASS","2026-08-05T18:27:35+0800",FALSE,"Create-once controlled-resume partition using frozen composite keys and seeds"
"GENERATED__gsm8500541_cap_area8_ln_v2__macrophage_rich__r0001-r0100","GENERATED_BY_CONTROLLED_RESUME","GSM8500541_Cap.area8_LN_V2","macrophage_rich","Macrophage-rich program",1,100,100,100,2200,2200,28370805,28370904,"${DLBCL_PROJECT_ROOT}/revision_2026_reviewer_response/06p_wp3_matched_null_and_depth_sensitivity/01_execution_scripts/05_06p_partitioned_membership_resume.R","c26643ea7c59428bd516cbe93006168c13bdff590940977ef2318f8df7bc9e85","${DLBCL_PROJECT_ROOT}/revision_2026_reviewer_response/06p_wp3_matched_null_and_depth_sensitivity/01_execution_outputs/matched_null/membership_parts/generated/GSM8500541_Cap.area8_LN_V2__macrophage_rich__r0001-r0100.csv",327057,"04022cb5a0ff068803ef738928c5e55f16fcef38f248a865534bfd36c368d003","PASS","2026-08-05T18:27:36+0800",FALSE,"Create-once controlled-resume partition using frozen composite keys and seeds"
"GENERATED__gsm8500541_cap_area8_ln_v2__macrophage_rich__r0101-r0200","GENERATED_BY_CONTROLLED_RESUME","GSM8500541_Cap.area8_LN_V2","macrophage_rich","Macrophage-rich program",101,200,100,100,2200,2200,28370905,28371004,"${DLBCL_PROJECT_ROOT}/revision_2026_reviewer_response/06p_wp3_matched_null_and_depth_sensitivity/01_execution_scripts/05_06p_partitioned_membership_resume.R","c26643ea7c59428bd516cbe93006168c13bdff590940977ef2318f8df7bc9e85","${DLBCL_PROJECT_ROOT}/revision_2026_reviewer_response/06p_wp3_matched_null_and_depth_sensitivity/01_execution_outputs/matched_null/membership_parts/generated/GSM8500541_Cap.area8_LN_V2__macrophage_rich__r0101-r0200.csv",329345,"ea234e8bc377f96994ee93c0c27bc11ca6a74f2f9ca5b73af0eeeb3831cf0b14","PASS","2026-08-05T18:27:37+0800",FALSE,"Create-once controlled-resume partition using frozen composite keys and seeds"
"GENERATED__gsm8500541_cap_area8_ln_v2__macrophage_rich__r0201-r0300","GENERATED_BY_CONTROLLED_RESUME","GSM8500541_Cap.area8_LN_V2","macrophage_rich","Macrophage-rich program",201,300,100,100,2200,2200,28371005,28371104,"${DLBCL_PROJECT_ROOT}/revision_2026_reviewer_response/06p_wp3_matched_null_and_depth_sensitivity/01_execution_scripts/05_06p_partitioned_membership_resume.R","c26643ea7c59428bd516cbe93006168c13bdff590940977ef2318f8df7bc9e85","${DLBCL_PROJECT_ROOT}/revision_2026_reviewer_response/06p_wp3_matched_null_and_depth_sensitivity/01_execution_outputs/matched_null/membership_parts/generated/GSM8500541_Cap.area8_LN_V2__macrophage_rich__r0201-r0300.csv",329341,"bcd82d3e207089a4aee532b35fd654c3c0419c6ebb215d3e29f88b66e1734a60","PASS","2026-08-05T18:27:37+0800",FALSE,"Create-once controlled-resume partition using frozen composite keys and seeds"
"GENERATED__gsm8500541_cap_area8_ln_v2__macrophage_rich__r0301-r0400","GENERATED_BY_CONTROLLED_RESUME","GSM8500541_Cap.area8_LN_V2","macrophage_rich","Macrophage-rich program",301,400,100,100,2200,2200,28371105,28371204,"${DLBCL_PROJECT_ROOT}/revision_2026_reviewer_response/06p_wp3_matched_null_and_depth_sensitivity/01_execution_scripts/05_06p_partitioned_membership_resume.R","c26643ea7c59428bd516cbe93006168c13bdff590940977ef2318f8df7bc9e85","${DLBCL_PROJECT_ROOT}/revision_2026_reviewer_response/06p_wp3_matched_null_and_depth_sensitivity/01_execution_outputs/matched_null/membership_parts/generated/GSM8500541_Cap.area8_LN_V2__macrophage_rich__r0301-r0400.csv",329389,"607e63ce3351f3ba43ffdd9284cc4e7e8a40f98598e7f171036918a149d10700","PASS","2026-08-05T18:27:38+0800",FALSE,"Create-once controlled-resume partition using frozen composite keys and seeds"
"GENERATED__gsm8500541_cap_area8_ln_v2__macrophage_rich__r0401-r0500","GENERATED_BY_CONTROLLED_RESUME","GSM8500541_Cap.area8_LN_V2","macrophage_rich","Macrophage-rich program",401,500,100,100,2200,2200,28371205,28371304,"${DLBCL_PROJECT_ROOT}/revision_2026_reviewer_response/06p_wp3_matched_null_and_depth_sensitivity/01_execution_scripts/05_06p_partitioned_membership_resume.R","c26643ea7c59428bd516cbe93006168c13bdff590940977ef2318f8df7bc9e85","${DLBCL_PROJECT_ROOT}/revision_2026_reviewer_response/06p_wp3_matched_null_and_depth_sensitivity/01_execution_outputs/matched_null/membership_parts/generated/GSM8500541_Cap.area8_LN_V2__macrophage_rich__r0401-r0500.csv",329375,"c374651805b8f3a9979e9eace104d4a37600bc32bd5c0b49ecee25204c6abfcd","PASS","2026-08-05T18:27:39+0800",FALSE,"Create-once controlled-resume partition using frozen composite keys and seeds"
"GENERATED__gsm8500541_cap_area8_ln_v2__macrophage_rich__r0501-r0600","GENERATED_BY_CONTROLLED_RESUME","GSM8500541_Cap.area8_LN_V2","macrophage_rich","Macrophage-rich program",501,600,100,100,2200,2200,28371305,28371404,"${DLBCL_PROJECT_ROOT}/revision_2026_reviewer_response/06p_wp3_matched_null_and_depth_sensitivity/01_execution_scripts/05_06p_partitioned_membership_resume.R","c26643ea7c59428bd516cbe93006168c13bdff590940977ef2318f8df7bc9e85","${DLBCL_PROJECT_ROOT}/revision_2026_reviewer_response/06p_wp3_matched_null_and_depth_sensitivity/01_execution_outputs/matched_null/membership_parts/generated/GSM8500541_Cap.area8_LN_V2__macrophage_rich__r0501-r0600.csv",329465,"4ffee095a173e5ed9734dc1bcada3c4aa7b8ec4564e30aea7edc7622f6929c55","PASS","2026-08-05T18:27:39+0800",FALSE,"Create-once controlled-resume partition using frozen composite keys and seeds"
"GENERATED__gsm8500541_cap_area8_ln_v2__macrophage_rich__r0601-r0700","GENERATED_BY_CONTROLLED_RESUME","GSM8500541_Cap.area8_LN_V2","macrophage_rich","Macrophage-rich program",601,700,100,100,2200,2200,28371405,28371504,"${DLBCL_PROJECT_ROOT}/revision_2026_reviewer_response/06p_wp3_matched_null_and_depth_sensitivity/01_execution_scripts/05_06p_partitioned_membership_resume.R","c26643ea7c59428bd516cbe93006168c13bdff590940977ef2318f8df7bc9e85","${DLBCL_PROJECT_ROOT}/revision_2026_reviewer_response/06p_wp3_matched_null_and_depth_sensitivity/01_execution_outputs/matched_null/membership_parts/generated/GSM8500541_Cap.area8_LN_V2__macrophage_rich__r0601-r0700.csv",329460,"3de02256525c9f7608a9f86e9d53d019097b3e7e4a6a5bf31d6a26852450ab51","PASS","2026-08-05T18:27:40+0800",FALSE,"Create-once controlled-resume partition using frozen composite keys and seeds"
"GENERATED__gsm8500541_cap_area8_ln_v2__macrophage_rich__r0701-r0800","GENERATED_BY_CONTROLLED_RESUME","GSM8500541_Cap.area8_LN_V2","macrophage_rich","Macrophage-rich program",701,800,100,100,2200,2200,28371505,28371604,"${DLBCL_PROJECT_ROOT}/revision_2026_reviewer_response/06p_wp3_matched_null_and_depth_sensitivity/01_execution_scripts/05_06p_partitioned_membership_resume.R","c26643ea7c59428bd516cbe93006168c13bdff590940977ef2318f8df7bc9e85","${DLBCL_PROJECT_ROOT}/revision_2026_reviewer_response/06p_wp3_matched_null_and_depth_sensitivity/01_execution_outputs/matched_null/membership_parts/generated/GSM8500541_Cap.area8_LN_V2__macrophage_rich__r0701-r0800.csv",329411,"1ba7f97e4fe7c4b602aeeac0970c4009507a12d0af89ae99543c818c6de588cf","PASS","2026-08-05T18:27:41+0800",FALSE,"Create-once controlled-resume partition using frozen composite keys and seeds"
"GENERATED__gsm8500541_cap_area8_ln_v2__macrophage_rich__r0801-r0900","GENERATED_BY_CONTROLLED_RESUME","GSM8500541_Cap.area8_LN_V2","macrophage_rich","Macrophage-rich program",801,900,100,100,2200,2200,28371605,28371704,"${DLBCL_PROJECT_ROOT}/revision_2026_reviewer_response/06p_wp3_matched_null_and_depth_sensitivity/01_execution_scripts/05_06p_partitioned_membership_resume.R","c26643ea7c59428bd516cbe93006168c13bdff590940977ef2318f8df7bc9e85","${DLBCL_PROJECT_ROOT}/revision_2026_reviewer_response/06p_wp3_matched_null_and_depth_sensitivity/01_execution_outputs/matched_null/membership_parts/generated/GSM8500541_Cap.area8_LN_V2__macrophage_rich__r0801-r0900.csv",329333,"873beb4855394c04504d20df44d7665d1f404e8759c032f2c9a17f0475e56e0c","PASS","2026-08-05T18:27:42+0800",FALSE,"Create-once controlled-resume partition using frozen composite keys and seeds"
"GENERATED__gsm8500541_cap_area8_ln_v2__macrophage_rich__r0901-r1000","GENERATED_BY_CONTROLLED_RESUME","GSM8500541_Cap.area8_LN_V2","macrophage_rich","Macrophage-rich program",901,1000,100,100,2200,2200,28371705,28371804,"${DLBCL_PROJECT_ROOT}/revision_2026_reviewer_response/06p_wp3_matched_null_and_depth_sensitivity/01_execution_scripts/05_06p_partitioned_membership_resume.R","c26643ea7c59428bd516cbe93006168c13bdff590940977ef2318f8df7bc9e85","${DLBCL_PROJECT_ROOT}/revision_2026_reviewer_response/06p_wp3_matched_null_and_depth_sensitivity/01_execution_outputs/matched_null/membership_parts/generated/GSM8500541_Cap.area8_LN_V2__macrophage_rich__r0901-r1000.csv",329518,"b3ee5811cd53f067b64ec3dab9022305d691d42ba3778ad400e87709b4f5d78f","PASS","2026-08-05T18:27:43+0800",FALSE,"Create-once controlled-resume partition using frozen composite keys and seeds"
"GENERATED__gsm8500541_cap_area8_ln_v2__t_cell_inflamed__r0001-r0100","GENERATED_BY_CONTROLLED_RESUME","GSM8500541_Cap.area8_LN_V2","t_cell_inflamed","T cell-inflamed program",1,100,100,100,2100,2100,28470805,28470904,"${DLBCL_PROJECT_ROOT}/revision_2026_reviewer_response/06p_wp3_matched_null_and_depth_sensitivity/01_execution_scripts/05_06p_partitioned_membership_resume.R","c26643ea7c59428bd516cbe93006168c13bdff590940977ef2318f8df7bc9e85","${DLBCL_PROJECT_ROOT}/revision_2026_reviewer_response/06p_wp3_matched_null_and_depth_sensitivity/01_execution_outputs/matched_null/membership_parts/generated/GSM8500541_Cap.area8_LN_V2__t_cell_inflamed__r0001-r0100.csv",312038,"cab1587a97b936cb2f2213628c7d205b9b24bac9640fb74424324dc75ef1cc5c","PASS","2026-08-05T18:27:43+0800",FALSE,"Create-once controlled-resume partition using frozen composite keys and seeds"
"GENERATED__gsm8500541_cap_area8_ln_v2__t_cell_inflamed__r0101-r0200","GENERATED_BY_CONTROLLED_RESUME","GSM8500541_Cap.area8_LN_V2","t_cell_inflamed","T cell-inflamed program",101,200,100,100,2100,2100,28470905,28471004,"${DLBCL_PROJECT_ROOT}/revision_2026_reviewer_response/06p_wp3_matched_null_and_depth_sensitivity/01_execution_scripts/05_06p_partitioned_membership_resume.R","c26643ea7c59428bd516cbe93006168c13bdff590940977ef2318f8df7bc9e85","${DLBCL_PROJECT_ROOT}/revision_2026_reviewer_response/06p_wp3_matched_null_and_depth_sensitivity/01_execution_outputs/matched_null/membership_parts/generated/GSM8500541_Cap.area8_LN_V2__t_cell_inflamed__r0101-r0200.csv",314266,"62bef7dc307721705e1a72a1d9e2bba5d880e58c9c748c22d56adaea30ddd4f2","PASS","2026-08-05T18:27:44+0800",FALSE,"Create-once controlled-resume partition using frozen composite keys and seeds"
"GENERATED__gsm8500541_cap_area8_ln_v2__t_cell_inflamed__r0201-r0300","GENERATED_BY_CONTROLLED_RESUME","GSM8500541_Cap.area8_LN_V2","t_cell_inflamed","T cell-inflamed program",201,300,100,100,2100,2100,28471005,28471104,"${DLBCL_PROJECT_ROOT}/revision_2026_reviewer_response/06p_wp3_matched_null_and_depth_sensitivity/01_execution_scripts/05_06p_partitioned_membership_resume.R","c26643ea7c59428bd516cbe93006168c13bdff590940977ef2318f8df7bc9e85","${DLBCL_PROJECT_ROOT}/revision_2026_reviewer_response/06p_wp3_matched_null_and_depth_sensitivity/01_execution_outputs/matched_null/membership_parts/generated/GSM8500541_Cap.area8_LN_V2__t_cell_inflamed__r0201-r0300.csv",314358,"81c38e9513c1ab95476d8a196be63f84ef4f1929ae76a3a57969f3fe04fa33f3","PASS","2026-08-05T18:27:45+0800",FALSE,"Create-once controlled-resume partition using frozen composite keys and seeds"
"GENERATED__gsm8500541_cap_area8_ln_v2__t_cell_inflamed__r0301-r0400","GENERATED_BY_CONTROLLED_RESUME","GSM8500541_Cap.area8_LN_V2","t_cell_inflamed","T cell-inflamed program",301,400,100,100,2100,2100,28471105,28471204,"${DLBCL_PROJECT_ROOT}/revision_2026_reviewer_response/06p_wp3_matched_null_and_depth_sensitivity/01_execution_scripts/05_06p_partitioned_membership_resume.R","c26643ea7c59428bd516cbe93006168c13bdff590940977ef2318f8df7bc9e85","${DLBCL_PROJECT_ROOT}/revision_2026_reviewer_response/06p_wp3_matched_null_and_depth_sensitivity/01_execution_outputs/matched_null/membership_parts/generated/GSM8500541_Cap.area8_LN_V2__t_cell_inflamed__r0301-r0400.csv",314239,"1f2d65477df8fe62bd3544d24e40bbe4f08647288b111196c2c5811f0aa7ac9e","PASS","2026-08-05T18:27:45+0800",FALSE,"Create-once controlled-resume partition using frozen composite keys and seeds"
"GENERATED__gsm8500541_cap_area8_ln_v2__t_cell_inflamed__r0401-r0500","GENERATED_BY_CONTROLLED_RESUME","GSM8500541_Cap.area8_LN_V2","t_cell_inflamed","T cell-inflamed program",401,500,100,100,2100,2100,28471205,28471304,"${DLBCL_PROJECT_ROOT}/revision_2026_reviewer_response/06p_wp3_matched_null_and_depth_sensitivity/01_execution_scripts/05_06p_partitioned_membership_resume.R","c26643ea7c59428bd516cbe93006168c13bdff590940977ef2318f8df7bc9e85","${DLBCL_PROJECT_ROOT}/revision_2026_reviewer_response/06p_wp3_matched_null_and_depth_sensitivity/01_execution_outputs/matched_null/membership_parts/generated/GSM8500541_Cap.area8_LN_V2__t_cell_inflamed__r0401-r0500.csv",314236,"bce0fce7df14c2e2b031eec0356c4bc32ffe53c485cca573c06f5a75b5b86b79","PASS","2026-08-05T18:27:46+0800",FALSE,"Create-once controlled-resume partition using frozen composite keys and seeds"
"GENERATED__gsm8500541_cap_area8_ln_v2__t_cell_inflamed__r0501-r0600","GENERATED_BY_CONTROLLED_RESUME","GSM8500541_Cap.area8_LN_V2","t_cell_inflamed","T cell-inflamed program",501,600,100,100,2100,2100,28471305,28471404,"${DLBCL_PROJECT_ROOT}/revision_2026_reviewer_response/06p_wp3_matched_null_and_depth_sensitivity/01_execution_scripts/05_06p_partitioned_membership_resume.R","c26643ea7c59428bd516cbe93006168c13bdff590940977ef2318f8df7bc9e85","${DLBCL_PROJECT_ROOT}/revision_2026_reviewer_response/06p_wp3_matched_null_and_depth_sensitivity/01_execution_outputs/matched_null/membership_parts/generated/GSM8500541_Cap.area8_LN_V2__t_cell_inflamed__r0501-r0600.csv",314354,"ceec64180827045b1eb4eb22e54d01dabc5ca7d2a166fd61a9d5e233faa1dce9","PASS","2026-08-05T18:27:47+0800",FALSE,"Create-once controlled-resume partition using frozen composite keys and seeds"
"GENERATED__gsm8500541_cap_area8_ln_v2__t_cell_inflamed__r0601-r0700","GENERATED_BY_CONTROLLED_RESUME","GSM8500541_Cap.area8_LN_V2","t_cell_inflamed","T cell-inflamed program",601,700,100,100,2100,2100,28471405,28471504,"${DLBCL_PROJECT_ROOT}/revision_2026_reviewer_response/06p_wp3_matched_null_and_depth_sensitivity/01_execution_scripts/05_06p_partitioned_membership_resume.R","c26643ea7c59428bd516cbe93006168c13bdff590940977ef2318f8df7bc9e85","${DLBCL_PROJECT_ROOT}/revision_2026_reviewer_response/06p_wp3_matched_null_and_depth_sensitivity/01_execution_outputs/matched_null/membership_parts/generated/GSM8500541_Cap.area8_LN_V2__t_cell_inflamed__r0601-r0700.csv",314285,"ac3be48e1576552c1f919fed616929a21b1d1cc1dbef4fd47c45809cfd3f201d","PASS","2026-08-05T18:27:47+0800",FALSE,"Create-once controlled-resume partition using frozen composite keys and seeds"
"GENERATED__gsm8500541_cap_area8_ln_v2__t_cell_inflamed__r0701-r0800","GENERATED_BY_CONTROLLED_RESUME","GSM8500541_Cap.area8_LN_V2","t_cell_inflamed","T cell-inflamed program",701,800,100,100,2100,2100,28471505,28471604,"${DLBCL_PROJECT_ROOT}/revision_2026_reviewer_response/06p_wp3_matched_null_and_depth_sensitivity/01_execution_scripts/05_06p_partitioned_membership_resume.R","c26643ea7c59428bd516cbe93006168c13bdff590940977ef2318f8df7bc9e85","${DLBCL_PROJECT_ROOT}/revision_2026_reviewer_response/06p_wp3_matched_null_and_depth_sensitivity/01_execution_outputs/matched_null/membership_parts/generated/GSM8500541_Cap.area8_LN_V2__t_cell_inflamed__r0701-r0800.csv",314276,"a463446969fc2ac9b8d25c489a37cae597482200fec8a6798ad36b52003d1f08","PASS","2026-08-05T18:27:48+0800",FALSE,"Create-once controlled-resume partition using frozen composite keys and seeds"
"GENERATED__gsm8500541_cap_area8_ln_v2__t_cell_inflamed__r0801-r0900","GENERATED_BY_CONTROLLED_RESUME","GSM8500541_Cap.area8_LN_V2","t_cell_inflamed","T cell-inflamed program",801,900,100,100,2100,2100,28471605,28471704,"${DLBCL_PROJECT_ROOT}/revision_2026_reviewer_response/06p_wp3_matched_null_and_depth_sensitivity/01_execution_scripts/05_06p_partitioned_membership_resume.R","c26643ea7c59428bd516cbe93006168c13bdff590940977ef2318f8df7bc9e85","${DLBCL_PROJECT_ROOT}/revision_2026_reviewer_response/06p_wp3_matched_null_and_depth_sensitivity/01_execution_outputs/matched_null/membership_parts/generated/GSM8500541_Cap.area8_LN_V2__t_cell_inflamed__r0801-r0900.csv",314319,"e95395680ec460454065d48ba3fc4098aaba358476d4c82f9afa57595261808f","PASS","2026-08-05T18:27:49+0800",FALSE,"Create-once controlled-resume partition using frozen composite keys and seeds"
"GENERATED__gsm8500541_cap_area8_ln_v2__t_cell_inflamed__r0901-r1000","GENERATED_BY_CONTROLLED_RESUME","GSM8500541_Cap.area8_LN_V2","t_cell_inflamed","T cell-inflamed program",901,1000,100,100,2100,2100,28471705,28471804,"${DLBCL_PROJECT_ROOT}/revision_2026_reviewer_response/06p_wp3_matched_null_and_depth_sensitivity/01_execution_scripts/05_06p_partitioned_membership_resume.R","c26643ea7c59428bd516cbe93006168c13bdff590940977ef2318f8df7bc9e85","${DLBCL_PROJECT_ROOT}/revision_2026_reviewer_response/06p_wp3_matched_null_and_depth_sensitivity/01_execution_outputs/matched_null/membership_parts/generated/GSM8500541_Cap.area8_LN_V2__t_cell_inflamed__r0901-r1000.csv",314192,"a559d9e0f4de143b54f03e391112caf166a36388bfe52575bba6d39ad0fafeb5","PASS","2026-08-05T18:27:50+0800",FALSE,"Create-once controlled-resume partition using frozen composite keys and seeds"
"GENERATED__gsm8500541_cap_area8_ln_v2__antigen_presentation__r0001-r0100","GENERATED_BY_CONTROLLED_RESUME","GSM8500541_Cap.area8_LN_V2","antigen_presentation","Immune-inflamed / antigen-presentation program",1,100,100,100,1300,1300,28570805,28570904,"${DLBCL_PROJECT_ROOT}/revision_2026_reviewer_response/06p_wp3_matched_null_and_depth_sensitivity/01_execution_scripts/05_06p_partitioned_membership_resume.R","c26643ea7c59428bd516cbe93006168c13bdff590940977ef2318f8df7bc9e85","${DLBCL_PROJECT_ROOT}/revision_2026_reviewer_response/06p_wp3_matched_null_and_depth_sensitivity/01_execution_outputs/matched_null/membership_parts/generated/GSM8500541_Cap.area8_LN_V2__antigen_presentation__r0001-r0100.csv",238821,"7e584789228440ea74855bfa061556585cf35e84730c9c496977b0cf6528a9e3","PASS","2026-08-05T18:27:50+0800",FALSE,"Create-once controlled-resume partition using frozen composite keys and seeds"
"GENERATED__gsm8500541_cap_area8_ln_v2__antigen_presentation__r0101-r0200","GENERATED_BY_CONTROLLED_RESUME","GSM8500541_Cap.area8_LN_V2","antigen_presentation","Immune-inflamed / antigen-presentation program",101,200,100,100,1300,1300,28570905,28571004,"${DLBCL_PROJECT_ROOT}/revision_2026_reviewer_response/06p_wp3_matched_null_and_depth_sensitivity/01_execution_scripts/05_06p_partitioned_membership_resume.R","c26643ea7c59428bd516cbe93006168c13bdff590940977ef2318f8df7bc9e85","${DLBCL_PROJECT_ROOT}/revision_2026_reviewer_response/06p_wp3_matched_null_and_depth_sensitivity/01_execution_outputs/matched_null/membership_parts/generated/GSM8500541_Cap.area8_LN_V2__antigen_presentation__r0101-r0200.csv",240255,"fc7e737d67518321e949a9bd6925b70ac3b9a3ec8b3c77249694b8165e466291","PASS","2026-08-05T18:27:51+0800",FALSE,"Create-once controlled-resume partition using frozen composite keys and seeds"
"GENERATED__gsm8500541_cap_area8_ln_v2__antigen_presentation__r0201-r0300","GENERATED_BY_CONTROLLED_RESUME","GSM8500541_Cap.area8_LN_V2","antigen_presentation","Immune-inflamed / antigen-presentation program",201,300,100,100,1300,1300,28571005,28571104,"${DLBCL_PROJECT_ROOT}/revision_2026_reviewer_response/06p_wp3_matched_null_and_depth_sensitivity/01_execution_scripts/05_06p_partitioned_membership_resume.R","c26643ea7c59428bd516cbe93006168c13bdff590940977ef2318f8df7bc9e85","${DLBCL_PROJECT_ROOT}/revision_2026_reviewer_response/06p_wp3_matched_null_and_depth_sensitivity/01_execution_outputs/matched_null/membership_parts/generated/GSM8500541_Cap.area8_LN_V2__antigen_presentation__r0201-r0300.csv",240243,"79fde8ee6b518f77c28c65bc88b6b41bcc9e096d57fe07dc2138cc19f086d560","PASS","2026-08-05T18:27:51+0800",FALSE,"Create-once controlled-resume partition using frozen composite keys and seeds"
"GENERATED__gsm8500541_cap_area8_ln_v2__antigen_presentation__r0301-r0400","GENERATED_BY_CONTROLLED_RESUME","GSM8500541_Cap.area8_LN_V2","antigen_presentation","Immune-inflamed / antigen-presentation program",301,400,100,100,1300,1300,28571105,28571204,"${DLBCL_PROJECT_ROOT}/revision_2026_reviewer_response/06p_wp3_matched_null_and_depth_sensitivity/01_execution_scripts/05_06p_partitioned_membership_resume.R","c26643ea7c59428bd516cbe93006168c13bdff590940977ef2318f8df7bc9e85","${DLBCL_PROJECT_ROOT}/revision_2026_reviewer_response/06p_wp3_matched_null_and_depth_sensitivity/01_execution_outputs/matched_null/membership_parts/generated/GSM8500541_Cap.area8_LN_V2__antigen_presentation__r0301-r0400.csv",240196,"4e1792fb177703110d4d00484ce53acb88ebcb5d81734a3c4802aaf67c7ab50b","PASS","2026-08-05T18:27:52+0800",FALSE,"Create-once controlled-resume partition using frozen composite keys and seeds"
"GENERATED__gsm8500541_cap_area8_ln_v2__antigen_presentation__r0401-r0500","GENERATED_BY_CONTROLLED_RESUME","GSM8500541_Cap.area8_LN_V2","antigen_presentation","Immune-inflamed / antigen-presentation program",401,500,100,100,1300,1300,28571205,28571304,"${DLBCL_PROJECT_ROOT}/revision_2026_reviewer_response/06p_wp3_matched_null_and_depth_sensitivity/01_execution_scripts/05_06p_partitioned_membership_resume.R","c26643ea7c59428bd516cbe93006168c13bdff590940977ef2318f8df7bc9e85","${DLBCL_PROJECT_ROOT}/revision_2026_reviewer_response/06p_wp3_matched_null_and_depth_sensitivity/01_execution_outputs/matched_null/membership_parts/generated/GSM8500541_Cap.area8_LN_V2__antigen_presentation__r0401-r0500.csv",240205,"e116a13ce1241145518680017b1ba50c874c3099814c83c92ca7a6bd548a0dd0","PASS","2026-08-05T18:27:52+0800",FALSE,"Create-once controlled-resume partition using frozen composite keys and seeds"
"GENERATED__gsm8500541_cap_area8_ln_v2__antigen_presentation__r0501-r0600","GENERATED_BY_CONTROLLED_RESUME","GSM8500541_Cap.area8_LN_V2","antigen_presentation","Immune-inflamed / antigen-presentation program",501,600,100,100,1300,1300,28571305,28571404,"${DLBCL_PROJECT_ROOT}/revision_2026_reviewer_response/06p_wp3_matched_null_and_depth_sensitivity/01_execution_scripts/05_06p_partitioned_membership_resume.R","c26643ea7c59428bd516cbe93006168c13bdff590940977ef2318f8df7bc9e85","${DLBCL_PROJECT_ROOT}/revision_2026_reviewer_response/06p_wp3_matched_null_and_depth_sensitivity/01_execution_outputs/matched_null/membership_parts/generated/GSM8500541_Cap.area8_LN_V2__antigen_presentation__r0501-r0600.csv",240254,"bbbb705e55284806881816eaeb44d572ace1f8c1c3097b3d39b9ced48e245ed4","PASS","2026-08-05T18:27:53+0800",FALSE,"Create-once controlled-resume partition using frozen composite keys and seeds"
"GENERATED__gsm8500541_cap_area8_ln_v2__antigen_presentation__r0601-r0700","GENERATED_BY_CONTROLLED_RESUME","GSM8500541_Cap.area8_LN_V2","antigen_presentation","Immune-inflamed / antigen-presentation program",601,700,100,100,1300,1300,28571405,28571504,"${DLBCL_PROJECT_ROOT}/revision_2026_reviewer_response/06p_wp3_matched_null_and_depth_sensitivity/01_execution_scripts/05_06p_partitioned_membership_resume.R","c26643ea7c59428bd516cbe93006168c13bdff590940977ef2318f8df7bc9e85","${DLBCL_PROJECT_ROOT}/revision_2026_reviewer_response/06p_wp3_matched_null_and_depth_sensitivity/01_execution_outputs/matched_null/membership_parts/generated/GSM8500541_Cap.area8_LN_V2__antigen_presentation__r0601-r0700.csv",240250,"a0bf114cd62330f328c6143ac23fb7ebd7610580267d18522e35aa6a2df4077e","PASS","2026-08-05T18:27:53+0800",FALSE,"Create-once controlled-resume partition using frozen composite keys and seeds"
"GENERATED__gsm8500541_cap_area8_ln_v2__antigen_presentation__r0701-r0800","GENERATED_BY_CONTROLLED_RESUME","GSM8500541_Cap.area8_LN_V2","antigen_presentation","Immune-inflamed / antigen-presentation program",701,800,100,100,1300,1300,28571505,28571604,"${DLBCL_PROJECT_ROOT}/revision_2026_reviewer_response/06p_wp3_matched_null_and_depth_sensitivity/01_execution_scripts/05_06p_partitioned_membership_resume.R","c26643ea7c59428bd516cbe93006168c13bdff590940977ef2318f8df7bc9e85","${DLBCL_PROJECT_ROOT}/revision_2026_reviewer_response/06p_wp3_matched_null_and_depth_sensitivity/01_execution_outputs/matched_null/membership_parts/generated/GSM8500541_Cap.area8_LN_V2__antigen_presentation__r0701-r0800.csv",240276,"3db6440f6dd51cb451caa97687aa7c5ee153c4cec5873bcc79db2d9627488b3d","PASS","2026-08-05T18:27:54+0800",FALSE,"Create-once controlled-resume partition using frozen composite keys and seeds"
"GENERATED__gsm8500541_cap_area8_ln_v2__antigen_presentation__r0801-r0900","GENERATED_BY_CONTROLLED_RESUME","GSM8500541_Cap.area8_LN_V2","antigen_presentation","Immune-inflamed / antigen-presentation program",801,900,100,100,1300,1300,28571605,28571704,"${DLBCL_PROJECT_ROOT}/revision_2026_reviewer_response/06p_wp3_matched_null_and_depth_sensitivity/01_execution_scripts/05_06p_partitioned_membership_resume.R","c26643ea7c59428bd516cbe93006168c13bdff590940977ef2318f8df7bc9e85","${DLBCL_PROJECT_ROOT}/revision_2026_reviewer_response/06p_wp3_matched_null_and_depth_sensitivity/01_execution_outputs/matched_null/membership_parts/generated/GSM8500541_Cap.area8_LN_V2__antigen_presentation__r0801-r0900.csv",240236,"9598e6d48496287ecfca9eaa12f0f8be36c02b531d33a714ee9f871e6ca57b89","PASS","2026-08-05T18:27:54+0800",FALSE,"Create-once controlled-resume partition using frozen composite keys and seeds"
"GENERATED__gsm8500541_cap_area8_ln_v2__antigen_presentation__r0901-r1000","GENERATED_BY_CONTROLLED_RESUME","GSM8500541_Cap.area8_LN_V2","antigen_presentation","Immune-inflamed / antigen-presentation program",901,1000,100,100,1300,1300,28571705,28571804,"${DLBCL_PROJECT_ROOT}/revision_2026_reviewer_response/06p_wp3_matched_null_and_depth_sensitivity/01_execution_scripts/05_06p_partitioned_membership_resume.R","c26643ea7c59428bd516cbe93006168c13bdff590940977ef2318f8df7bc9e85","${DLBCL_PROJECT_ROOT}/revision_2026_reviewer_response/06p_wp3_matched_null_and_depth_sensitivity/01_execution_outputs/matched_null/membership_parts/generated/GSM8500541_Cap.area8_LN_V2__antigen_presentation__r0901-r1000.csv",240255,"6cc983b426d8f5fe8400985c82d733fc9760c5c780dbf4887462c09aefd76b35","PASS","2026-08-05T18:27:55+0800",FALSE,"Create-once controlled-resume partition using frozen composite keys and seeds"
"GENERATED__gsm8500541_cap_area8_ln_v2__stromal_fibrotic__r0001-r0100","GENERATED_BY_CONTROLLED_RESUME","GSM8500541_Cap.area8_LN_V2","stromal_fibrotic","Stromal / fibrotic program",1,100,100,100,2200,2200,28670805,28670904,"${DLBCL_PROJECT_ROOT}/revision_2026_reviewer_response/06p_wp3_matched_null_and_depth_sensitivity/01_execution_scripts/05_06p_partitioned_membership_resume.R","c26643ea7c59428bd516cbe93006168c13bdff590940977ef2318f8df7bc9e85","${DLBCL_PROJECT_ROOT}/revision_2026_reviewer_response/06p_wp3_matched_null_and_depth_sensitivity/01_execution_outputs/matched_null/membership_parts/generated/GSM8500541_Cap.area8_LN_V2__stromal_fibrotic__r0001-r0100.csv",335437,"464174c927431b2e573cfa7b19fb7b338f4c8ccea866169cb10b10991ea66a97","PASS","2026-08-05T18:27:56+0800",FALSE,"Create-once controlled-resume partition using frozen composite keys and seeds"
"GENERATED__gsm8500541_cap_area8_ln_v2__stromal_fibrotic__r0101-r0200","GENERATED_BY_CONTROLLED_RESUME","GSM8500541_Cap.area8_LN_V2","stromal_fibrotic","Stromal / fibrotic program",101,200,100,100,2200,2200,28670905,28671004,"${DLBCL_PROJECT_ROOT}/revision_2026_reviewer_response/06p_wp3_matched_null_and_depth_sensitivity/01_execution_scripts/05_06p_partitioned_membership_resume.R","c26643ea7c59428bd516cbe93006168c13bdff590940977ef2318f8df7bc9e85","${DLBCL_PROJECT_ROOT}/revision_2026_reviewer_response/06p_wp3_matched_null_and_depth_sensitivity/01_execution_outputs/matched_null/membership_parts/generated/GSM8500541_Cap.area8_LN_V2__stromal_fibrotic__r0101-r0200.csv",337809,"1f92de85cf80ae73b1ef6a614d0519f29d34cd1d0e6fb8e1f820af1cb36bd7b9","PASS","2026-08-05T18:27:56+0800",FALSE,"Create-once controlled-resume partition using frozen composite keys and seeds"
"GENERATED__gsm8500541_cap_area8_ln_v2__stromal_fibrotic__r0201-r0300","GENERATED_BY_CONTROLLED_RESUME","GSM8500541_Cap.area8_LN_V2","stromal_fibrotic","Stromal / fibrotic program",201,300,100,100,2200,2200,28671005,28671104,"${DLBCL_PROJECT_ROOT}/revision_2026_reviewer_response/06p_wp3_matched_null_and_depth_sensitivity/01_execution_scripts/05_06p_partitioned_membership_resume.R","c26643ea7c59428bd516cbe93006168c13bdff590940977ef2318f8df7bc9e85","${DLBCL_PROJECT_ROOT}/revision_2026_reviewer_response/06p_wp3_matched_null_and_depth_sensitivity/01_execution_outputs/matched_null/membership_parts/generated/GSM8500541_Cap.area8_LN_V2__stromal_fibrotic__r0201-r0300.csv",337929,"f1264df033a5374bfd5dce72fbd26a82b14b722f5c666b8716b49f4d06a58e54","PASS","2026-08-05T18:27:57+0800",FALSE,"Create-once controlled-resume partition using frozen composite keys and seeds"
"GENERATED__gsm8500541_cap_area8_ln_v2__stromal_fibrotic__r0301-r0400","GENERATED_BY_CONTROLLED_RESUME","GSM8500541_Cap.area8_LN_V2","stromal_fibrotic","Stromal / fibrotic program",301,400,100,100,2200,2200,28671105,28671204,"${DLBCL_PROJECT_ROOT}/revision_2026_reviewer_response/06p_wp3_matched_null_and_depth_sensitivity/01_execution_scripts/05_06p_partitioned_membership_resume.R","c26643ea7c59428bd516cbe93006168c13bdff590940977ef2318f8df7bc9e85","${DLBCL_PROJECT_ROOT}/revision_2026_reviewer_response/06p_wp3_matched_null_and_depth_sensitivity/01_execution_outputs/matched_null/membership_parts/generated/GSM8500541_Cap.area8_LN_V2__stromal_fibrotic__r0301-r0400.csv",337973,"198d53e47b5abe7882a5af6bf783ba4f715803faeca37a7a75332b9ff65d6ad0","PASS","2026-08-05T18:27:58+0800",FALSE,"Create-once controlled-resume partition using frozen composite keys and seeds"
"GENERATED__gsm8500541_cap_area8_ln_v2__stromal_fibrotic__r0401-r0500","GENERATED_BY_CONTROLLED_RESUME","GSM8500541_Cap.area8_LN_V2","stromal_fibrotic","Stromal / fibrotic program",401,500,100,100,2200,2200,28671205,28671304,"${DLBCL_PROJECT_ROOT}/revision_2026_reviewer_response/06p_wp3_matched_null_and_depth_sensitivity/01_execution_scripts/05_06p_partitioned_membership_resume.R","c26643ea7c59428bd516cbe93006168c13bdff590940977ef2318f8df7bc9e85","${DLBCL_PROJECT_ROOT}/revision_2026_reviewer_response/06p_wp3_matched_null_and_depth_sensitivity/01_execution_outputs/matched_null/membership_parts/generated/GSM8500541_Cap.area8_LN_V2__stromal_fibrotic__r0401-r0500.csv",337870,"063b77fef844483a5f3c8e4af14c330d190dc23a859f7a417da861310376aae3","PASS","2026-08-05T18:27:58+0800",FALSE,"Create-once controlled-resume partition using frozen composite keys and seeds"
"GENERATED__gsm8500541_cap_area8_ln_v2__stromal_fibrotic__r0501-r0600","GENERATED_BY_CONTROLLED_RESUME","GSM8500541_Cap.area8_LN_V2","stromal_fibrotic","Stromal / fibrotic program",501,600,100,100,2200,2200,28671305,28671404,"${DLBCL_PROJECT_ROOT}/revision_2026_reviewer_response/06p_wp3_matched_null_and_depth_sensitivity/01_execution_scripts/05_06p_partitioned_membership_resume.R","c26643ea7c59428bd516cbe93006168c13bdff590940977ef2318f8df7bc9e85","${DLBCL_PROJECT_ROOT}/revision_2026_reviewer_response/06p_wp3_matched_null_and_depth_sensitivity/01_execution_outputs/matched_null/membership_parts/generated/GSM8500541_Cap.area8_LN_V2__stromal_fibrotic__r0501-r0600.csv",337922,"73e113fb4c7c680aa73ae613c668fdfadde67d172e086de255c9f5dd98abf6c8","PASS","2026-08-05T18:27:59+0800",FALSE,"Create-once controlled-resume partition using frozen composite keys and seeds"
"GENERATED__gsm8500541_cap_area8_ln_v2__stromal_fibrotic__r0601-r0700","GENERATED_BY_CONTROLLED_RESUME","GSM8500541_Cap.area8_LN_V2","stromal_fibrotic","Stromal / fibrotic program",601,700,100,100,2200,2200,28671405,28671504,"${DLBCL_PROJECT_ROOT}/revision_2026_reviewer_response/06p_wp3_matched_null_and_depth_sensitivity/01_execution_scripts/05_06p_partitioned_membership_resume.R","c26643ea7c59428bd516cbe93006168c13bdff590940977ef2318f8df7bc9e85","${DLBCL_PROJECT_ROOT}/revision_2026_reviewer_response/06p_wp3_matched_null_and_depth_sensitivity/01_execution_outputs/matched_null/membership_parts/generated/GSM8500541_Cap.area8_LN_V2__stromal_fibrotic__r0601-r0700.csv",337823,"b34d0476e573eb12dceeab731bd12fb891d261f86c3cd34d60a1c66b3d0e2fed","PASS","2026-08-05T18:28:00+0800",FALSE,"Create-once controlled-resume partition using frozen composite keys and seeds"
"GENERATED__gsm8500541_cap_area8_ln_v2__stromal_fibrotic__r0701-r0800","GENERATED_BY_CONTROLLED_RESUME","GSM8500541_Cap.area8_LN_V2","stromal_fibrotic","Stromal / fibrotic program",701,800,100,100,2200,2200,28671505,28671604,"${DLBCL_PROJECT_ROOT}/revision_2026_reviewer_response/06p_wp3_matched_null_and_depth_sensitivity/01_execution_scripts/05_06p_partitioned_membership_resume.R","c26643ea7c59428bd516cbe93006168c13bdff590940977ef2318f8df7bc9e85","${DLBCL_PROJECT_ROOT}/revision_2026_reviewer_response/06p_wp3_matched_null_and_depth_sensitivity/01_execution_outputs/matched_null/membership_parts/generated/GSM8500541_Cap.area8_LN_V2__stromal_fibrotic__r0701-r0800.csv",337746,"3b62b2a5ae987b5aae94e7f9892d8cd373a3bf9135ca9662c15cb9a31734dce5","PASS","2026-08-05T18:28:01+0800",FALSE,"Create-once controlled-resume partition using frozen composite keys and seeds"
"GENERATED__gsm8500541_cap_area8_ln_v2__stromal_fibrotic__r0801-r0900","GENERATED_BY_CONTROLLED_RESUME","GSM8500541_Cap.area8_LN_V2","stromal_fibrotic","Stromal / fibrotic program",801,900,100,100,2200,2200,28671605,28671704,"${DLBCL_PROJECT_ROOT}/revision_2026_reviewer_response/06p_wp3_matched_null_and_depth_sensitivity/01_execution_scripts/05_06p_partitioned_membership_resume.R","c26643ea7c59428bd516cbe93006168c13bdff590940977ef2318f8df7bc9e85","${DLBCL_PROJECT_ROOT}/revision_2026_reviewer_response/06p_wp3_matched_null_and_depth_sensitivity/01_execution_outputs/matched_null/membership_parts/generated/GSM8500541_Cap.area8_LN_V2__stromal_fibrotic__r0801-r0900.csv",337834,"24826b08f1331b0a2204f14bafc670c367d21b8ae6a16568140792458d9521a7","PASS","2026-08-05T18:28:02+0800",FALSE,"Create-once controlled-resume partition using frozen composite keys and seeds"
"GENERATED__gsm8500541_cap_area8_ln_v2__stromal_fibrotic__r0901-r1000","GENERATED_BY_CONTROLLED_RESUME","GSM8500541_Cap.area8_LN_V2","stromal_fibrotic","Stromal / fibrotic program",901,1000,100,100,2200,2200,28671705,28671804,"${DLBCL_PROJECT_ROOT}/revision_2026_reviewer_response/06p_wp3_matched_null_and_depth_sensitivity/01_execution_scripts/05_06p_partitioned_membership_resume.R","c26643ea7c59428bd516cbe93006168c13bdff590940977ef2318f8df7bc9e85","${DLBCL_PROJECT_ROOT}/revision_2026_reviewer_response/06p_wp3_matched_null_and_depth_sensitivity/01_execution_outputs/matched_null/membership_parts/generated/GSM8500541_Cap.area8_LN_V2__stromal_fibrotic__r0901-r1000.csv",337931,"d4b5782a633208f3bf0d40011b787e20ae23d2354935ec684595f9ddd0bffbd9","PASS","2026-08-05T18:28:03+0800",FALSE,"Create-once controlled-resume partition using frozen composite keys and seeds"
"GENERATED__gsm8500541_cap_area8_ln_v2__immune_cold_exclusion__r0001-r0100","GENERATED_BY_CONTROLLED_RESUME","GSM8500541_Cap.area8_LN_V2","immune_cold_exclusion","Immune-cold / exclusion-associated program",1,100,100,100,2200,2200,28770805,28770904,"${DLBCL_PROJECT_ROOT}/revision_2026_reviewer_response/06p_wp3_matched_null_and_depth_sensitivity/01_execution_scripts/05_06p_partitioned_membership_resume.R","c26643ea7c59428bd516cbe93006168c13bdff590940977ef2318f8df7bc9e85","${DLBCL_PROJECT_ROOT}/revision_2026_reviewer_response/06p_wp3_matched_null_and_depth_sensitivity/01_execution_outputs/matched_null/membership_parts/generated/GSM8500541_Cap.area8_LN_V2__immune_cold_exclusion__r0001-r0100.csv",383153,"bef6e0b70250b131fdc2c65fb6f45fc5d97d97a0a8cc83ac10ec04084fd39a84","PASS","2026-08-05T18:28:04+0800",FALSE,"Create-once controlled-resume partition using frozen composite keys and seeds"
"GENERATED__gsm8500541_cap_area8_ln_v2__immune_cold_exclusion__r0101-r0200","GENERATED_BY_CONTROLLED_RESUME","GSM8500541_Cap.area8_LN_V2","immune_cold_exclusion","Immune-cold / exclusion-associated program",101,200,100,100,2200,2200,28770905,28771004,"${DLBCL_PROJECT_ROOT}/revision_2026_reviewer_response/06p_wp3_matched_null_and_depth_sensitivity/01_execution_scripts/05_06p_partitioned_membership_resume.R","c26643ea7c59428bd516cbe93006168c13bdff590940977ef2318f8df7bc9e85","${DLBCL_PROJECT_ROOT}/revision_2026_reviewer_response/06p_wp3_matched_null_and_depth_sensitivity/01_execution_outputs/matched_null/membership_parts/generated/GSM8500541_Cap.area8_LN_V2__immune_cold_exclusion__r0101-r0200.csv",385569,"91e08b58b8829df5a7a161be10055654c3cce75f1df2adb953a7d542693e89f8","PASS","2026-08-05T18:28:04+0800",FALSE,"Create-once controlled-resume partition using frozen composite keys and seeds"
"GENERATED__gsm8500541_cap_area8_ln_v2__immune_cold_exclusion__r0201-r0300","GENERATED_BY_CONTROLLED_RESUME","GSM8500541_Cap.area8_LN_V2","immune_cold_exclusion","Immune-cold / exclusion-associated program",201,300,100,100,2200,2200,28771005,28771104,"${DLBCL_PROJECT_ROOT}/revision_2026_reviewer_response/06p_wp3_matched_null_and_depth_sensitivity/01_execution_scripts/05_06p_partitioned_membership_resume.R","c26643ea7c59428bd516cbe93006168c13bdff590940977ef2318f8df7bc9e85","${DLBCL_PROJECT_ROOT}/revision_2026_reviewer_response/06p_wp3_matched_null_and_depth_sensitivity/01_execution_outputs/matched_null/membership_parts/generated/GSM8500541_Cap.area8_LN_V2__immune_cold_exclusion__r0201-r0300.csv",385478,"16e3d7284ff073178358aaecff8eb943b3822277486b889b631b68f70b48e09c","PASS","2026-08-05T18:28:05+0800",FALSE,"Create-once controlled-resume partition using frozen composite keys and seeds"
"GENERATED__gsm8500541_cap_area8_ln_v2__immune_cold_exclusion__r0301-r0400","GENERATED_BY_CONTROLLED_RESUME","GSM8500541_Cap.area8_LN_V2","immune_cold_exclusion","Immune-cold / exclusion-associated program",301,400,100,100,2200,2200,28771105,28771204,"${DLBCL_PROJECT_ROOT}/revision_2026_reviewer_response/06p_wp3_matched_null_and_depth_sensitivity/01_execution_scripts/05_06p_partitioned_membership_resume.R","c26643ea7c59428bd516cbe93006168c13bdff590940977ef2318f8df7bc9e85","${DLBCL_PROJECT_ROOT}/revision_2026_reviewer_response/06p_wp3_matched_null_and_depth_sensitivity/01_execution_outputs/matched_null/membership_parts/generated/GSM8500541_Cap.area8_LN_V2__immune_cold_exclusion__r0301-r0400.csv",385606,"08a4aa56a7e823cff7917cc2f801a5f0e1b0b8cd63e2485453ba8c52e33bcdcf","PASS","2026-08-05T18:28:06+0800",FALSE,"Create-once controlled-resume partition using frozen composite keys and seeds"
"GENERATED__gsm8500541_cap_area8_ln_v2__immune_cold_exclusion__r0401-r0500","GENERATED_BY_CONTROLLED_RESUME","GSM8500541_Cap.area8_LN_V2","immune_cold_exclusion","Immune-cold / exclusion-associated program",401,500,100,100,2200,2200,28771205,28771304,"${DLBCL_PROJECT_ROOT}/revision_2026_reviewer_response/06p_wp3_matched_null_and_depth_sensitivity/01_execution_scripts/05_06p_partitioned_membership_resume.R","c26643ea7c59428bd516cbe93006168c13bdff590940977ef2318f8df7bc9e85","${DLBCL_PROJECT_ROOT}/revision_2026_reviewer_response/06p_wp3_matched_null_and_depth_sensitivity/01_execution_outputs/matched_null/membership_parts/generated/GSM8500541_Cap.area8_LN_V2__immune_cold_exclusion__r0401-r0500.csv",385534,"667d0b6fd4bd821433bbb473b9ca8ae9404300ef6833d7139f6c3e9ad62aa67b","PASS","2026-08-05T18:28:06+0800",FALSE,"Create-once controlled-resume partition using frozen composite keys and seeds"
"GENERATED__gsm8500541_cap_area8_ln_v2__immune_cold_exclusion__r0501-r0600","GENERATED_BY_CONTROLLED_RESUME","GSM8500541_Cap.area8_LN_V2","immune_cold_exclusion","Immune-cold / exclusion-associated program",501,600,100,100,2200,2200,28771305,28771404,"${DLBCL_PROJECT_ROOT}/revision_2026_reviewer_response/06p_wp3_matched_null_and_depth_sensitivity/01_execution_scripts/05_06p_partitioned_membership_resume.R","c26643ea7c59428bd516cbe93006168c13bdff590940977ef2318f8df7bc9e85","${DLBCL_PROJECT_ROOT}/revision_2026_reviewer_response/06p_wp3_matched_null_and_depth_sensitivity/01_execution_outputs/matched_null/membership_parts/generated/GSM8500541_Cap.area8_LN_V2__immune_cold_exclusion__r0501-r0600.csv",385431,"ed6da6e780d7c4026191f8e66a43b2f456e5956a54fdfa8f011fa55b4d587a06","PASS","2026-08-05T18:28:07+0800",FALSE,"Create-once controlled-resume partition using frozen composite keys and seeds"
"GENERATED__gsm8500541_cap_area8_ln_v2__immune_cold_exclusion__r0601-r0700","GENERATED_BY_CONTROLLED_RESUME","GSM8500541_Cap.area8_LN_V2","immune_cold_exclusion","Immune-cold / exclusion-associated program",601,700,100,100,2200,2200,28771405,28771504,"${DLBCL_PROJECT_ROOT}/revision_2026_reviewer_response/06p_wp3_matched_null_and_depth_sensitivity/01_execution_scripts/05_06p_partitioned_membership_resume.R","c26643ea7c59428bd516cbe93006168c13bdff590940977ef2318f8df7bc9e85","${DLBCL_PROJECT_ROOT}/revision_2026_reviewer_response/06p_wp3_matched_null_and_depth_sensitivity/01_execution_outputs/matched_null/membership_parts/generated/GSM8500541_Cap.area8_LN_V2__immune_cold_exclusion__r0601-r0700.csv",385598,"7156cb666cf4f9d9b5e2e64a74489571905706a1a6b72b838d3fbbc04b277019","PASS","2026-08-05T18:28:08+0800",FALSE,"Create-once controlled-resume partition using frozen composite keys and seeds"
"GENERATED__gsm8500541_cap_area8_ln_v2__immune_cold_exclusion__r0701-r0800","GENERATED_BY_CONTROLLED_RESUME","GSM8500541_Cap.area8_LN_V2","immune_cold_exclusion","Immune-cold / exclusion-associated program",701,800,100,100,2200,2200,28771505,28771604,"${DLBCL_PROJECT_ROOT}/revision_2026_reviewer_response/06p_wp3_matched_null_and_depth_sensitivity/01_execution_scripts/05_06p_partitioned_membership_resume.R","c26643ea7c59428bd516cbe93006168c13bdff590940977ef2318f8df7bc9e85","${DLBCL_PROJECT_ROOT}/revision_2026_reviewer_response/06p_wp3_matched_null_and_depth_sensitivity/01_execution_outputs/matched_null/membership_parts/generated/GSM8500541_Cap.area8_LN_V2__immune_cold_exclusion__r0701-r0800.csv",385536,"392d481266d2fa06cbb8827d5fc915ae4b9d6bd91acc9713f481efd7198f274b","PASS","2026-08-05T18:28:09+0800",FALSE,"Create-once controlled-resume partition using frozen composite keys and seeds"
"GENERATED__gsm8500541_cap_area8_ln_v2__immune_cold_exclusion__r0801-r0900","GENERATED_BY_CONTROLLED_RESUME","GSM8500541_Cap.area8_LN_V2","immune_cold_exclusion","Immune-cold / exclusion-associated program",801,900,100,100,2200,2200,28771605,28771704,"${DLBCL_PROJECT_ROOT}/revision_2026_reviewer_response/06p_wp3_matched_null_and_depth_sensitivity/01_execution_scripts/05_06p_partitioned_membership_resume.R","c26643ea7c59428bd516cbe93006168c13bdff590940977ef2318f8df7bc9e85","${DLBCL_PROJECT_ROOT}/revision_2026_reviewer_response/06p_wp3_matched_null_and_depth_sensitivity/01_execution_outputs/matched_null/membership_parts/generated/GSM8500541_Cap.area8_LN_V2__immune_cold_exclusion__r0801-r0900.csv",385603,"1773a38360d01164d0482a60cb12da2d56e3e1f96639a83681dbd896c391c2d5","PASS","2026-08-05T18:28:09+0800",FALSE,"Create-once controlled-resume partition using frozen composite keys and seeds"
"GENERATED__gsm8500541_cap_area8_ln_v2__immune_cold_exclusion__r0901-r1000","GENERATED_BY_CONTROLLED_RESUME","GSM8500541_Cap.area8_LN_V2","immune_cold_exclusion","Immune-cold / exclusion-associated program",901,1000,100,100,2200,2200,28771705,28771804,"${DLBCL_PROJECT_ROOT}/revision_2026_reviewer_response/06p_wp3_matched_null_and_depth_sensitivity/01_execution_scripts/05_06p_partitioned_membership_resume.R","c26643ea7c59428bd516cbe93006168c13bdff590940977ef2318f8df7bc9e85","${DLBCL_PROJECT_ROOT}/revision_2026_reviewer_response/06p_wp3_matched_null_and_depth_sensitivity/01_execution_outputs/matched_null/membership_parts/generated/GSM8500541_Cap.area8_LN_V2__immune_cold_exclusion__r0901-r1000.csv",385616,"df4f5e30e2c2af9c3171deda48b3cbf81cf99cc7a4bba8179996403e1cf96271","PASS","2026-08-05T18:28:10+0800",FALSE,"Create-once controlled-resume partition using frozen composite keys and seeds"
"GENERATED__gsm8500541_cap_area8_ln_v2__proliferative_cycling__r0001-r0100","GENERATED_BY_CONTROLLED_RESUME","GSM8500541_Cap.area8_LN_V2","proliferative_cycling","Proliferative / cycling program",1,100,100,100,2200,2200,28870805,28870904,"${DLBCL_PROJECT_ROOT}/revision_2026_reviewer_response/06p_wp3_matched_null_and_depth_sensitivity/01_execution_scripts/05_06p_partitioned_membership_resume.R","c26643ea7c59428bd516cbe93006168c13bdff590940977ef2318f8df7bc9e85","${DLBCL_PROJECT_ROOT}/revision_2026_reviewer_response/06p_wp3_matched_null_and_depth_sensitivity/01_execution_outputs/matched_null/membership_parts/generated/GSM8500541_Cap.area8_LN_V2__proliferative_cycling__r0001-r0100.csv",358461,"f5721a329bdda12d976c6e1f36cf88873cab28a0b7086a521ae3d2018da35b8e","PASS","2026-08-05T18:28:11+0800",FALSE,"Create-once controlled-resume partition using frozen composite keys and seeds"
"GENERATED__gsm8500541_cap_area8_ln_v2__proliferative_cycling__r0101-r0200","GENERATED_BY_CONTROLLED_RESUME","GSM8500541_Cap.area8_LN_V2","proliferative_cycling","Proliferative / cycling program",101,200,100,100,2200,2200,28870905,28871004,"${DLBCL_PROJECT_ROOT}/revision_2026_reviewer_response/06p_wp3_matched_null_and_depth_sensitivity/01_execution_scripts/05_06p_partitioned_membership_resume.R","c26643ea7c59428bd516cbe93006168c13bdff590940977ef2318f8df7bc9e85","${DLBCL_PROJECT_ROOT}/revision_2026_reviewer_response/06p_wp3_matched_null_and_depth_sensitivity/01_execution_outputs/matched_null/membership_parts/generated/GSM8500541_Cap.area8_LN_V2__proliferative_cycling__r0101-r0200.csv",360844,"36f74b99217601048526cdfab1782f55328c9bdeb443215cf9a6cdfb8409a239","PASS","2026-08-05T18:28:12+0800",FALSE,"Create-once controlled-resume partition using frozen composite keys and seeds"
"GENERATED__gsm8500541_cap_area8_ln_v2__proliferative_cycling__r0201-r0300","GENERATED_BY_CONTROLLED_RESUME","GSM8500541_Cap.area8_LN_V2","proliferative_cycling","Proliferative / cycling program",201,300,100,100,2200,2200,28871005,28871104,"${DLBCL_PROJECT_ROOT}/revision_2026_reviewer_response/06p_wp3_matched_null_and_depth_sensitivity/01_execution_scripts/05_06p_partitioned_membership_resume.R","c26643ea7c59428bd516cbe93006168c13bdff590940977ef2318f8df7bc9e85","${DLBCL_PROJECT_ROOT}/revision_2026_reviewer_response/06p_wp3_matched_null_and_depth_sensitivity/01_execution_outputs/matched_null/membership_parts/generated/GSM8500541_Cap.area8_LN_V2__proliferative_cycling__r0201-r0300.csv",360941,"c494fe888f8fa85c65323f35fc3135c91fc0d78c56e6989926e45bc7aa951016","PASS","2026-08-05T18:28:12+0800",FALSE,"Create-once controlled-resume partition using frozen composite keys and seeds"
"GENERATED__gsm8500541_cap_area8_ln_v2__proliferative_cycling__r0301-r0400","GENERATED_BY_CONTROLLED_RESUME","GSM8500541_Cap.area8_LN_V2","proliferative_cycling","Proliferative / cycling program",301,400,100,100,2200,2200,28871105,28871204,"${DLBCL_PROJECT_ROOT}/revision_2026_reviewer_response/06p_wp3_matched_null_and_depth_sensitivity/01_execution_scripts/05_06p_partitioned_membership_resume.R","c26643ea7c59428bd516cbe93006168c13bdff590940977ef2318f8df7bc9e85","${DLBCL_PROJECT_ROOT}/revision_2026_reviewer_response/06p_wp3_matched_null_and_depth_sensitivity/01_execution_outputs/matched_null/membership_parts/generated/GSM8500541_Cap.area8_LN_V2__proliferative_cycling__r0301-r0400.csv",360890,"07796e3dd1cc7dd29ae57ce21e6224fc23ee65ed0d83ccdbbe047f9ef42142e0","PASS","2026-08-05T18:28:13+0800",FALSE,"Create-once controlled-resume partition using frozen composite keys and seeds"
"GENERATED__gsm8500541_cap_area8_ln_v2__proliferative_cycling__r0401-r0500","GENERATED_BY_CONTROLLED_RESUME","GSM8500541_Cap.area8_LN_V2","proliferative_cycling","Proliferative / cycling program",401,500,100,100,2200,2200,28871205,28871304,"${DLBCL_PROJECT_ROOT}/revision_2026_reviewer_response/06p_wp3_matched_null_and_depth_sensitivity/01_execution_scripts/05_06p_partitioned_membership_resume.R","c26643ea7c59428bd516cbe93006168c13bdff590940977ef2318f8df7bc9e85","${DLBCL_PROJECT_ROOT}/revision_2026_reviewer_response/06p_wp3_matched_null_and_depth_sensitivity/01_execution_outputs/matched_null/membership_parts/generated/GSM8500541_Cap.area8_LN_V2__proliferative_cycling__r0401-r0500.csv",360722,"6e5d5921269a4e159d3eb8575766be05473e4354e0dd07a911ca17553d7cb4c4","PASS","2026-08-05T18:28:14+0800",FALSE,"Create-once controlled-resume partition using frozen composite keys and seeds"
"GENERATED__gsm8500541_cap_area8_ln_v2__proliferative_cycling__r0501-r0600","GENERATED_BY_CONTROLLED_RESUME","GSM8500541_Cap.area8_LN_V2","proliferative_cycling","Proliferative / cycling program",501,600,100,100,2200,2200,28871305,28871404,"${DLBCL_PROJECT_ROOT}/revision_2026_reviewer_response/06p_wp3_matched_null_and_depth_sensitivity/01_execution_scripts/05_06p_partitioned_membership_resume.R","c26643ea7c59428bd516cbe93006168c13bdff590940977ef2318f8df7bc9e85","${DLBCL_PROJECT_ROOT}/revision_2026_reviewer_response/06p_wp3_matched_null_and_depth_sensitivity/01_execution_outputs/matched_null/membership_parts/generated/GSM8500541_Cap.area8_LN_V2__proliferative_cycling__r0501-r0600.csv",360649,"e4c6bacd3cd2d78e5da0976990cc66ca0b5a917fa2577f2c9b62c43d98c11249","PASS","2026-08-05T18:28:15+0800",FALSE,"Create-once controlled-resume partition using frozen composite keys and seeds"
"GENERATED__gsm8500541_cap_area8_ln_v2__proliferative_cycling__r0601-r0700","GENERATED_BY_CONTROLLED_RESUME","GSM8500541_Cap.area8_LN_V2","proliferative_cycling","Proliferative / cycling program",601,700,100,100,2200,2200,28871405,28871504,"${DLBCL_PROJECT_ROOT}/revision_2026_reviewer_response/06p_wp3_matched_null_and_depth_sensitivity/01_execution_scripts/05_06p_partitioned_membership_resume.R","c26643ea7c59428bd516cbe93006168c13bdff590940977ef2318f8df7bc9e85","${DLBCL_PROJECT_ROOT}/revision_2026_reviewer_response/06p_wp3_matched_null_and_depth_sensitivity/01_execution_outputs/matched_null/membership_parts/generated/GSM8500541_Cap.area8_LN_V2__proliferative_cycling__r0601-r0700.csv",360772,"345324c0a06c627c5442c40ee48e3d35008417681ea8e514e6b57f37b29209e3","PASS","2026-08-05T18:28:15+0800",FALSE,"Create-once controlled-resume partition using frozen composite keys and seeds"
"GENERATED__gsm8500541_cap_area8_ln_v2__proliferative_cycling__r0701-r0800","GENERATED_BY_CONTROLLED_RESUME","GSM8500541_Cap.area8_LN_V2","proliferative_cycling","Proliferative / cycling program",701,800,100,100,2200,2200,28871505,28871604,"${DLBCL_PROJECT_ROOT}/revision_2026_reviewer_response/06p_wp3_matched_null_and_depth_sensitivity/01_execution_scripts/05_06p_partitioned_membership_resume.R","c26643ea7c59428bd516cbe93006168c13bdff590940977ef2318f8df7bc9e85","${DLBCL_PROJECT_ROOT}/revision_2026_reviewer_response/06p_wp3_matched_null_and_depth_sensitivity/01_execution_outputs/matched_null/membership_parts/generated/GSM8500541_Cap.area8_LN_V2__proliferative_cycling__r0701-r0800.csv",360789,"85976fefd34754e83c9cc7f34f2e83eca5a04ac81ff75f042a4f9666fc4c580e","PASS","2026-08-05T18:28:16+0800",FALSE,"Create-once controlled-resume partition using frozen composite keys and seeds"
"GENERATED__gsm8500541_cap_area8_ln_v2__proliferative_cycling__r0801-r0900","GENERATED_BY_CONTROLLED_RESUME","GSM8500541_Cap.area8_LN_V2","proliferative_cycling","Proliferative / cycling program",801,900,100,100,2200,2200,28871605,28871704,"${DLBCL_PROJECT_ROOT}/revision_2026_reviewer_response/06p_wp3_matched_null_and_depth_sensitivity/01_execution_scripts/05_06p_partitioned_membership_resume.R","c26643ea7c59428bd516cbe93006168c13bdff590940977ef2318f8df7bc9e85","${DLBCL_PROJECT_ROOT}/revision_2026_reviewer_response/06p_wp3_matched_null_and_depth_sensitivity/01_execution_outputs/matched_null/membership_parts/generated/GSM8500541_Cap.area8_LN_V2__proliferative_cycling__r0801-r0900.csv",360852,"a8960030fa48430b7786edc001a0d0bf20e0f52ca0bd44a2fc6a8e89d1e6519f","PASS","2026-08-05T18:28:17+0800",FALSE,"Create-once controlled-resume partition using frozen composite keys and seeds"
"GENERATED__gsm8500541_cap_area8_ln_v2__proliferative_cycling__r0901-r1000","GENERATED_BY_CONTROLLED_RESUME","GSM8500541_Cap.area8_LN_V2","proliferative_cycling","Proliferative / cycling program",901,1000,100,100,2200,2200,28871705,28871804,"${DLBCL_PROJECT_ROOT}/revision_2026_reviewer_response/06p_wp3_matched_null_and_depth_sensitivity/01_execution_scripts/05_06p_partitioned_membership_resume.R","c26643ea7c59428bd516cbe93006168c13bdff590940977ef2318f8df7bc9e85","${DLBCL_PROJECT_ROOT}/revision_2026_reviewer_response/06p_wp3_matched_null_and_depth_sensitivity/01_execution_outputs/matched_null/membership_parts/generated/GSM8500541_Cap.area8_LN_V2__proliferative_cycling__r0901-r1000.csv",360869,"a4ab3d20baf4142bc68f44a949542ee6199d8737d283086a42d1abab1b7828eb","PASS","2026-08-05T18:28:18+0800",FALSE,"Create-once controlled-resume partition using frozen composite keys and seeds"
"GENERATED__gsm8500542_cap_area9_tonsil_v2__macrophage_rich__r0001-r0100","GENERATED_BY_CONTROLLED_RESUME","GSM8500542_Cap.area9_tonsil_V2","macrophage_rich","Macrophage-rich program",1,100,100,100,2200,2200,29370805,29370904,"${DLBCL_PROJECT_ROOT}/revision_2026_reviewer_response/06p_wp3_matched_null_and_depth_sensitivity/01_execution_scripts/05_06p_partitioned_membership_resume.R","c26643ea7c59428bd516cbe93006168c13bdff590940977ef2318f8df7bc9e85","${DLBCL_PROJECT_ROOT}/revision_2026_reviewer_response/06p_wp3_matched_null_and_depth_sensitivity/01_execution_outputs/matched_null/membership_parts/generated/GSM8500542_Cap.area9_tonsil_V2__macrophage_rich__r0001-r0100.csv",336084,"0a8ab5f61c871b125f1921fe912981a0b6d53301f7915ac789a7557c22a9f262","PASS","2026-08-05T18:28:18+0800",FALSE,"Create-once controlled-resume partition using frozen composite keys and seeds"
"GENERATED__gsm8500542_cap_area9_tonsil_v2__macrophage_rich__r0101-r0200","GENERATED_BY_CONTROLLED_RESUME","GSM8500542_Cap.area9_tonsil_V2","macrophage_rich","Macrophage-rich program",101,200,100,100,2200,2200,29370905,29371004,"${DLBCL_PROJECT_ROOT}/revision_2026_reviewer_response/06p_wp3_matched_null_and_depth_sensitivity/01_execution_scripts/05_06p_partitioned_membership_resume.R","c26643ea7c59428bd516cbe93006168c13bdff590940977ef2318f8df7bc9e85","${DLBCL_PROJECT_ROOT}/revision_2026_reviewer_response/06p_wp3_matched_null_and_depth_sensitivity/01_execution_outputs/matched_null/membership_parts/generated/GSM8500542_Cap.area9_tonsil_V2__macrophage_rich__r0101-r0200.csv",338536,"a0b4caf006f9528681356f0f9618ebb3490ff45f4228149eca4b2eadc7bcee67","PASS","2026-08-05T18:28:19+0800",FALSE,"Create-once controlled-resume partition using frozen composite keys and seeds"
"GENERATED__gsm8500542_cap_area9_tonsil_v2__macrophage_rich__r0201-r0300","GENERATED_BY_CONTROLLED_RESUME","GSM8500542_Cap.area9_tonsil_V2","macrophage_rich","Macrophage-rich program",201,300,100,100,2200,2200,29371005,29371104,"${DLBCL_PROJECT_ROOT}/revision_2026_reviewer_response/06p_wp3_matched_null_and_depth_sensitivity/01_execution_scripts/05_06p_partitioned_membership_resume.R","c26643ea7c59428bd516cbe93006168c13bdff590940977ef2318f8df7bc9e85","${DLBCL_PROJECT_ROOT}/revision_2026_reviewer_response/06p_wp3_matched_null_and_depth_sensitivity/01_execution_outputs/matched_null/membership_parts/generated/GSM8500542_Cap.area9_tonsil_V2__macrophage_rich__r0201-r0300.csv",338507,"8274bfd1a7f21b689f6932d7a638daa569e5340279d9ea4feaec70b99a84341d","PASS","2026-08-05T18:28:20+0800",FALSE,"Create-once controlled-resume partition using frozen composite keys and seeds"
"GENERATED__gsm8500542_cap_area9_tonsil_v2__macrophage_rich__r0301-r0400","GENERATED_BY_CONTROLLED_RESUME","GSM8500542_Cap.area9_tonsil_V2","macrophage_rich","Macrophage-rich program",301,400,100,100,2200,2200,29371105,29371204,"${DLBCL_PROJECT_ROOT}/revision_2026_reviewer_response/06p_wp3_matched_null_and_depth_sensitivity/01_execution_scripts/05_06p_partitioned_membership_resume.R","c26643ea7c59428bd516cbe93006168c13bdff590940977ef2318f8df7bc9e85","${DLBCL_PROJECT_ROOT}/revision_2026_reviewer_response/06p_wp3_matched_null_and_depth_sensitivity/01_execution_outputs/matched_null/membership_parts/generated/GSM8500542_Cap.area9_tonsil_V2__macrophage_rich__r0301-r0400.csv",338683,"16fb6e9fe40f3d8dc0e92c4b8ed5ff19bea3686fc1d53849cf8aeb62c9093c7b","PASS","2026-08-05T18:28:21+0800",FALSE,"Create-once controlled-resume partition using frozen composite keys and seeds"
"GENERATED__gsm8500542_cap_area9_tonsil_v2__macrophage_rich__r0401-r0500","GENERATED_BY_CONTROLLED_RESUME","GSM8500542_Cap.area9_tonsil_V2","macrophage_rich","Macrophage-rich program",401,500,100,100,2200,2200,29371205,29371304,"${DLBCL_PROJECT_ROOT}/revision_2026_reviewer_response/06p_wp3_matched_null_and_depth_sensitivity/01_execution_scripts/05_06p_partitioned_membership_resume.R","c26643ea7c59428bd516cbe93006168c13bdff590940977ef2318f8df7bc9e85","${DLBCL_PROJECT_ROOT}/revision_2026_reviewer_response/06p_wp3_matched_null_and_depth_sensitivity/01_execution_outputs/matched_null/membership_parts/generated/GSM8500542_Cap.area9_tonsil_V2__macrophage_rich__r0401-r0500.csv",338471,"7594760cf844cab4e49432b71d8fefd5c9283f7617095bbf2608f866a7a90cb0","PASS","2026-08-05T18:28:21+0800",FALSE,"Create-once controlled-resume partition using frozen composite keys and seeds"
"GENERATED__gsm8500542_cap_area9_tonsil_v2__macrophage_rich__r0501-r0600","GENERATED_BY_CONTROLLED_RESUME","GSM8500542_Cap.area9_tonsil_V2","macrophage_rich","Macrophage-rich program",501,600,100,100,2200,2200,29371305,29371404,"${DLBCL_PROJECT_ROOT}/revision_2026_reviewer_response/06p_wp3_matched_null_and_depth_sensitivity/01_execution_scripts/05_06p_partitioned_membership_resume.R","c26643ea7c59428bd516cbe93006168c13bdff590940977ef2318f8df7bc9e85","${DLBCL_PROJECT_ROOT}/revision_2026_reviewer_response/06p_wp3_matched_null_and_depth_sensitivity/01_execution_outputs/matched_null/membership_parts/generated/GSM8500542_Cap.area9_tonsil_V2__macrophage_rich__r0501-r0600.csv",338492,"84d6bd85dccba339d245b1fc2d950aa20d12133ebc1f07982b2f3a1778bd72bf","PASS","2026-08-05T18:28:22+0800",FALSE,"Create-once controlled-resume partition using frozen composite keys and seeds"
"GENERATED__gsm8500542_cap_area9_tonsil_v2__macrophage_rich__r0601-r0700","GENERATED_BY_CONTROLLED_RESUME","GSM8500542_Cap.area9_tonsil_V2","macrophage_rich","Macrophage-rich program",601,700,100,100,2200,2200,29371405,29371504,"${DLBCL_PROJECT_ROOT}/revision_2026_reviewer_response/06p_wp3_matched_null_and_depth_sensitivity/01_execution_scripts/05_06p_partitioned_membership_resume.R","c26643ea7c59428bd516cbe93006168c13bdff590940977ef2318f8df7bc9e85","${DLBCL_PROJECT_ROOT}/revision_2026_reviewer_response/06p_wp3_matched_null_and_depth_sensitivity/01_execution_outputs/matched_null/membership_parts/generated/GSM8500542_Cap.area9_tonsil_V2__macrophage_rich__r0601-r0700.csv",338730,"6da6f568ea8c4605a7ffbca1b61f1a7db89e910e0e1fe4fb7afa62a0162a4012","PASS","2026-08-05T18:28:23+0800",FALSE,"Create-once controlled-resume partition using frozen composite keys and seeds"
"GENERATED__gsm8500542_cap_area9_tonsil_v2__macrophage_rich__r0701-r0800","GENERATED_BY_CONTROLLED_RESUME","GSM8500542_Cap.area9_tonsil_V2","macrophage_rich","Macrophage-rich program",701,800,100,100,2200,2200,29371505,29371604,"${DLBCL_PROJECT_ROOT}/revision_2026_reviewer_response/06p_wp3_matched_null_and_depth_sensitivity/01_execution_scripts/05_06p_partitioned_membership_resume.R","c26643ea7c59428bd516cbe93006168c13bdff590940977ef2318f8df7bc9e85","${DLBCL_PROJECT_ROOT}/revision_2026_reviewer_response/06p_wp3_matched_null_and_depth_sensitivity/01_execution_outputs/matched_null/membership_parts/generated/GSM8500542_Cap.area9_tonsil_V2__macrophage_rich__r0701-r0800.csv",338610,"a4d0e322367371e786c71f6f2c06a0cdd22bee5e5b4c217b78081020da4cb748","PASS","2026-08-05T18:28:24+0800",FALSE,"Create-once controlled-resume partition using frozen composite keys and seeds"
"GENERATED__gsm8500542_cap_area9_tonsil_v2__macrophage_rich__r0801-r0900","GENERATED_BY_CONTROLLED_RESUME","GSM8500542_Cap.area9_tonsil_V2","macrophage_rich","Macrophage-rich program",801,900,100,100,2200,2200,29371605,29371704,"${DLBCL_PROJECT_ROOT}/revision_2026_reviewer_response/06p_wp3_matched_null_and_depth_sensitivity/01_execution_scripts/05_06p_partitioned_membership_resume.R","c26643ea7c59428bd516cbe93006168c13bdff590940977ef2318f8df7bc9e85","${DLBCL_PROJECT_ROOT}/revision_2026_reviewer_response/06p_wp3_matched_null_and_depth_sensitivity/01_execution_outputs/matched_null/membership_parts/generated/GSM8500542_Cap.area9_tonsil_V2__macrophage_rich__r0801-r0900.csv",338571,"b03768ff383bc8952d6a8f55b6535916ed40040294759d1aa636b4fedbdccdb9","PASS","2026-08-05T18:28:24+0800",FALSE,"Create-once controlled-resume partition using frozen composite keys and seeds"
"GENERATED__gsm8500542_cap_area9_tonsil_v2__macrophage_rich__r0901-r1000","GENERATED_BY_CONTROLLED_RESUME","GSM8500542_Cap.area9_tonsil_V2","macrophage_rich","Macrophage-rich program",901,1000,100,100,2200,2200,29371705,29371804,"${DLBCL_PROJECT_ROOT}/revision_2026_reviewer_response/06p_wp3_matched_null_and_depth_sensitivity/01_execution_scripts/05_06p_partitioned_membership_resume.R","c26643ea7c59428bd516cbe93006168c13bdff590940977ef2318f8df7bc9e85","${DLBCL_PROJECT_ROOT}/revision_2026_reviewer_response/06p_wp3_matched_null_and_depth_sensitivity/01_execution_outputs/matched_null/membership_parts/generated/GSM8500542_Cap.area9_tonsil_V2__macrophage_rich__r0901-r1000.csv",338541,"f32cc998177871b5d85d409dfe649fb1ac56a2eb4d7e3842815b7d49a97b9d9f","PASS","2026-08-05T18:28:25+0800",FALSE,"Create-once controlled-resume partition using frozen composite keys and seeds"
"GENERATED__gsm8500542_cap_area9_tonsil_v2__t_cell_inflamed__r0001-r0100","GENERATED_BY_CONTROLLED_RESUME","GSM8500542_Cap.area9_tonsil_V2","t_cell_inflamed","T cell-inflamed program",1,100,100,100,2100,2100,29470805,29470904,"${DLBCL_PROJECT_ROOT}/revision_2026_reviewer_response/06p_wp3_matched_null_and_depth_sensitivity/01_execution_scripts/05_06p_partitioned_membership_resume.R","c26643ea7c59428bd516cbe93006168c13bdff590940977ef2318f8df7bc9e85","${DLBCL_PROJECT_ROOT}/revision_2026_reviewer_response/06p_wp3_matched_null_and_depth_sensitivity/01_execution_outputs/matched_null/membership_parts/generated/GSM8500542_Cap.area9_tonsil_V2__t_cell_inflamed__r0001-r0100.csv",319226,"03ec53ca5581fa8467c4a6524a1bcf6b808ab3cfdd7aafe575be74fee077a896","PASS","2026-08-05T18:28:26+0800",FALSE,"Create-once controlled-resume partition using frozen composite keys and seeds"
"GENERATED__gsm8500542_cap_area9_tonsil_v2__t_cell_inflamed__r0101-r0200","GENERATED_BY_CONTROLLED_RESUME","GSM8500542_Cap.area9_tonsil_V2","t_cell_inflamed","T cell-inflamed program",101,200,100,100,2100,2100,29470905,29471004,"${DLBCL_PROJECT_ROOT}/revision_2026_reviewer_response/06p_wp3_matched_null_and_depth_sensitivity/01_execution_scripts/05_06p_partitioned_membership_resume.R","c26643ea7c59428bd516cbe93006168c13bdff590940977ef2318f8df7bc9e85","${DLBCL_PROJECT_ROOT}/revision_2026_reviewer_response/06p_wp3_matched_null_and_depth_sensitivity/01_execution_outputs/matched_null/membership_parts/generated/GSM8500542_Cap.area9_tonsil_V2__t_cell_inflamed__r0101-r0200.csv",321384,"26c0449be7076eb0d6185bd29791694f9c721fa838d73c64e50044a9ce738e33","PASS","2026-08-05T18:28:27+0800",FALSE,"Create-once controlled-resume partition using frozen composite keys and seeds"
"GENERATED__gsm8500542_cap_area9_tonsil_v2__t_cell_inflamed__r0201-r0300","GENERATED_BY_CONTROLLED_RESUME","GSM8500542_Cap.area9_tonsil_V2","t_cell_inflamed","T cell-inflamed program",201,300,100,100,2100,2100,29471005,29471104,"${DLBCL_PROJECT_ROOT}/revision_2026_reviewer_response/06p_wp3_matched_null_and_depth_sensitivity/01_execution_scripts/05_06p_partitioned_membership_resume.R","c26643ea7c59428bd516cbe93006168c13bdff590940977ef2318f8df7bc9e85","${DLBCL_PROJECT_ROOT}/revision_2026_reviewer_response/06p_wp3_matched_null_and_depth_sensitivity/01_execution_outputs/matched_null/membership_parts/generated/GSM8500542_Cap.area9_tonsil_V2__t_cell_inflamed__r0201-r0300.csv",321513,"9b9abe82cb7b095002a0ec51c74cb74643f90a77d6158342baa29fc7540c7631","PASS","2026-08-05T18:28:27+0800",FALSE,"Create-once controlled-resume partition using frozen composite keys and seeds"
"GENERATED__gsm8500542_cap_area9_tonsil_v2__t_cell_inflamed__r0301-r0400","GENERATED_BY_CONTROLLED_RESUME","GSM8500542_Cap.area9_tonsil_V2","t_cell_inflamed","T cell-inflamed program",301,400,100,100,2100,2100,29471105,29471204,"${DLBCL_PROJECT_ROOT}/revision_2026_reviewer_response/06p_wp3_matched_null_and_depth_sensitivity/01_execution_scripts/05_06p_partitioned_membership_resume.R","c26643ea7c59428bd516cbe93006168c13bdff590940977ef2318f8df7bc9e85","${DLBCL_PROJECT_ROOT}/revision_2026_reviewer_response/06p_wp3_matched_null_and_depth_sensitivity/01_execution_outputs/matched_null/membership_parts/generated/GSM8500542_Cap.area9_tonsil_V2__t_cell_inflamed__r0301-r0400.csv",321488,"03dd39cdfa113462e0d8a4c3e470afef4e81b22fa027b50a4697079e54199d5b","PASS","2026-08-05T18:28:28+0800",FALSE,"Create-once controlled-resume partition using frozen composite keys and seeds"
"GENERATED__gsm8500542_cap_area9_tonsil_v2__t_cell_inflamed__r0401-r0500","GENERATED_BY_CONTROLLED_RESUME","GSM8500542_Cap.area9_tonsil_V2","t_cell_inflamed","T cell-inflamed program",401,500,100,100,2100,2100,29471205,29471304,"${DLBCL_PROJECT_ROOT}/revision_2026_reviewer_response/06p_wp3_matched_null_and_depth_sensitivity/01_execution_scripts/05_06p_partitioned_membership_resume.R","c26643ea7c59428bd516cbe93006168c13bdff590940977ef2318f8df7bc9e85","${DLBCL_PROJECT_ROOT}/revision_2026_reviewer_response/06p_wp3_matched_null_and_depth_sensitivity/01_execution_outputs/matched_null/membership_parts/generated/GSM8500542_Cap.area9_tonsil_V2__t_cell_inflamed__r0401-r0500.csv",321364,"9ae0da85ee6c929e5ff5ca5d25df951f9f0a89851dfee6c40ff6fbffbd2a34a1","PASS","2026-08-05T18:28:29+0800",FALSE,"Create-once controlled-resume partition using frozen composite keys and seeds"
"GENERATED__gsm8500542_cap_area9_tonsil_v2__t_cell_inflamed__r0501-r0600","GENERATED_BY_CONTROLLED_RESUME","GSM8500542_Cap.area9_tonsil_V2","t_cell_inflamed","T cell-inflamed program",501,600,100,100,2100,2100,29471305,29471404,"${DLBCL_PROJECT_ROOT}/revision_2026_reviewer_response/06p_wp3_matched_null_and_depth_sensitivity/01_execution_scripts/05_06p_partitioned_membership_resume.R","c26643ea7c59428bd516cbe93006168c13bdff590940977ef2318f8df7bc9e85","${DLBCL_PROJECT_ROOT}/revision_2026_reviewer_response/06p_wp3_matched_null_and_depth_sensitivity/01_execution_outputs/matched_null/membership_parts/generated/GSM8500542_Cap.area9_tonsil_V2__t_cell_inflamed__r0501-r0600.csv",321518,"ed74bc0d1242bca42e77caf40d35a817d2d374dddd142944c13c472dc7d3faef","PASS","2026-08-05T18:28:30+0800",FALSE,"Create-once controlled-resume partition using frozen composite keys and seeds"
"GENERATED__gsm8500542_cap_area9_tonsil_v2__t_cell_inflamed__r0601-r0700","GENERATED_BY_CONTROLLED_RESUME","GSM8500542_Cap.area9_tonsil_V2","t_cell_inflamed","T cell-inflamed program",601,700,100,100,2100,2100,29471405,29471504,"${DLBCL_PROJECT_ROOT}/revision_2026_reviewer_response/06p_wp3_matched_null_and_depth_sensitivity/01_execution_scripts/05_06p_partitioned_membership_resume.R","c26643ea7c59428bd516cbe93006168c13bdff590940977ef2318f8df7bc9e85","${DLBCL_PROJECT_ROOT}/revision_2026_reviewer_response/06p_wp3_matched_null_and_depth_sensitivity/01_execution_outputs/matched_null/membership_parts/generated/GSM8500542_Cap.area9_tonsil_V2__t_cell_inflamed__r0601-r0700.csv",321501,"fb5d2ff7f7addf4af5ac600934a770f06a09438eb424213f077e7f93024f6dce","PASS","2026-08-05T18:28:30+0800",FALSE,"Create-once controlled-resume partition using frozen composite keys and seeds"
"GENERATED__gsm8500542_cap_area9_tonsil_v2__t_cell_inflamed__r0701-r0800","GENERATED_BY_CONTROLLED_RESUME","GSM8500542_Cap.area9_tonsil_V2","t_cell_inflamed","T cell-inflamed program",701,800,100,100,2100,2100,29471505,29471604,"${DLBCL_PROJECT_ROOT}/revision_2026_reviewer_response/06p_wp3_matched_null_and_depth_sensitivity/01_execution_scripts/05_06p_partitioned_membership_resume.R","c26643ea7c59428bd516cbe93006168c13bdff590940977ef2318f8df7bc9e85","${DLBCL_PROJECT_ROOT}/revision_2026_reviewer_response/06p_wp3_matched_null_and_depth_sensitivity/01_execution_outputs/matched_null/membership_parts/generated/GSM8500542_Cap.area9_tonsil_V2__t_cell_inflamed__r0701-r0800.csv",321482,"42afabcafd8477e2372e6680413aec1f624dda159e6c329ce8c26f47e100659a","PASS","2026-08-05T18:28:31+0800",FALSE,"Create-once controlled-resume partition using frozen composite keys and seeds"
"GENERATED__gsm8500542_cap_area9_tonsil_v2__t_cell_inflamed__r0801-r0900","GENERATED_BY_CONTROLLED_RESUME","GSM8500542_Cap.area9_tonsil_V2","t_cell_inflamed","T cell-inflamed program",801,900,100,100,2100,2100,29471605,29471704,"${DLBCL_PROJECT_ROOT}/revision_2026_reviewer_response/06p_wp3_matched_null_and_depth_sensitivity/01_execution_scripts/05_06p_partitioned_membership_resume.R","c26643ea7c59428bd516cbe93006168c13bdff590940977ef2318f8df7bc9e85","${DLBCL_PROJECT_ROOT}/revision_2026_reviewer_response/06p_wp3_matched_null_and_depth_sensitivity/01_execution_outputs/matched_null/membership_parts/generated/GSM8500542_Cap.area9_tonsil_V2__t_cell_inflamed__r0801-r0900.csv",321421,"5f7623a62bcab1983b5b5e9892dcfee6d7966d528089b10d7392b80f190edf61","PASS","2026-08-05T18:28:32+0800",FALSE,"Create-once controlled-resume partition using frozen composite keys and seeds"
"GENERATED__gsm8500542_cap_area9_tonsil_v2__t_cell_inflamed__r0901-r1000","GENERATED_BY_CONTROLLED_RESUME","GSM8500542_Cap.area9_tonsil_V2","t_cell_inflamed","T cell-inflamed program",901,1000,100,100,2100,2100,29471705,29471804,"${DLBCL_PROJECT_ROOT}/revision_2026_reviewer_response/06p_wp3_matched_null_and_depth_sensitivity/01_execution_scripts/05_06p_partitioned_membership_resume.R","c26643ea7c59428bd516cbe93006168c13bdff590940977ef2318f8df7bc9e85","${DLBCL_PROJECT_ROOT}/revision_2026_reviewer_response/06p_wp3_matched_null_and_depth_sensitivity/01_execution_outputs/matched_null/membership_parts/generated/GSM8500542_Cap.area9_tonsil_V2__t_cell_inflamed__r0901-r1000.csv",321573,"847bd162a02535093cb25f7086613e854598ecf410cdef6fa34282a9865b42a6","PASS","2026-08-05T18:28:32+0800",FALSE,"Create-once controlled-resume partition using frozen composite keys and seeds"
"GENERATED__gsm8500542_cap_area9_tonsil_v2__antigen_presentation__r0001-r0100","GENERATED_BY_CONTROLLED_RESUME","GSM8500542_Cap.area9_tonsil_V2","antigen_presentation","Immune-inflamed / antigen-presentation program",1,100,100,100,1300,1300,29570805,29570904,"${DLBCL_PROJECT_ROOT}/revision_2026_reviewer_response/06p_wp3_matched_null_and_depth_sensitivity/01_execution_scripts/05_06p_partitioned_membership_resume.R","c26643ea7c59428bd516cbe93006168c13bdff590940977ef2318f8df7bc9e85","${DLBCL_PROJECT_ROOT}/revision_2026_reviewer_response/06p_wp3_matched_null_and_depth_sensitivity/01_execution_outputs/matched_null/membership_parts/generated/GSM8500542_Cap.area9_tonsil_V2__antigen_presentation__r0001-r0100.csv",243413,"5537772045e191ab48440e1e82b42f9ebeb3df30af23cdc4bf14d89e7a1a1392","PASS","2026-08-05T18:28:33+0800",FALSE,"Create-once controlled-resume partition using frozen composite keys and seeds"
"GENERATED__gsm8500542_cap_area9_tonsil_v2__antigen_presentation__r0101-r0200","GENERATED_BY_CONTROLLED_RESUME","GSM8500542_Cap.area9_tonsil_V2","antigen_presentation","Immune-inflamed / antigen-presentation program",101,200,100,100,1300,1300,29570905,29571004,"${DLBCL_PROJECT_ROOT}/revision_2026_reviewer_response/06p_wp3_matched_null_and_depth_sensitivity/01_execution_scripts/05_06p_partitioned_membership_resume.R","c26643ea7c59428bd516cbe93006168c13bdff590940977ef2318f8df7bc9e85","${DLBCL_PROJECT_ROOT}/revision_2026_reviewer_response/06p_wp3_matched_null_and_depth_sensitivity/01_execution_outputs/matched_null/membership_parts/generated/GSM8500542_Cap.area9_tonsil_V2__antigen_presentation__r0101-r0200.csv",244833,"46246fd4977543ac4ae0cac147bb222685941d23930b901f6c320b8e85d1c79e","PASS","2026-08-05T18:28:34+0800",FALSE,"Create-once controlled-resume partition using frozen composite keys and seeds"
"GENERATED__gsm8500542_cap_area9_tonsil_v2__antigen_presentation__r0201-r0300","GENERATED_BY_CONTROLLED_RESUME","GSM8500542_Cap.area9_tonsil_V2","antigen_presentation","Immune-inflamed / antigen-presentation program",201,300,100,100,1300,1300,29571005,29571104,"${DLBCL_PROJECT_ROOT}/revision_2026_reviewer_response/06p_wp3_matched_null_and_depth_sensitivity/01_execution_scripts/05_06p_partitioned_membership_resume.R","c26643ea7c59428bd516cbe93006168c13bdff590940977ef2318f8df7bc9e85","${DLBCL_PROJECT_ROOT}/revision_2026_reviewer_response/06p_wp3_matched_null_and_depth_sensitivity/01_execution_outputs/matched_null/membership_parts/generated/GSM8500542_Cap.area9_tonsil_V2__antigen_presentation__r0201-r0300.csv",244869,"dd33edaa098b754af4e4b4daf158ab666f4ff7c537514d2bc46c984c238d9876","PASS","2026-08-05T18:28:34+0800",FALSE,"Create-once controlled-resume partition using frozen composite keys and seeds"
"GENERATED__gsm8500542_cap_area9_tonsil_v2__antigen_presentation__r0301-r0400","GENERATED_BY_CONTROLLED_RESUME","GSM8500542_Cap.area9_tonsil_V2","antigen_presentation","Immune-inflamed / antigen-presentation program",301,400,100,100,1300,1300,29571105,29571204,"${DLBCL_PROJECT_ROOT}/revision_2026_reviewer_response/06p_wp3_matched_null_and_depth_sensitivity/01_execution_scripts/05_06p_partitioned_membership_resume.R","c26643ea7c59428bd516cbe93006168c13bdff590940977ef2318f8df7bc9e85","${DLBCL_PROJECT_ROOT}/revision_2026_reviewer_response/06p_wp3_matched_null_and_depth_sensitivity/01_execution_outputs/matched_null/membership_parts/generated/GSM8500542_Cap.area9_tonsil_V2__antigen_presentation__r0301-r0400.csv",244813,"ba36ce338655ce6ad0cc43b9997f96fcafe8e330e1a627b0e313739c1c58f3fc","PASS","2026-08-05T18:28:35+0800",FALSE,"Create-once controlled-resume partition using frozen composite keys and seeds"
"GENERATED__gsm8500542_cap_area9_tonsil_v2__antigen_presentation__r0401-r0500","GENERATED_BY_CONTROLLED_RESUME","GSM8500542_Cap.area9_tonsil_V2","antigen_presentation","Immune-inflamed / antigen-presentation program",401,500,100,100,1300,1300,29571205,29571304,"${DLBCL_PROJECT_ROOT}/revision_2026_reviewer_response/06p_wp3_matched_null_and_depth_sensitivity/01_execution_scripts/05_06p_partitioned_membership_resume.R","c26643ea7c59428bd516cbe93006168c13bdff590940977ef2318f8df7bc9e85","${DLBCL_PROJECT_ROOT}/revision_2026_reviewer_response/06p_wp3_matched_null_and_depth_sensitivity/01_execution_outputs/matched_null/membership_parts/generated/GSM8500542_Cap.area9_tonsil_V2__antigen_presentation__r0401-r0500.csv",244861,"b6eb2e4d652f8fd32ccaafdb0d1d745ced4dd3b257a277a023d31e5b412bfbc2","PASS","2026-08-05T18:28:35+0800",FALSE,"Create-once controlled-resume partition using frozen composite keys and seeds"
"GENERATED__gsm8500542_cap_area9_tonsil_v2__antigen_presentation__r0501-r0600","GENERATED_BY_CONTROLLED_RESUME","GSM8500542_Cap.area9_tonsil_V2","antigen_presentation","Immune-inflamed / antigen-presentation program",501,600,100,100,1300,1300,29571305,29571404,"${DLBCL_PROJECT_ROOT}/revision_2026_reviewer_response/06p_wp3_matched_null_and_depth_sensitivity/01_execution_scripts/05_06p_partitioned_membership_resume.R","c26643ea7c59428bd516cbe93006168c13bdff590940977ef2318f8df7bc9e85","${DLBCL_PROJECT_ROOT}/revision_2026_reviewer_response/06p_wp3_matched_null_and_depth_sensitivity/01_execution_outputs/matched_null/membership_parts/generated/GSM8500542_Cap.area9_tonsil_V2__antigen_presentation__r0501-r0600.csv",244834,"fc3ab4303868d6907200b6a2c7ed553d72c6b15f18efb6715d44692168a82ce9","PASS","2026-08-05T18:28:36+0800",FALSE,"Create-once controlled-resume partition using frozen composite keys and seeds"
"GENERATED__gsm8500542_cap_area9_tonsil_v2__antigen_presentation__r0601-r0700","GENERATED_BY_CONTROLLED_RESUME","GSM8500542_Cap.area9_tonsil_V2","antigen_presentation","Immune-inflamed / antigen-presentation program",601,700,100,100,1300,1300,29571405,29571504,"${DLBCL_PROJECT_ROOT}/revision_2026_reviewer_response/06p_wp3_matched_null_and_depth_sensitivity/01_execution_scripts/05_06p_partitioned_membership_resume.R","c26643ea7c59428bd516cbe93006168c13bdff590940977ef2318f8df7bc9e85","${DLBCL_PROJECT_ROOT}/revision_2026_reviewer_response/06p_wp3_matched_null_and_depth_sensitivity/01_execution_outputs/matched_null/membership_parts/generated/GSM8500542_Cap.area9_tonsil_V2__antigen_presentation__r0601-r0700.csv",244778,"1f7a8395ce841d9c636931b025e2c1c46172fcc96aa3cbbae55cdcd7c1c70b66","PASS","2026-08-05T18:28:36+0800",FALSE,"Create-once controlled-resume partition using frozen composite keys and seeds"
"GENERATED__gsm8500542_cap_area9_tonsil_v2__antigen_presentation__r0701-r0800","GENERATED_BY_CONTROLLED_RESUME","GSM8500542_Cap.area9_tonsil_V2","antigen_presentation","Immune-inflamed / antigen-presentation program",701,800,100,100,1300,1300,29571505,29571604,"${DLBCL_PROJECT_ROOT}/revision_2026_reviewer_response/06p_wp3_matched_null_and_depth_sensitivity/01_execution_scripts/05_06p_partitioned_membership_resume.R","c26643ea7c59428bd516cbe93006168c13bdff590940977ef2318f8df7bc9e85","${DLBCL_PROJECT_ROOT}/revision_2026_reviewer_response/06p_wp3_matched_null_and_depth_sensitivity/01_execution_outputs/matched_null/membership_parts/generated/GSM8500542_Cap.area9_tonsil_V2__antigen_presentation__r0701-r0800.csv",244806,"7e33a7e915a626107a7a547d2656f99d21da5b3f7a579bfd68fdc2f55ae499a0","PASS","2026-08-05T18:28:37+0800",FALSE,"Create-once controlled-resume partition using frozen composite keys and seeds"
"GENERATED__gsm8500542_cap_area9_tonsil_v2__antigen_presentation__r0801-r0900","GENERATED_BY_CONTROLLED_RESUME","GSM8500542_Cap.area9_tonsil_V2","antigen_presentation","Immune-inflamed / antigen-presentation program",801,900,100,100,1300,1300,29571605,29571704,"${DLBCL_PROJECT_ROOT}/revision_2026_reviewer_response/06p_wp3_matched_null_and_depth_sensitivity/01_execution_scripts/05_06p_partitioned_membership_resume.R","c26643ea7c59428bd516cbe93006168c13bdff590940977ef2318f8df7bc9e85","${DLBCL_PROJECT_ROOT}/revision_2026_reviewer_response/06p_wp3_matched_null_and_depth_sensitivity/01_execution_outputs/matched_null/membership_parts/generated/GSM8500542_Cap.area9_tonsil_V2__antigen_presentation__r0801-r0900.csv",244864,"fe49597be7ba12b7c567a60e221cb03c061d696a78fdffac5c6920eb27a33f14","PASS","2026-08-05T18:28:37+0800",FALSE,"Create-once controlled-resume partition using frozen composite keys and seeds"
"GENERATED__gsm8500542_cap_area9_tonsil_v2__antigen_presentation__r0901-r1000","GENERATED_BY_CONTROLLED_RESUME","GSM8500542_Cap.area9_tonsil_V2","antigen_presentation","Immune-inflamed / antigen-presentation program",901,1000,100,100,1300,1300,29571705,29571804,"${DLBCL_PROJECT_ROOT}/revision_2026_reviewer_response/06p_wp3_matched_null_and_depth_sensitivity/01_execution_scripts/05_06p_partitioned_membership_resume.R","c26643ea7c59428bd516cbe93006168c13bdff590940977ef2318f8df7bc9e85","${DLBCL_PROJECT_ROOT}/revision_2026_reviewer_response/06p_wp3_matched_null_and_depth_sensitivity/01_execution_outputs/matched_null/membership_parts/generated/GSM8500542_Cap.area9_tonsil_V2__antigen_presentation__r0901-r1000.csv",244791,"c6a7a1bce498538b259f557d87bc8e3263c5d68d9e7fbc0195899ca39286acd0","PASS","2026-08-05T18:28:38+0800",FALSE,"Create-once controlled-resume partition using frozen composite keys and seeds"
"GENERATED__gsm8500542_cap_area9_tonsil_v2__stromal_fibrotic__r0001-r0100","GENERATED_BY_CONTROLLED_RESUME","GSM8500542_Cap.area9_tonsil_V2","stromal_fibrotic","Stromal / fibrotic program",1,100,100,100,2200,2200,29670805,29670904,"${DLBCL_PROJECT_ROOT}/revision_2026_reviewer_response/06p_wp3_matched_null_and_depth_sensitivity/01_execution_scripts/05_06p_partitioned_membership_resume.R","c26643ea7c59428bd516cbe93006168c13bdff590940977ef2318f8df7bc9e85","${DLBCL_PROJECT_ROOT}/revision_2026_reviewer_response/06p_wp3_matched_null_and_depth_sensitivity/01_execution_outputs/matched_null/membership_parts/generated/GSM8500542_Cap.area9_tonsil_V2__stromal_fibrotic__r0001-r0100.csv",343727,"73b6c3684532d19ea0ec36a762fcb1f5c95a81e5580a8440285d60a91c428783","PASS","2026-08-05T18:28:39+0800",FALSE,"Create-once controlled-resume partition using frozen composite keys and seeds"
"GENERATED__gsm8500542_cap_area9_tonsil_v2__stromal_fibrotic__r0101-r0200","GENERATED_BY_CONTROLLED_RESUME","GSM8500542_Cap.area9_tonsil_V2","stromal_fibrotic","Stromal / fibrotic program",101,200,100,100,2200,2200,29670905,29671004,"${DLBCL_PROJECT_ROOT}/revision_2026_reviewer_response/06p_wp3_matched_null_and_depth_sensitivity/01_execution_scripts/05_06p_partitioned_membership_resume.R","c26643ea7c59428bd516cbe93006168c13bdff590940977ef2318f8df7bc9e85","${DLBCL_PROJECT_ROOT}/revision_2026_reviewer_response/06p_wp3_matched_null_and_depth_sensitivity/01_execution_outputs/matched_null/membership_parts/generated/GSM8500542_Cap.area9_tonsil_V2__stromal_fibrotic__r0101-r0200.csv",346124,"2fa3c3ae7f3c97a5a3d3da86616f2bc5893045f8938554145a3b8594373d527e","PASS","2026-08-05T18:28:39+0800",FALSE,"Create-once controlled-resume partition using frozen composite keys and seeds"
"GENERATED__gsm8500542_cap_area9_tonsil_v2__stromal_fibrotic__r0201-r0300","GENERATED_BY_CONTROLLED_RESUME","GSM8500542_Cap.area9_tonsil_V2","stromal_fibrotic","Stromal / fibrotic program",201,300,100,100,2200,2200,29671005,29671104,"${DLBCL_PROJECT_ROOT}/revision_2026_reviewer_response/06p_wp3_matched_null_and_depth_sensitivity/01_execution_scripts/05_06p_partitioned_membership_resume.R","c26643ea7c59428bd516cbe93006168c13bdff590940977ef2318f8df7bc9e85","${DLBCL_PROJECT_ROOT}/revision_2026_reviewer_response/06p_wp3_matched_null_and_depth_sensitivity/01_execution_outputs/matched_null/membership_parts/generated/GSM8500542_Cap.area9_tonsil_V2__stromal_fibrotic__r0201-r0300.csv",346107,"bcedfc86cb7f67df846bc8dc869d2112d241e5ae517f16899651f6edf7ce901a","PASS","2026-08-05T18:28:40+0800",FALSE,"Create-once controlled-resume partition using frozen composite keys and seeds"
"GENERATED__gsm8500542_cap_area9_tonsil_v2__stromal_fibrotic__r0301-r0400","GENERATED_BY_CONTROLLED_RESUME","GSM8500542_Cap.area9_tonsil_V2","stromal_fibrotic","Stromal / fibrotic program",301,400,100,100,2200,2200,29671105,29671204,"${DLBCL_PROJECT_ROOT}/revision_2026_reviewer_response/06p_wp3_matched_null_and_depth_sensitivity/01_execution_scripts/05_06p_partitioned_membership_resume.R","c26643ea7c59428bd516cbe93006168c13bdff590940977ef2318f8df7bc9e85","${DLBCL_PROJECT_ROOT}/revision_2026_reviewer_response/06p_wp3_matched_null_and_depth_sensitivity/01_execution_outputs/matched_null/membership_parts/generated/GSM8500542_Cap.area9_tonsil_V2__stromal_fibrotic__r0301-r0400.csv",346161,"5dc0ec5522d0db4dcdb0e4f02f2061c677981c8527f5b1a8e208cef4f18a71b1","PASS","2026-08-05T18:28:41+0800",FALSE,"Create-once controlled-resume partition using frozen composite keys and seeds"
"GENERATED__gsm8500542_cap_area9_tonsil_v2__stromal_fibrotic__r0401-r0500","GENERATED_BY_CONTROLLED_RESUME","GSM8500542_Cap.area9_tonsil_V2","stromal_fibrotic","Stromal / fibrotic program",401,500,100,100,2200,2200,29671205,29671304,"${DLBCL_PROJECT_ROOT}/revision_2026_reviewer_response/06p_wp3_matched_null_and_depth_sensitivity/01_execution_scripts/05_06p_partitioned_membership_resume.R","c26643ea7c59428bd516cbe93006168c13bdff590940977ef2318f8df7bc9e85","${DLBCL_PROJECT_ROOT}/revision_2026_reviewer_response/06p_wp3_matched_null_and_depth_sensitivity/01_execution_outputs/matched_null/membership_parts/generated/GSM8500542_Cap.area9_tonsil_V2__stromal_fibrotic__r0401-r0500.csv",346131,"e2aea9c0373b81295ae9ca75868bacd44b76d60e85780f6b291f7576de550277","PASS","2026-08-05T18:28:42+0800",FALSE,"Create-once controlled-resume partition using frozen composite keys and seeds"
"GENERATED__gsm8500542_cap_area9_tonsil_v2__stromal_fibrotic__r0501-r0600","GENERATED_BY_CONTROLLED_RESUME","GSM8500542_Cap.area9_tonsil_V2","stromal_fibrotic","Stromal / fibrotic program",501,600,100,100,2200,2200,29671305,29671404,"${DLBCL_PROJECT_ROOT}/revision_2026_reviewer_response/06p_wp3_matched_null_and_depth_sensitivity/01_execution_scripts/05_06p_partitioned_membership_resume.R","c26643ea7c59428bd516cbe93006168c13bdff590940977ef2318f8df7bc9e85","${DLBCL_PROJECT_ROOT}/revision_2026_reviewer_response/06p_wp3_matched_null_and_depth_sensitivity/01_execution_outputs/matched_null/membership_parts/generated/GSM8500542_Cap.area9_tonsil_V2__stromal_fibrotic__r0501-r0600.csv",346163,"1de51b612ddfdf56f811b25a2987077bdea94dca7c9a7eb469a5220960a780ab","PASS","2026-08-05T18:28:42+0800",FALSE,"Create-once controlled-resume partition using frozen composite keys and seeds"
"GENERATED__gsm8500542_cap_area9_tonsil_v2__stromal_fibrotic__r0601-r0700","GENERATED_BY_CONTROLLED_RESUME","GSM8500542_Cap.area9_tonsil_V2","stromal_fibrotic","Stromal / fibrotic program",601,700,100,100,2200,2200,29671405,29671504,"${DLBCL_PROJECT_ROOT}/revision_2026_reviewer_response/06p_wp3_matched_null_and_depth_sensitivity/01_execution_scripts/05_06p_partitioned_membership_resume.R","c26643ea7c59428bd516cbe93006168c13bdff590940977ef2318f8df7bc9e85","${DLBCL_PROJECT_ROOT}/revision_2026_reviewer_response/06p_wp3_matched_null_and_depth_sensitivity/01_execution_outputs/matched_null/membership_parts/generated/GSM8500542_Cap.area9_tonsil_V2__stromal_fibrotic__r0601-r0700.csv",346299,"edef0aa75e46c27c0ce14ed463c03c48d85220347b565820749ecc139c761c21","PASS","2026-08-05T18:28:43+0800",FALSE,"Create-once controlled-resume partition using frozen composite keys and seeds"
"GENERATED__gsm8500542_cap_area9_tonsil_v2__stromal_fibrotic__r0701-r0800","GENERATED_BY_CONTROLLED_RESUME","GSM8500542_Cap.area9_tonsil_V2","stromal_fibrotic","Stromal / fibrotic program",701,800,100,100,2200,2200,29671505,29671604,"${DLBCL_PROJECT_ROOT}/revision_2026_reviewer_response/06p_wp3_matched_null_and_depth_sensitivity/01_execution_scripts/05_06p_partitioned_membership_resume.R","c26643ea7c59428bd516cbe93006168c13bdff590940977ef2318f8df7bc9e85","${DLBCL_PROJECT_ROOT}/revision_2026_reviewer_response/06p_wp3_matched_null_and_depth_sensitivity/01_execution_outputs/matched_null/membership_parts/generated/GSM8500542_Cap.area9_tonsil_V2__stromal_fibrotic__r0701-r0800.csv",346212,"e45e4dfb8d8ed6fc6d8a9b32c8fec15721e1384aba754097a025ae77ea51141a","PASS","2026-08-05T18:28:44+0800",FALSE,"Create-once controlled-resume partition using frozen composite keys and seeds"
"GENERATED__gsm8500542_cap_area9_tonsil_v2__stromal_fibrotic__r0801-r0900","GENERATED_BY_CONTROLLED_RESUME","GSM8500542_Cap.area9_tonsil_V2","stromal_fibrotic","Stromal / fibrotic program",801,900,100,100,2200,2200,29671605,29671704,"${DLBCL_PROJECT_ROOT}/revision_2026_reviewer_response/06p_wp3_matched_null_and_depth_sensitivity/01_execution_scripts/05_06p_partitioned_membership_resume.R","c26643ea7c59428bd516cbe93006168c13bdff590940977ef2318f8df7bc9e85","${DLBCL_PROJECT_ROOT}/revision_2026_reviewer_response/06p_wp3_matched_null_and_depth_sensitivity/01_execution_outputs/matched_null/membership_parts/generated/GSM8500542_Cap.area9_tonsil_V2__stromal_fibrotic__r0801-r0900.csv",346191,"0db061e3a32b0a2aa9cdc5a185adac1a052fa50051a249d224847be957c8099b","PASS","2026-08-05T18:28:45+0800",FALSE,"Create-once controlled-resume partition using frozen composite keys and seeds"
"GENERATED__gsm8500542_cap_area9_tonsil_v2__stromal_fibrotic__r0901-r1000","GENERATED_BY_CONTROLLED_RESUME","GSM8500542_Cap.area9_tonsil_V2","stromal_fibrotic","Stromal / fibrotic program",901,1000,100,100,2200,2200,29671705,29671804,"${DLBCL_PROJECT_ROOT}/revision_2026_reviewer_response/06p_wp3_matched_null_and_depth_sensitivity/01_execution_scripts/05_06p_partitioned_membership_resume.R","c26643ea7c59428bd516cbe93006168c13bdff590940977ef2318f8df7bc9e85","${DLBCL_PROJECT_ROOT}/revision_2026_reviewer_response/06p_wp3_matched_null_and_depth_sensitivity/01_execution_outputs/matched_null/membership_parts/generated/GSM8500542_Cap.area9_tonsil_V2__stromal_fibrotic__r0901-r1000.csv",346210,"81d30343fff402c21f95b724c796fd2e7f4fa502645318ce38fce4fcecc7c4e0","PASS","2026-08-05T18:28:45+0800",FALSE,"Create-once controlled-resume partition using frozen composite keys and seeds"
"GENERATED__gsm8500542_cap_area9_tonsil_v2__immune_cold_exclusion__r0001-r0100","GENERATED_BY_CONTROLLED_RESUME","GSM8500542_Cap.area9_tonsil_V2","immune_cold_exclusion","Immune-cold / exclusion-associated program",1,100,100,100,2200,2200,29770805,29770904,"${DLBCL_PROJECT_ROOT}/revision_2026_reviewer_response/06p_wp3_matched_null_and_depth_sensitivity/01_execution_scripts/05_06p_partitioned_membership_resume.R","c26643ea7c59428bd516cbe93006168c13bdff590940977ef2318f8df7bc9e85","${DLBCL_PROJECT_ROOT}/revision_2026_reviewer_response/06p_wp3_matched_null_and_depth_sensitivity/01_execution_outputs/matched_null/membership_parts/generated/GSM8500542_Cap.area9_tonsil_V2__immune_cold_exclusion__r0001-r0100.csv",391730,"4ce4ce9416b180e326918f3dc313d911ef3b4781d4130ec99e0178a1d51e154b","PASS","2026-08-05T18:28:46+0800",FALSE,"Create-once controlled-resume partition using frozen composite keys and seeds"
"GENERATED__gsm8500542_cap_area9_tonsil_v2__immune_cold_exclusion__r0101-r0200","GENERATED_BY_CONTROLLED_RESUME","GSM8500542_Cap.area9_tonsil_V2","immune_cold_exclusion","Immune-cold / exclusion-associated program",101,200,100,100,2200,2200,29770905,29771004,"${DLBCL_PROJECT_ROOT}/revision_2026_reviewer_response/06p_wp3_matched_null_and_depth_sensitivity/01_execution_scripts/05_06p_partitioned_membership_resume.R","c26643ea7c59428bd516cbe93006168c13bdff590940977ef2318f8df7bc9e85","${DLBCL_PROJECT_ROOT}/revision_2026_reviewer_response/06p_wp3_matched_null_and_depth_sensitivity/01_execution_outputs/matched_null/membership_parts/generated/GSM8500542_Cap.area9_tonsil_V2__immune_cold_exclusion__r0101-r0200.csv",394112,"5a3a0bda5363a86d76eb421b1b80a0e737eada34ebd5425d7519ff4926caa7d9","PASS","2026-08-05T18:28:47+0800",FALSE,"Create-once controlled-resume partition using frozen composite keys and seeds"
"GENERATED__gsm8500542_cap_area9_tonsil_v2__immune_cold_exclusion__r0201-r0300","GENERATED_BY_CONTROLLED_RESUME","GSM8500542_Cap.area9_tonsil_V2","immune_cold_exclusion","Immune-cold / exclusion-associated program",201,300,100,100,2200,2200,29771005,29771104,"${DLBCL_PROJECT_ROOT}/revision_2026_reviewer_response/06p_wp3_matched_null_and_depth_sensitivity/01_execution_scripts/05_06p_partitioned_membership_resume.R","c26643ea7c59428bd516cbe93006168c13bdff590940977ef2318f8df7bc9e85","${DLBCL_PROJECT_ROOT}/revision_2026_reviewer_response/06p_wp3_matched_null_and_depth_sensitivity/01_execution_outputs/matched_null/membership_parts/generated/GSM8500542_Cap.area9_tonsil_V2__immune_cold_exclusion__r0201-r0300.csv",394124,"0ba0e9754cb41ac167b149d535e90b43d1a2bf7b71db12f120ba086c8cdbffe7","PASS","2026-08-05T18:28:48+0800",FALSE,"Create-once controlled-resume partition using frozen composite keys and seeds"
"GENERATED__gsm8500542_cap_area9_tonsil_v2__immune_cold_exclusion__r0301-r0400","GENERATED_BY_CONTROLLED_RESUME","GSM8500542_Cap.area9_tonsil_V2","immune_cold_exclusion","Immune-cold / exclusion-associated program",301,400,100,100,2200,2200,29771105,29771204,"${DLBCL_PROJECT_ROOT}/revision_2026_reviewer_response/06p_wp3_matched_null_and_depth_sensitivity/01_execution_scripts/05_06p_partitioned_membership_resume.R","c26643ea7c59428bd516cbe93006168c13bdff590940977ef2318f8df7bc9e85","${DLBCL_PROJECT_ROOT}/revision_2026_reviewer_response/06p_wp3_matched_null_and_depth_sensitivity/01_execution_outputs/matched_null/membership_parts/generated/GSM8500542_Cap.area9_tonsil_V2__immune_cold_exclusion__r0301-r0400.csv",394146,"ea7768f25ce87c7ba3e78e05a7963c292624337b53eeb29c0fa9ef297d58be4d","PASS","2026-08-05T18:28:49+0800",FALSE,"Create-once controlled-resume partition using frozen composite keys and seeds"
"GENERATED__gsm8500542_cap_area9_tonsil_v2__immune_cold_exclusion__r0401-r0500","GENERATED_BY_CONTROLLED_RESUME","GSM8500542_Cap.area9_tonsil_V2","immune_cold_exclusion","Immune-cold / exclusion-associated program",401,500,100,100,2200,2200,29771205,29771304,"${DLBCL_PROJECT_ROOT}/revision_2026_reviewer_response/06p_wp3_matched_null_and_depth_sensitivity/01_execution_scripts/05_06p_partitioned_membership_resume.R","c26643ea7c59428bd516cbe93006168c13bdff590940977ef2318f8df7bc9e85","${DLBCL_PROJECT_ROOT}/revision_2026_reviewer_response/06p_wp3_matched_null_and_depth_sensitivity/01_execution_outputs/matched_null/membership_parts/generated/GSM8500542_Cap.area9_tonsil_V2__immune_cold_exclusion__r0401-r0500.csv",394165,"e1f257bc55a0c52d2adf8c595ff52f1d8f71155ffa678df6be857624ce53e50b","PASS","2026-08-05T18:28:50+0800",FALSE,"Create-once controlled-resume partition using frozen composite keys and seeds"
"GENERATED__gsm8500542_cap_area9_tonsil_v2__immune_cold_exclusion__r0501-r0600","GENERATED_BY_CONTROLLED_RESUME","GSM8500542_Cap.area9_tonsil_V2","immune_cold_exclusion","Immune-cold / exclusion-associated program",501,600,100,100,2200,2200,29771305,29771404,"${DLBCL_PROJECT_ROOT}/revision_2026_reviewer_response/06p_wp3_matched_null_and_depth_sensitivity/01_execution_scripts/05_06p_partitioned_membership_resume.R","c26643ea7c59428bd516cbe93006168c13bdff590940977ef2318f8df7bc9e85","${DLBCL_PROJECT_ROOT}/revision_2026_reviewer_response/06p_wp3_matched_null_and_depth_sensitivity/01_execution_outputs/matched_null/membership_parts/generated/GSM8500542_Cap.area9_tonsil_V2__immune_cold_exclusion__r0501-r0600.csv",394096,"82006f0838d5b5a290e82074e27f3b98cc51993bdcd0b2dec8715e898dca7226","PASS","2026-08-05T18:28:50+0800",FALSE,"Create-once controlled-resume partition using frozen composite keys and seeds"
"GENERATED__gsm8500542_cap_area9_tonsil_v2__immune_cold_exclusion__r0601-r0700","GENERATED_BY_CONTROLLED_RESUME","GSM8500542_Cap.area9_tonsil_V2","immune_cold_exclusion","Immune-cold / exclusion-associated program",601,700,100,100,2200,2200,29771405,29771504,"${DLBCL_PROJECT_ROOT}/revision_2026_reviewer_response/06p_wp3_matched_null_and_depth_sensitivity/01_execution_scripts/05_06p_partitioned_membership_resume.R","c26643ea7c59428bd516cbe93006168c13bdff590940977ef2318f8df7bc9e85","${DLBCL_PROJECT_ROOT}/revision_2026_reviewer_response/06p_wp3_matched_null_and_depth_sensitivity/01_execution_outputs/matched_null/membership_parts/generated/GSM8500542_Cap.area9_tonsil_V2__immune_cold_exclusion__r0601-r0700.csv",394064,"d33e8485eb1c63786076bbd3c566adf0d2a6bb9d7572ee51e8c56feed0acf782","PASS","2026-08-05T18:28:51+0800",FALSE,"Create-once controlled-resume partition using frozen composite keys and seeds"
"GENERATED__gsm8500542_cap_area9_tonsil_v2__immune_cold_exclusion__r0701-r0800","GENERATED_BY_CONTROLLED_RESUME","GSM8500542_Cap.area9_tonsil_V2","immune_cold_exclusion","Immune-cold / exclusion-associated program",701,800,100,100,2200,2200,29771505,29771604,"${DLBCL_PROJECT_ROOT}/revision_2026_reviewer_response/06p_wp3_matched_null_and_depth_sensitivity/01_execution_scripts/05_06p_partitioned_membership_resume.R","c26643ea7c59428bd516cbe93006168c13bdff590940977ef2318f8df7bc9e85","${DLBCL_PROJECT_ROOT}/revision_2026_reviewer_response/06p_wp3_matched_null_and_depth_sensitivity/01_execution_outputs/matched_null/membership_parts/generated/GSM8500542_Cap.area9_tonsil_V2__immune_cold_exclusion__r0701-r0800.csv",394207,"ae4479be326e27c40b310a3277a10262952e12c0f73e3c6919f8683b255b29c4","PASS","2026-08-05T18:28:52+0800",FALSE,"Create-once controlled-resume partition using frozen composite keys and seeds"
"GENERATED__gsm8500542_cap_area9_tonsil_v2__immune_cold_exclusion__r0801-r0900","GENERATED_BY_CONTROLLED_RESUME","GSM8500542_Cap.area9_tonsil_V2","immune_cold_exclusion","Immune-cold / exclusion-associated program",801,900,100,100,2200,2200,29771605,29771704,"${DLBCL_PROJECT_ROOT}/revision_2026_reviewer_response/06p_wp3_matched_null_and_depth_sensitivity/01_execution_scripts/05_06p_partitioned_membership_resume.R","c26643ea7c59428bd516cbe93006168c13bdff590940977ef2318f8df7bc9e85","${DLBCL_PROJECT_ROOT}/revision_2026_reviewer_response/06p_wp3_matched_null_and_depth_sensitivity/01_execution_outputs/matched_null/membership_parts/generated/GSM8500542_Cap.area9_tonsil_V2__immune_cold_exclusion__r0801-r0900.csv",394105,"9b708bfe5b654e92cb0bb95c1994961cabb7952f3e182574cca450fb4c981820","PASS","2026-08-05T18:28:53+0800",FALSE,"Create-once controlled-resume partition using frozen composite keys and seeds"
"GENERATED__gsm8500542_cap_area9_tonsil_v2__immune_cold_exclusion__r0901-r1000","GENERATED_BY_CONTROLLED_RESUME","GSM8500542_Cap.area9_tonsil_V2","immune_cold_exclusion","Immune-cold / exclusion-associated program",901,1000,100,100,2200,2200,29771705,29771804,"${DLBCL_PROJECT_ROOT}/revision_2026_reviewer_response/06p_wp3_matched_null_and_depth_sensitivity/01_execution_scripts/05_06p_partitioned_membership_resume.R","c26643ea7c59428bd516cbe93006168c13bdff590940977ef2318f8df7bc9e85","${DLBCL_PROJECT_ROOT}/revision_2026_reviewer_response/06p_wp3_matched_null_and_depth_sensitivity/01_execution_outputs/matched_null/membership_parts/generated/GSM8500542_Cap.area9_tonsil_V2__immune_cold_exclusion__r0901-r1000.csv",394037,"9dc616800ea6bd49cc448d501021dcd350badc68410c106d4ff749e467e997fd","PASS","2026-08-05T18:28:53+0800",FALSE,"Create-once controlled-resume partition using frozen composite keys and seeds"
"GENERATED__gsm8500542_cap_area9_tonsil_v2__proliferative_cycling__r0001-r0100","GENERATED_BY_CONTROLLED_RESUME","GSM8500542_Cap.area9_tonsil_V2","proliferative_cycling","Proliferative / cycling program",1,100,100,100,2200,2200,29870805,29870904,"${DLBCL_PROJECT_ROOT}/revision_2026_reviewer_response/06p_wp3_matched_null_and_depth_sensitivity/01_execution_scripts/05_06p_partitioned_membership_resume.R","c26643ea7c59428bd516cbe93006168c13bdff590940977ef2318f8df7bc9e85","${DLBCL_PROJECT_ROOT}/revision_2026_reviewer_response/06p_wp3_matched_null_and_depth_sensitivity/01_execution_outputs/matched_null/membership_parts/generated/GSM8500542_Cap.area9_tonsil_V2__proliferative_cycling__r0001-r0100.csv",365355,"4eb47435446371191b48437f9c7f5b426f7bb3599da02e69262b2dacb874d120","PASS","2026-08-05T18:28:54+0800",FALSE,"Create-once controlled-resume partition using frozen composite keys and seeds"
"GENERATED__gsm8500542_cap_area9_tonsil_v2__proliferative_cycling__r0101-r0200","GENERATED_BY_CONTROLLED_RESUME","GSM8500542_Cap.area9_tonsil_V2","proliferative_cycling","Proliferative / cycling program",101,200,100,100,2200,2200,29870905,29871004,"${DLBCL_PROJECT_ROOT}/revision_2026_reviewer_response/06p_wp3_matched_null_and_depth_sensitivity/01_execution_scripts/05_06p_partitioned_membership_resume.R","c26643ea7c59428bd516cbe93006168c13bdff590940977ef2318f8df7bc9e85","${DLBCL_PROJECT_ROOT}/revision_2026_reviewer_response/06p_wp3_matched_null_and_depth_sensitivity/01_execution_outputs/matched_null/membership_parts/generated/GSM8500542_Cap.area9_tonsil_V2__proliferative_cycling__r0101-r0200.csv",367803,"8376f8a0c8a79812ad175146ed2cc212e54903793d8465e7e275775a8396bf79","PASS","2026-08-05T18:28:55+0800",FALSE,"Create-once controlled-resume partition using frozen composite keys and seeds"
"GENERATED__gsm8500542_cap_area9_tonsil_v2__proliferative_cycling__r0201-r0300","GENERATED_BY_CONTROLLED_RESUME","GSM8500542_Cap.area9_tonsil_V2","proliferative_cycling","Proliferative / cycling program",201,300,100,100,2200,2200,29871005,29871104,"${DLBCL_PROJECT_ROOT}/revision_2026_reviewer_response/06p_wp3_matched_null_and_depth_sensitivity/01_execution_scripts/05_06p_partitioned_membership_resume.R","c26643ea7c59428bd516cbe93006168c13bdff590940977ef2318f8df7bc9e85","${DLBCL_PROJECT_ROOT}/revision_2026_reviewer_response/06p_wp3_matched_null_and_depth_sensitivity/01_execution_outputs/matched_null/membership_parts/generated/GSM8500542_Cap.area9_tonsil_V2__proliferative_cycling__r0201-r0300.csv",367717,"46ffa680cea20dbe6e2dc7e366d85ef4196ded37112031fb63a7123311f37bd4","PASS","2026-08-05T18:28:56+0800",FALSE,"Create-once controlled-resume partition using frozen composite keys and seeds"
"GENERATED__gsm8500542_cap_area9_tonsil_v2__proliferative_cycling__r0301-r0400","GENERATED_BY_CONTROLLED_RESUME","GSM8500542_Cap.area9_tonsil_V2","proliferative_cycling","Proliferative / cycling program",301,400,100,100,2200,2200,29871105,29871204,"${DLBCL_PROJECT_ROOT}/revision_2026_reviewer_response/06p_wp3_matched_null_and_depth_sensitivity/01_execution_scripts/05_06p_partitioned_membership_resume.R","c26643ea7c59428bd516cbe93006168c13bdff590940977ef2318f8df7bc9e85","${DLBCL_PROJECT_ROOT}/revision_2026_reviewer_response/06p_wp3_matched_null_and_depth_sensitivity/01_execution_outputs/matched_null/membership_parts/generated/GSM8500542_Cap.area9_tonsil_V2__proliferative_cycling__r0301-r0400.csv",367809,"d23dd12a3e43e0c14a65839777c99898a012db13a05d7e2444cb3ac1d2f12ba4","PASS","2026-08-05T18:28:56+0800",FALSE,"Create-once controlled-resume partition using frozen composite keys and seeds"
"GENERATED__gsm8500542_cap_area9_tonsil_v2__proliferative_cycling__r0401-r0500","GENERATED_BY_CONTROLLED_RESUME","GSM8500542_Cap.area9_tonsil_V2","proliferative_cycling","Proliferative / cycling program",401,500,100,100,2200,2200,29871205,29871304,"${DLBCL_PROJECT_ROOT}/revision_2026_reviewer_response/06p_wp3_matched_null_and_depth_sensitivity/01_execution_scripts/05_06p_partitioned_membership_resume.R","c26643ea7c59428bd516cbe93006168c13bdff590940977ef2318f8df7bc9e85","${DLBCL_PROJECT_ROOT}/revision_2026_reviewer_response/06p_wp3_matched_null_and_depth_sensitivity/01_execution_outputs/matched_null/membership_parts/generated/GSM8500542_Cap.area9_tonsil_V2__proliferative_cycling__r0401-r0500.csv",367772,"5498ce195dd4e7b60159aa0c79b6b49968ae647e50218f4cb43bce8c8d4732e6","PASS","2026-08-05T18:28:57+0800",FALSE,"Create-once controlled-resume partition using frozen composite keys and seeds"
"GENERATED__gsm8500542_cap_area9_tonsil_v2__proliferative_cycling__r0501-r0600","GENERATED_BY_CONTROLLED_RESUME","GSM8500542_Cap.area9_tonsil_V2","proliferative_cycling","Proliferative / cycling program",501,600,100,100,2200,2200,29871305,29871404,"${DLBCL_PROJECT_ROOT}/revision_2026_reviewer_response/06p_wp3_matched_null_and_depth_sensitivity/01_execution_scripts/05_06p_partitioned_membership_resume.R","c26643ea7c59428bd516cbe93006168c13bdff590940977ef2318f8df7bc9e85","${DLBCL_PROJECT_ROOT}/revision_2026_reviewer_response/06p_wp3_matched_null_and_depth_sensitivity/01_execution_outputs/matched_null/membership_parts/generated/GSM8500542_Cap.area9_tonsil_V2__proliferative_cycling__r0501-r0600.csv",367695,"f02831fbc5abdc2273a8f464d7ffb37e5c9facd23f859a4919b9039a593dcac5","PASS","2026-08-05T18:28:58+0800",FALSE,"Create-once controlled-resume partition using frozen composite keys and seeds"
"GENERATED__gsm8500542_cap_area9_tonsil_v2__proliferative_cycling__r0601-r0700","GENERATED_BY_CONTROLLED_RESUME","GSM8500542_Cap.area9_tonsil_V2","proliferative_cycling","Proliferative / cycling program",601,700,100,100,2200,2200,29871405,29871504,"${DLBCL_PROJECT_ROOT}/revision_2026_reviewer_response/06p_wp3_matched_null_and_depth_sensitivity/01_execution_scripts/05_06p_partitioned_membership_resume.R","c26643ea7c59428bd516cbe93006168c13bdff590940977ef2318f8df7bc9e85","${DLBCL_PROJECT_ROOT}/revision_2026_reviewer_response/06p_wp3_matched_null_and_depth_sensitivity/01_execution_outputs/matched_null/membership_parts/generated/GSM8500542_Cap.area9_tonsil_V2__proliferative_cycling__r0601-r0700.csv",367825,"12b70b65fcb8320f61b18416c49f5227f76eeed6e62d5667f50ec583d27a9624","PASS","2026-08-05T18:28:59+0800",FALSE,"Create-once controlled-resume partition using frozen composite keys and seeds"
"GENERATED__gsm8500542_cap_area9_tonsil_v2__proliferative_cycling__r0701-r0800","GENERATED_BY_CONTROLLED_RESUME","GSM8500542_Cap.area9_tonsil_V2","proliferative_cycling","Proliferative / cycling program",701,800,100,100,2200,2200,29871505,29871604,"${DLBCL_PROJECT_ROOT}/revision_2026_reviewer_response/06p_wp3_matched_null_and_depth_sensitivity/01_execution_scripts/05_06p_partitioned_membership_resume.R","c26643ea7c59428bd516cbe93006168c13bdff590940977ef2318f8df7bc9e85","${DLBCL_PROJECT_ROOT}/revision_2026_reviewer_response/06p_wp3_matched_null_and_depth_sensitivity/01_execution_outputs/matched_null/membership_parts/generated/GSM8500542_Cap.area9_tonsil_V2__proliferative_cycling__r0701-r0800.csv",368013,"a9da4610b76e200cf63d8e1308f7c6394d38c92cafdd247df6b5e00cb16ec544","PASS","2026-08-05T18:29:00+0800",FALSE,"Create-once controlled-resume partition using frozen composite keys and seeds"
"GENERATED__gsm8500542_cap_area9_tonsil_v2__proliferative_cycling__r0801-r0900","GENERATED_BY_CONTROLLED_RESUME","GSM8500542_Cap.area9_tonsil_V2","proliferative_cycling","Proliferative / cycling program",801,900,100,100,2200,2200,29871605,29871704,"${DLBCL_PROJECT_ROOT}/revision_2026_reviewer_response/06p_wp3_matched_null_and_depth_sensitivity/01_execution_scripts/05_06p_partitioned_membership_resume.R","c26643ea7c59428bd516cbe93006168c13bdff590940977ef2318f8df7bc9e85","${DLBCL_PROJECT_ROOT}/revision_2026_reviewer_response/06p_wp3_matched_null_and_depth_sensitivity/01_execution_outputs/matched_null/membership_parts/generated/GSM8500542_Cap.area9_tonsil_V2__proliferative_cycling__r0801-r0900.csv",367745,"b4b8abea6c57e8f27a8051758a34c6f76edc6dd519ab4a61ea8a64b65e25d652","PASS","2026-08-05T18:29:00+0800",FALSE,"Create-once controlled-resume partition using frozen composite keys and seeds"
"GENERATED__gsm8500542_cap_area9_tonsil_v2__proliferative_cycling__r0901-r1000","GENERATED_BY_CONTROLLED_RESUME","GSM8500542_Cap.area9_tonsil_V2","proliferative_cycling","Proliferative / cycling program",901,1000,100,100,2200,2200,29871705,29871804,"${DLBCL_PROJECT_ROOT}/revision_2026_reviewer_response/06p_wp3_matched_null_and_depth_sensitivity/01_execution_scripts/05_06p_partitioned_membership_resume.R","c26643ea7c59428bd516cbe93006168c13bdff590940977ef2318f8df7bc9e85","${DLBCL_PROJECT_ROOT}/revision_2026_reviewer_response/06p_wp3_matched_null_and_depth_sensitivity/01_execution_outputs/matched_null/membership_parts/generated/GSM8500542_Cap.area9_tonsil_V2__proliferative_cycling__r0901-r1000.csv",367819,"b03333d635507a488f32e6bd0a55c5b4b3a79b7ffd07accf62dcd4073bbc215c","PASS","2026-08-05T18:29:01+0800",FALSE,"Create-once controlled-resume partition using frozen composite keys and seeds"
