"sample","Macrophage-rich program","T cell-inflamed program","Immune-inflamed / antigen-presentation program","Stromal / fibrotic program","Immune-cold / exclusion-associated program","Proliferative / cycling program"
"GSM5482779",0.0924585268293688,0.114308276320061,0.0488000900082084,0.151622340823118,0.184152538897333,0.23831984846311
"GSM5482780",0.00345000709715358,0.0890944530674862,0.0287163661213471,0.200829949386121,0.230342034028914,0.132708588595877
"GSM5482781",0.277441726144931,0.088795167479061,0.487642850426107,0.414805435539001,0.287181225352381,0.529646360031066
"GSM5482782",0.359688837257255,0.493374252253462,0.587121341333563,0.393918923554529,0.317962435794831,0.398298063401643
"GSM5482783",0.452779173037918,0.522563444742983,0.576721119924647,0.307879047683426,0.29902316149819,0.38109142479739
"GSM5482784",0.294750622588964,0.319635319366363,0.569615412123862,0.444663142206263,0.340478191725104,0.414634938820801
"GSM5482785",0.527234736922321,0.454080880906931,0.585506640634384,0.40005126455181,0.305006743344203,0.253106363724139
"GSM5482786",0.555627080854659,0.439754483471611,0.64197214881977,0.653237387702465,0.428482596526638,0.410664094956293
"GSM5482787",0.265651333892283,0.342636178478032,0.528581866396336,0.540316492939407,0.356998711344436,0.354474221556732
"GSM5482788",0.409448803642978,0.341961742801459,0.589320863509357,0.476799307093596,0.368944749182862,0.417985971750884
"GSM5482789",0.392556883578886,0.354402722551101,0.605038374216904,0.511933195698452,0.354548563962141,0.456434818303733
"GSM5482790",0.576472953262901,0.561344068595487,0.679395764435407,0.399050333386522,0.350037147312688,0.376742956705949
"GSM5482791",0.330012487655118,0.0955696765598812,0.457836948582162,0.537813135736294,0.289988459773334,0.499178514933682
"GSM5482792",0.483344053603764,0.289124320746235,0.531933973721401,0.505078188137444,0.362506549441568,0.497112196533655
"GSM5482793",0.506523088983286,0.473474716070766,0.539138568835055,0.327115432751618,0.336370967404982,0.33871095738997
"GSM5482794",0.281398556141153,0.175383503340227,0.477562483010493,0.463629653434071,0.36079147029274,0.467370091525472
"GSM5482795",0.532855125913806,0.392642197253143,0.569264278296688,0.502521278119076,0.29268409726242,0.234289561750762
"GSM5482796",0.426252955633555,0.356457594812546,0.591646242720939,0.638195073406022,0.425999007393421,0.327842901245474
"GSM5482797",0.242423950574251,0.237544717163936,0.485578550888124,0.51744964469179,0.343482961331094,0.249409678220515
"GSM5482798",0.523428384057539,0.417966103343973,0.597219149125771,0.481231942691225,0.365248597490379,0.445847787207767
"GSM5482799",0.54677810302037,0.409759261560749,0.617580300078495,0.485509527865233,0.356778761146897,0.465204381934257
"GSM5482800",0.49417416237529,0.349748650061162,0.599412496413492,0.6485506851163,0.380722599335715,0.366368098227291
"GSM5482801",0.400541740880663,0.325123664692604,0.470280679354879,0.419398962189412,0.296998059153547,0.511084789822829
"GSM5482802",0.578739760329963,0.470898758033677,0.611704038545546,0.414882708386789,0.352746835327508,0.472134207018317
"GSM5482803",0.455700039269323,0.350949625765113,0.53783068122378,0.462575567477831,0.330947487284803,0.465988515134394
"GSM5482804",0.425377768292895,0.404903393074117,0.580819934109125,0.472259121687219,0.34958784178264,0.351910351877009
"GSM5482805",0.579927019435326,0.378146862749861,0.593108982732592,0.649671111610308,0.412042410914633,0.452272533342973
"GSM5482806",0.551031268588334,0.46312714839927,0.630726818867029,0.535484712867361,0.37063971723795,0.439352284960599
"GSM5482807",0.363650539752323,0.212574738207802,0.427580028647437,0.341902364866173,0.295453118189397,0.23394240967322
"GSM5482808",0.492255062329158,0.54430928264749,0.597321269337572,0.289468729946533,0.367854725641022,0.38719454521324
"GSM5482809",0.520533234051769,0.470690681730876,0.595874315413022,0.38382750442667,0.341058862434924,0.440491219486998
"GSM5482810",0.479855922459641,0.443415835700261,0.584360124797699,0.464566968041976,0.358212799482541,0.439534048684596
"GSM5482811",0.353059389119465,0.292002016158009,0.601410180020968,0.354207085824598,0.344563754559759,0.407442283869898
"GSM5482812",0.342418733168838,0.208433854861973,0.496179699408727,0.481702855074463,0.352086314111102,0.388263842497666
"GSM5482813",0.434391923832833,0.436284617454835,0.512158563118131,0.469642066781943,0.307344463955751,0.267906177933624
"GSM5482814",0.490263189640534,0.367917947298722,0.503045676070309,0.296615191688635,0.337147001389654,0.405590089020461
"GSM5482815",0.595106809641129,0.443042511361883,0.555580034455692,0.592400871377678,0.379715451027401,0.134340326610289
"GSM5482816",0.403948356248136,0.476705518454655,0.527970743424105,0.236288231930606,0.253482965262002,0.438242781224771
"GSM5482817",0.423732691183434,0.267696835065116,0.459199112234383,0.423598008844377,0.295947205801176,0.525181713922725
"GSM5482818",0.358053989500626,0.290669583618634,0.486895151808844,0.350810491654773,0.271522205929919,0.442811500857324
"GSM5482819",0.505660527981832,0.385561264769055,0.55634742753087,0.699695106455816,0.451339976425274,0.371184979287807
"GSM5482820",0.521793549752171,0.472706324073022,0.635448706577021,0.721520139519385,0.47751198109563,0.26204348925883
"GSM5482821",0.518258525533706,0.400326164496652,0.575706579759779,0.413229008414432,0.326331686885291,0.509619072480128
"GSM5482822",0.413871942996178,0.290957385751878,0.453004688985699,0.51460104532331,0.434578418585042,0.219909623780206
"GSM5482823",0.41898996086822,0.45907455483792,0.555784383296635,0.353032615470624,0.317166225448393,0.445771937718712
"GSM5482824",0.540568368069753,0.489342076138002,0.663573434279592,0.416198365177464,0.325034305349431,0.441870645356401
"GSM5482825",0.512853722726989,0.4075618802679,0.565063459004878,0.438386171438825,0.326010060498164,0.481419134721286
"GSM5482826",0.519190014755209,0.389775803183939,0.625735442664549,0.54832754113672,0.386643951473883,0.466797882490866
"GSM5482827",0.565433883531213,0.516843068785303,0.632613407299258,0.522383770068533,0.39453361345398,0.315300644766929
"GSM5482828",0.357003269104073,0.282174721112464,0.274307771522038,0.251108641300862,0.293491204644124,0.124081445141613
"GSM5482829",0.336939000061823,0.372525509483497,0.567897159438678,0.504616750979676,0.412955615505738,0.495689119850944
"GSM5482830",0.466008765764708,0.527758694200949,0.632495675069155,0.44743275333987,0.339334432701647,0.435589611665605
"GSM5482831",0.546277536872155,0.387067511494431,0.433219412788287,0.655615835526343,0.436997535423549,0.132695541011276
"GSM5482832",0.542188315576056,0.455587375442366,0.619614675391287,0.734772991997344,0.492163210100942,0.321180877422642
"GSM5482833",0.524502267043599,0.49772849025471,0.614026500748978,0.637523186038612,0.449103508834162,0.44189535237123
"GSM5482834",0.523596638081253,0.440223460324609,0.65828877618854,0.701439186156835,0.486795670047229,0.411762015924886
"GSM5482835",0.474078177604597,0.458361013998718,0.676728279420814,0.424802681109349,0.364015654855821,0.47743159816694
"GSM5482836",0.511765315665613,0.60641402126917,0.672218199211465,0.400514645061836,0.388944990698392,0.439817007415991
"GSM5482837",0.480060716561423,0.447836025649173,0.650675358598156,0.60073497393472,0.421579647128233,0.437977562896155
"GSM5482838",0.400596177652631,0.337882510688648,0.586303565737931,0.436973274379867,0.331393950068585,0.535394107870313
"GSM5482839",0.396231823711167,0.400732449515644,0.62415146719642,0.658621059758609,0.441465159225517,0.35529340532077
"GSM5482840",0.463582124370837,0.124946047946788,0.479819881073402,0.559016822881756,0.384078993703641,0.492960097225282
"GSM5482841",0.546837443998411,0.422792534828293,0.537404731889723,0.55446675509107,0.38493494077043,0.52410047648268
"GSM5482842",0.519408795867727,0.36573278956872,0.578391101378122,0.483887221819401,0.442085470764225,0.493437890079922
"GSM5482843",0.343540890955515,0.35815961488838,0.636191688164235,0.461828024035457,0.365628390673314,0.445643395445468
"GSM5482844",0.485408776358289,0.250481792581246,0.53905729702098,0.618139028014656,0.411888629897968,0.490170193722855
"GSM5482845",0.494062187008348,0.411802496400523,0.618972931214007,0.658546827554003,0.443727267139677,0.461698199760342
"GSM5482846",0.418583962360671,0.373046717917488,0.553349836708253,0.545372963227188,0.372776284664946,0.348436771869994
"GSM5482847",0.436059264163666,0.379749798621995,0.624417048575653,0.624431220290782,0.458377834367839,0.441307009107748
"GSM5482848",0.514135739152294,0.234312403100432,0.582729779692688,0.691471730222795,0.446032059631633,0.398869728010006
"GSM5482849",0.524702720363543,0.448813997962984,0.59220604393266,0.610693868423816,0.45289300749671,0.417034535862873
"GSM5482850",0.477043209824164,0.457266857332626,0.601030770140334,0.400008671770563,0.320610666279396,0.432111085335835
"GSM5482851",0.534954428513354,0.470938998879958,0.549314321376442,0.473915333987445,0.401658170845815,0.432380817689635
"GSM5482852",0.494125268017433,0.465301490688233,0.468594049445404,0.593212737091539,0.442709648050663,0.410369656179072
"GSM5482853",0.473213529527203,0.414317964416826,0.526935520047347,0.405938792557238,0.359716902359837,0.491282511163276
"GSM5482854",0.56385649193188,0.467379239276215,0.628105845632837,0.652897947988184,0.482463115901538,0.43495570771259
"GSM5482855",0.331360823192861,0.3353854835558,0.552029907255194,0.583005057970164,0.39565929482512,0.468264567798509
"GSM5482856",0.290439173498542,0.44673650735165,0.642578601276814,0.688549187265416,0.470294440869687,0.389206878915051
"GSM5482857",0.549171457448528,0.417963496921752,0.624360883430155,0.555016446222873,0.455163560352227,0.442582778849768
"GSM5482858",0.468458356251116,0.290628271798398,0.58141800827988,0.555795706248436,0.433838209067199,0.503226668904147
"GSM5482859",0.392347434551717,0.348904482829686,0.587486630516159,0.46698156860831,0.357752769223463,0.401772830456631
"GSM5482860",0.512924799685209,0.483320299339129,0.617336757799202,0.570139680595352,0.45491691710829,0.386366692329716
"GSM5482861",0.369198882760138,0.473725481130529,0.601900020495683,0.552869710478655,0.419659556916645,0.403342759296351
"GSM5482862",0.335954692056957,0.0974549899216544,0.356008626764104,0.402892200075155,0.331664369971176,0.386337924754958
"GSM5482863",0.319549051939258,0.255326698128584,0.469493075033946,0.283895844201725,0.213842530921784,0.603099059025874
"GSM5482864",0.436965062718362,0.256739907836794,0.501556374500121,0.416295929770922,0.340808610907599,0.528176258089437
"GSM5482865",0.45723069395092,0.45837592480941,0.488733006093021,0.476673435068753,0.356869721328401,0.460847444009179
"GSM5482866",0.312747549846437,0.230388960935501,0.315135735865782,0.412561503047009,0.261496529383564,0.405709074941265
"GSM5482867",0.362584441913516,0.11504131872799,0.317736371548202,0.473868881567316,0.33497167568072,0.393982413089437
"GSM5482868",0.512405060700891,0.515041780844773,0.432534269424214,0.464011288051243,0.389675597836806,0.518424780804831
"GSM5482869",0.419327708997199,0.237210338794643,0.383987529698817,0.552339765866688,0.357893780948083,0.545250820274104
"GSM5482870",0.111193752307565,0.166523340201213,0.196363400858811,0.163829722917635,0.14969000582352,0.23029264488248
"GSM5482871",0.325027529144834,0.0256733395028148,0.43103295736461,0.402707813841981,0.283122963634606,0.536284852311243
"GSM5482872",0.334988984310847,0.198244917473106,0.484888587208653,0.258190445333489,0.318662130026129,0.42539825038847
"GSM5482873",0.33475701924463,0.0628365638991983,0.409101859298763,0.345976395520591,0.236242128781445,0.601034525904473
"GSM5482874",0.483386145094313,0.308508241458668,0.604721581432562,0.62887515060191,0.447515682673165,0.541798440966123
"GSM5482875",0.524130764288946,0.404287354206754,0.614564139270186,0.655359346466034,0.436413686694693,0.514424140481
"GSM5482876",0.290928824596344,0.0224085810879507,0.439307120209376,0.283583134552179,0.27484676715559,0.549314816726974
"GSM5482877",0.406367281975229,0.235602327700056,0.509233310950335,0.508939366536465,0.348645896734722,0.543770968724774
"GSM5482878",0.396577620181778,0.140010111170163,0.525210365710184,0.468046589771717,0.357706615103069,0.476922326598129
"GSM5482879",0.365104949844941,0.232693262862672,0.516095586452842,0.504130488959517,0.319569657671884,0.492003771121205
"GSM5482880",0.399164511127507,0.249869940279644,0.582219806603902,0.457657211990267,0.327990055314971,0.551175896529875
"GSM5482881",0.427990462786475,0.311119737079829,0.449064017593957,0.344717956998883,0.289508369676055,0.396909530844354
"GSM5482882",0.45682088042085,0.331182793735164,0.520983329712179,0.584036660537323,0.422584074125722,0.449821968372424
"GSM5482883",0.34023758658704,0.0938431847976882,0.410924502249833,0.48804963424359,0.318114143664382,0.471612807195363
"GSM5482884",0.477183111942948,0.448482288125791,0.530351559912521,0.63714139857633,0.456777988545725,0.309906469887345
"GSM5482885",0.203848229122793,-0.0371064219495154,-0.0747583634641742,0.141026493061349,0.250034195490358,0.168726783326608
"GSM5482886",0.116060871155022,0.0653709855669714,-0.0343290873665009,0.0637110812289152,0.135834792302709,0.155505205233676
"GSM5482887",0.475013582258772,0.485185797474443,0.612330982435418,0.487239731487665,0.397710551498204,0.410586016971975
"GSM5482888",0.570353784442598,0.547768341125127,0.623310767919759,0.639722287105983,0.483926841097865,0.444529736102624
"GSM5482889",0.498232559846932,0.481875606476915,0.613198285770496,0.448521712666529,0.386657669840221,0.452684541775393
"GSM5482890",0.60030439642344,0.419756549801847,0.601134839810272,0.522064189987167,0.416838828016042,0.387832327910635
"GSM5482891",0.542449305724687,0.37799213855389,0.552216186269711,0.742979542111858,0.539946121027101,0.412316012059811
"GSM5482892",0.3907369827066,0.163811610756162,0.366787844023533,0.411095302369216,0.32299700313564,0.477876682915039
"GSM5482893",0.554064293786346,0.403669270159463,0.47111506345356,0.460786119929652,0.366338428944523,0.480514546235368
"GSM5482894",0.401908765855195,0.206283565662417,0.474166871714369,0.467780580758412,0.330286643259741,0.57384091074061
"GSM5482895",0.226469229383721,0.264344572476875,0.415845088553554,0.357259224068805,0.329789867501643,0.541278799037775
"GSM5482896",0.476049861734686,0.372008316439479,0.594384073119453,0.669115753240407,0.493522140658665,0.433745421200425
"GSM5482897",0.444570417332099,0.299752764017784,0.593311355025651,0.450914019699779,0.338054741929552,0.517457689803886
"GSM5482898",0.355401921296375,0.297760193543545,0.521818282164482,0.486622286481672,0.362386800307101,0.548999785917233
"GSM5482899",0.472029147854964,0.368837345204239,0.545762465286908,0.471509710464939,0.342961855781257,0.53383376651036
"GSM5482900",0.445627829837629,0.151770024001976,0.486594206677001,0.461086033382549,0.355191252051364,0.559742749929476
"GSM5482901",0.320426771996019,-0.0740392751617887,0.372963277888311,0.175736410395194,0.0615174354000913,0.455582402934975
"GSM5482902",0.47055018460265,0.280321437462667,0.466745909116488,0.505180320129549,0.366631424530589,0.567530114291484
"GSM5482903",0.351231043508123,0.183794079629864,0.462372617505934,0.518700179693944,0.353711178246849,0.567175007648837
"GSM5482904",0.350311656475942,0.216046821253731,0.516367485699196,0.458712027382696,0.317571003721004,0.596237108403651
"GSM5482905",0.423090123813907,0.469183667124302,0.574391764371303,0.593328459599021,0.466213593058302,0.434748217664333
"GSM5482906",0.445170196877482,0.277953454201582,0.40494777771986,0.651420522575085,0.376513889375497,0.373615205065529
"GSM5482907",0.490397420090223,0.241216770477498,0.494820575655422,0.646068327168389,0.453176856137292,0.362843774198765
"GSM5482908",0.410806051295706,0.27559039542849,0.43395864510381,0.51906448911796,0.378207124811679,0.46319525485077
"GSM5482909",0.417449085409955,0.071985827232061,0.41655970821243,0.511620756983373,0.31638963793146,0.554168597216119
"GSM5482910",0.578050689873644,0.496052227853839,0.676930366824222,0.535350414901448,0.453380006528178,0.40528562118415
"GSM5482911",0.589025038931157,0.400388689926558,0.642084588305228,0.536190187270006,0.403188217971248,0.151243584867655
"GSM5482912",0.527488568023791,0.36090239428091,0.523851061252786,0.715542171387059,0.486286096431179,0.401365328062726
"GSM5482913",0.42627277642831,0.336894687601882,0.460989568794268,0.341739018736019,0.318837059323243,0.546368006239893
"GSM5482914",0.327227600521115,0.311661738827451,0.557796208850876,0.317534216921532,0.281545697686643,0.458724181489815
"GSM5482915",0.453031294393699,0.351615112321744,0.496453481821768,0.530133982994065,0.392012552473122,0.464757095012058
"GSM5482916",0.390488666861475,0.365394912614653,0.565193896128637,0.344327715497547,0.332663935658269,0.452244626288915
"GSM5482917",0.440196936471727,0.278968993469854,0.572725170946134,0.566125522855631,0.427620697475398,0.404183852670988
"GSM5482918",0.467409862867557,0.202075585958598,0.468065774372975,0.47009526513928,0.343100801781557,0.55927349114343
"GSM5482919",0.322339585028499,0.140101958238555,0.446095898627069,0.566636834866717,0.41237341251329,0.372809932728236
"GSM5482920",0.532669456484152,0.386029825182691,0.558917277507784,0.631976157855797,0.387348706309727,0.466805919508288
"GSM5482921",0.459571621183112,0.366960325206601,0.524075492163098,0.592203318936482,0.510591150867486,0.366741105724494
"GSM5482922",0.453677170552526,0.421819080901739,0.601915704171421,0.562133293933858,0.403995638830369,0.459007429446989
"GSM5482923",0.375073971443658,0.159339349023424,0.417766436049383,0.469938536416053,0.308363897755013,0.576905784049737
"GSM5482924",0.465858148636174,0.353643671671543,0.533786328722163,0.567121569058356,0.412795781945356,0.522466142745801
"GSM5482925",0.317781750240033,0.083357730131103,0.431234082766848,0.523800014528075,0.297802602396649,0.554939988057334
"GSM5482926",0.23003797029824,0.00670569829810284,0.428755804284262,0.285324035418291,0.267056008664112,0.550892037882248
"GSM5482927",0.403414994722403,0.281344187083124,0.514239324349182,0.42770903486909,0.320067506110619,0.569649868863399
"GSM5482928",0.400632305546942,0.331300754812218,0.559154317368179,0.307417081668096,0.286107778517332,0.51976628469793
"GSM5482929",0.419348089141239,0.245269981752487,0.472515751998814,0.468637995635978,0.357788364856272,0.546182743366397
"GSM5482930",0.386008884166317,0.361141104739527,0.550180784914894,0.53648700808298,0.424324558424369,0.336838655349443
"GSM5482931",0.399050653385192,0.313997256998175,0.556937254723749,0.615116163789174,0.41403377234537,0.489177929465866
"GSM5482932",0.421939182241145,0.457538204075422,0.579143237208067,0.600344947626963,0.435634204276203,0.292269386093668
"GSM5482933",0.51365470752101,0.415028273133424,0.586853267842233,0.500714535160228,0.380691237460984,0.546310702770426
"GSM5482934",0.369479571304477,0.137442338353448,0.541375021831109,0.470818269788823,0.330379684228726,0.539251644554937
"GSM5482935",0.447497517320669,0.426900416841083,0.589989465277484,0.554509085700609,0.38732843831371,0.491247588844903
"GSM5482936",0.203158574093916,0.120507185844471,-0.033846086584636,0.167245548217693,0.22633232640332,0.23273130363455
"GSM5482937",0.366601741172732,0.317521045043208,0.38894068135927,0.552159269153457,0.3803382350986,0.451031764089575
"GSM5482938",0.375671741636875,0.400276792559744,0.582448774112017,0.539100699869266,0.391137374798721,0.48050433743649
"GSM5482939",0.41801331440701,0.321677592420205,0.567679749467726,0.437536990544201,0.37811727043848,0.416798589896832
"GSM5482940",0.380390422202091,0.423724035841266,0.642534089913147,0.517263072649061,0.387215400644705,0.459186551698921
"GSM5482941",0.432637965824739,0.477624430140267,0.576001683116801,0.640231088240669,0.433139752071603,0.34256247763363
"GSM5482942",0.493094018107312,0.376265609965748,0.563987419087322,0.695786479206429,0.471389872858922,0.51517776420135
"GSM5482943",0.39083443954307,0.443045632142076,0.551069451129998,0.460515002004182,0.349960072445164,0.380209949746156
"GSM5482944",0.439755742566359,0.249060736346871,0.483033093498013,0.484931267481697,0.320226931881737,0.388086592132826
"GSM5482945",0.532914221621032,0.54102052088767,0.649847944685542,0.493543105454215,0.39191400406508,0.321246631700958
"GSM5482946",0.520706605083941,0.567506758829945,0.595492406937875,0.387115596879103,0.400249900398442,0.447773106277394
"GSM5482947",0.516877538958782,0.395878102478373,0.603422302902644,0.519150922095619,0.391538315891042,0.530797146472051
"GSM5482948",0.411957959040161,0.187117924311459,0.495931979136406,0.551980791005826,0.35249495091137,0.337791261792759
"GSM5482949",0.53151245374733,0.373070211885118,0.555774302677404,0.519082638228722,0.439718083036417,0.48169244628852
"GSM5482950",0.352428690133941,0.286509118661297,0.532799331644749,0.568174118160329,0.418946914141533,0.494593449172278
"GSM5482951",0.596350263733681,0.572374689727199,0.618172007243699,0.682694748628793,0.490739418715838,0.405968892393656
"GSM5482952",0.384585359585493,0.112075794271986,0.472298470748294,0.46294313808568,0.299644206293554,0.587979975789438
"GSM5482953",0.561524540897567,0.489240489126219,0.682329754935931,0.458216030951034,0.40080461133356,0.459860462565477
"GSM5482954",0.551692547245486,0.255567510213526,0.564184950404018,0.708721821152091,0.464585422683969,0.316612082521107
"GSM5482955",0.530030206175914,0.573686728191755,0.670116689261097,0.380599834699862,0.363165472566251,0.228280463627571
"GSM5482956",0.474214384169768,0.51613656258371,0.623329880174295,0.41286446393347,0.347063267412485,0.369377875265902
"GSM5482957",0.499528219956312,0.461782561037705,0.631081355695644,0.488123022657942,0.367841548054394,0.41217652596175
"GSM5482958",0.356114941537612,0.273758398477181,0.514128145381247,0.472765672544358,0.34237447706192,0.551829222977285
"GSM5482959",0.60867387596683,0.570275530958178,0.648918159790582,0.529854434532885,0.484730391888962,0.354828553890619
"GSM5482960",0.546600601521629,0.246403541826492,0.573462072049006,0.579821672279835,0.388743456545236,0.515391007335465
"GSM5482961",0.465629307528031,0.30249740011322,0.561153948398412,0.655862073038854,0.412119578140229,0.463343644992127
"GSM5482962",0.369583721851665,0.057863687851479,0.467314547261168,0.616570271842416,0.47094159688263,0.496636043997195
"GSM5482963",0.329936053198686,0.381020376562376,0.539417304132665,0.444504035582962,0.342908902197997,0.434415981113806
"GSM5482964",0.454782697386463,0.339408168771461,0.533196329113692,0.46872229330377,0.337821987392361,0.552393357719354
"GSM5482965",0.399861723434865,0.437531406515755,0.606854443601522,0.576565501944014,0.386285508166633,0.428002077131572
"GSM5482966",0.460523083247788,0.353655259515765,0.572115765614998,0.596073568230108,0.452680494672637,0.465509158837739
"GSM5482967",0.456258446561952,0.262020744042692,0.448317608554789,0.660648452818798,0.458976156721452,0.385927608142327
"GSM5482968",0.581340593783129,0.476449823801356,0.635686900098369,0.674477424732099,0.499411130255035,0.354743306630113
"GSM5482969",0.473418438099624,0.110184466966733,0.460362147292591,0.376646701459006,0.31809302800308,0.433208606741655
"GSM5482970",0.423544177059454,0.187113277045456,0.504782079780325,0.511959848795286,0.360993386796123,0.562952193024317
"GSM5482971",0.480416199921154,0.0458173865460689,0.453594573367369,0.600023704246772,0.410307125776153,0.490391518956043
"GSM5482972",0.347366839244912,0.232998756160872,0.453207690904019,0.560628092157985,0.370816488400244,0.567253246603794
"GSM5482973",0.492748778237108,0.328110826776308,0.597356387258494,0.484340394845475,0.398189115521796,0.548041598481853
"GSM5482974",0.363472749727886,0.127184576871652,0.462224498727012,0.385443207158541,0.299080878010562,0.567527985999671
"GSM5482975",0.432028782096289,0.427000034356574,0.597857430710756,0.457853655836925,0.359444053016558,0.479241559434219
"GSM5482976",0.567011612348427,0.505060882303376,0.694675361380896,0.684852521065392,0.525502646422207,0.349312017029338
"GSM5482977",0.430215481442776,0.208618409845617,0.464204032291475,0.521310052300631,0.358061540846901,0.557193091222723
"GSM5482978",0.561540051815018,0.452314371149338,0.643233302300154,0.700118114201088,0.509456029894705,0.48383609494919
"GSM5482979",0.456463308561213,0.321415447493831,0.460285218219187,0.364703068978255,0.359761887798779,0.44449641826314
"GSM5482980",0.567883079648254,0.573301515271634,0.62428785295161,0.468404738977338,0.415199447577215,0.44691606221756
"GSM5482981",0.351531834315,0.330354241299729,0.532621279889842,0.594259353979994,0.38581834828586,0.367188524753173
"GSM5482982",0.47505509099705,0.382300531517758,0.646618705985332,0.548613500171618,0.385824313059491,0.46206681274174
"GSM5482983",0.395655638308573,0.268321327126452,0.524006360424969,0.673776265071756,0.496796093496032,0.465241205375409
"GSM5482984",0.562900478947002,0.485144985223657,0.631725181820444,0.618081879292525,0.465816774888407,0.385866662990753
"GSM5482985",0.55084926315936,0.519917094197134,0.524486797896813,0.621618512644489,0.443212306592675,0.362398057920808
"GSM5482986",0.588381037869118,0.402741455174227,0.537510820629473,0.713590391612343,0.535514748790384,0.262377333918089
"GSM5482987",0.515859064258498,0.5558729013688,0.619878038419693,0.527340683538772,0.408816427958799,0.340243538237803
"GSM5482988",0.545586975423328,0.502829149760426,0.524528548223501,0.549200209026496,0.383272173886926,0.277867554416994
"GSM5482989",0.591856142166252,0.387671938657481,0.552889177861752,0.628801556375226,0.481990260557889,0.278772955467604
"GSM5482990",0.423673255267744,0.399474291949142,0.546275481765186,0.653663803738639,0.43110572153699,0.332763359931014
"GSM5482991",0.540379428194214,0.599520178696934,0.58197981619699,0.543701949940341,0.443782806505841,0.277982296594875
"GSM5482992",0.455484302688772,0.509872298872814,0.554951462814522,0.363735400112048,0.370938635844491,0.169277010518929
"GSM5482993",0.486619345886837,0.363614465551911,0.531547104291618,0.68660487202798,0.367095497701909,0.179961203258485
"GSM5482994",0.565818822610728,0.445126989828622,0.506273501652711,0.59868673332035,0.39521181359937,0.276903228228691
"GSM5482995",0.552035683584975,0.33278403750698,0.553156243677753,0.743052351344739,0.561364605734725,0.258440423145086
"GSM5482996",0.485849742770117,0.401888028479303,0.537142828246169,0.745483449600538,0.480623024560098,0.262103858669575
"GSM5482997",0.471032507750094,0.459141333486156,0.506195834707045,0.605778905091487,0.435363057049318,0.238282293373359
"GSM5482998",0.479970180661054,0.576347787911398,0.563298925307755,0.461807752637481,0.359141735966722,0.246233974352345
"GSM5482999",0.514971559660139,0.173547024425966,0.482966868824304,0.618151742724685,0.406132602116103,0.464463920389069
"GSM5483000",0.345022209798971,0.439807623905968,0.58145696659445,0.492787157220109,0.370226642007651,0.372128069596127
"GSM5483001",0.552034914422959,0.45726026588724,0.636165797681504,0.675277910556117,0.496964544816056,0.475551321945563
"GSM5483002",0.470046277291588,0.274340908313698,0.496698943439915,0.586953594688672,0.436349586878002,0.342102557013932
"GSM5483003",0.454043440063002,0.475975731003145,0.529281160329856,0.51845684584648,0.364103644968208,0.355650223444043
"GSM5483004",0.36994512871367,0.180981666975328,0.399285746950289,0.581195087267208,0.459178561656162,0.150607516419428
"GSM5483005",0.458530501043231,0.296786501330869,0.527064399805327,0.688032653765229,0.521367404585451,0.1930473735673
"GSM5483006",0.591876352363791,0.437178833201087,0.54912862383678,0.698536801370193,0.483143601748116,0.225668663991709
"GSM5483007",0.319831527118778,0.385169381625752,0.529232816963026,0.386673982313464,0.321049032802753,0.403567522570754
"GSM5483008",0.437730309094359,0.400714380162395,0.47224795009146,0.493105617175997,0.35631233981225,0.478678418250652
"GSM5483009",0.471062518548717,0.415186441466625,0.527163990403785,0.687308248905539,0.453442328502101,0.213092342667581
"GSM5483010",0.366532581524254,0.349754877919928,0.564074445560171,0.374037011934834,0.328254385287921,0.524661869052754
"GSM5483011",0.46586640407316,0.35532262409467,0.50884299477829,0.60484052847858,0.408413513952751,0.419503811312854
"GSM5483012",0.47124132640399,0.11477095749521,0.423880695528861,0.554222624575617,0.392235642896182,0.545942577846766
"GSM5483013",0.399561348193644,0.204590918216255,0.543436668290969,0.542146614098175,0.374161245657259,0.48707712975892
"GSM5483014",0.387715953428303,0.205684987383156,0.469765837367791,0.554244475363602,0.395843409113185,0.466377383949912
"GSM5483015",0.483302601329474,0.261921130462692,0.639526228359911,0.593752695397579,0.434141535410024,0.442795501033512
"GSM5483016",0.388047031691144,0.426548763628798,0.538226259142333,0.555895024517926,0.382093499506299,0.344406763026921
"GSM5483017",0.365199920365154,0.383419538080762,0.512204679721552,0.373152141590364,0.310755404530543,0.504964031567986
"GSM5483018",0.413746174048841,0.342577016938532,0.634499132544383,0.458505497526191,0.394370292694273,0.515773881185381
"GSM5483019",0.444385447805617,0.426474877049959,0.581412599217047,0.695073180434887,0.472789479727101,0.355109236990152
"GSM5483020",0.512262340152891,0.373256142066628,0.558224951294312,0.630187066282147,0.454868350479564,0.362652267035618
"GSM5483021",0.590664894170914,0.427380104042133,0.585429770128878,0.718161819449615,0.506760886958307,0.309298871078482
"GSM5483022",0.536600580466594,0.328966788309508,0.490992703655377,0.69907996688718,0.454858652764367,0.447382598069181
"GSM5483023",0.369963521446929,0.365506120074251,0.52452918284578,0.396326284838135,0.336913076089327,0.511596699001375
"GSM5483024",0.436345624519376,0.382752941903747,0.537883061996742,0.610453293509693,0.432593829869207,0.45806123656099
"GSM5483025",0.340558676586519,0.34237519311627,0.575583395313101,0.375195737577343,0.350102463768317,0.378341714028957
"GSM5483026",0.404464860604928,0.458047982583394,0.590953102408253,0.431009208813464,0.34238472025637,0.397245908375477
"GSM5483027",0.597691495906338,0.526791738817293,0.622156499675709,0.538651302947099,0.40676194465622,0.467517733519579
"GSM5483028",0.194936895749325,0.29144260617551,0.559775730471351,0.259063843482383,0.249485847804088,0.428037465311519
"GSM5483029",0.427787512278372,0.454037295208667,0.546931961579336,0.422615202647518,0.344007570999498,0.486595908339112
"GSM5483030",0.400739584093757,0.242218023720593,0.521706433581502,0.640947131388206,0.417451175871937,0.432953206582311
"GSM5483031",0.500800565244394,0.47680221390437,0.573262853561821,0.614485158804804,0.44290575548176,0.307594319703791
"GSM5483032",0.551318049811525,0.473219930887308,0.613346725016719,0.643861492764257,0.50295271507681,0.460805510028115
"GSM5483033",0.507971527195324,0.427506572642555,0.597063175225783,0.619053438050997,0.416544405118871,0.526361421820867
"GSM5483034",0.344329374130643,0.318787708034694,0.558377749851875,0.365210370944972,0.312527132621759,0.564564967811184
"GSM5483035",0.362954696667374,0.25333946220323,0.589595337505644,0.52162709234106,0.346452527034053,0.403733434027965
"GSM5483036",0.505561808134732,0.453267305926595,0.597006966405321,0.518938355675742,0.408066911387591,0.435778845658938
"GSM5483037",0.51450232662822,0.471774876806962,0.6428541196477,0.360667245227284,0.340580973524165,0.521143114480466
"GSM5483038",0.48402634350435,0.488136367483149,0.653981237707484,0.438754156988428,0.381124587047397,0.445131330153259
"GSM5483039",0.418347496736289,0.285014393495034,0.543284254556583,0.459196948061814,0.321974816199054,0.450077338027543
"GSM5483040",0.561638607763582,0.535526404481463,0.658167912203027,0.526458183476202,0.436064212350721,0.428205455045366
"GSM5483041",0.406573729057944,0.292523726131898,0.568459281274473,0.557134547002544,0.440025655090971,0.451666462218329
"GSM5483042",0.226598666668734,0.258352450902853,0.536862164953945,0.326280960703362,0.245267796844975,0.363145001902855
"GSM5483043",0.530234277889081,0.412883236636199,0.562369354592893,0.420871013544592,0.370486951520894,0.517925227948239
"GSM5483044",0.396424169611463,0.219585993446679,0.543332293035942,0.508207097953836,0.366067277922047,0.552275562590872
"GSM5483045",0.447821489164206,0.432283356749952,0.575464466924727,0.332286711102378,0.32266040491978,0.464166609288614
"GSM5483046",0.300465448223149,-0.110221691497057,0.323913817335279,0.315843572520972,0.195446663197032,0.571631462040454
"GSM5483047",0.531035741571901,0.490723555570904,0.613484259654874,0.446782651219059,0.40345560211573,0.460385090920224
"GSM5483048",0.452969154774251,0.448207349586912,0.535848580785458,0.696935189094439,0.47668025960663,0.358059475134794
"GSM5483049",0.438584304152475,0.466428654398543,0.424642147978782,0.394286061103911,0.247716086891333,0.268500441595052
"GSM5483050",0.54635375958169,0.383817862689671,0.34833018292933,0.572634388678467,0.387519487577454,0.157826161004834
"GSM5483051",0.490045186648968,0.308511017775083,0.500060886931899,0.341336369706657,0.312973118985,0.56244378918954
"GSM5483052",0.310683806852586,0.414058445374924,0.550514119449462,0.305595390903558,0.291097636159061,0.462862900947518
"GSM5483053",0.488306933834644,0.382309317090638,0.567221722806907,0.487662407565736,0.406013430338924,0.411378822057878
"GSM5483054",0.45609476172262,0.327454681807142,0.47982987405569,0.559158445408532,0.440519371009603,0.521523429190146
"GSM5483056",0.519431087108311,0.485599849821226,0.68120731426318,0.453243704809605,0.393837769260691,0.253383409583639
"GSM5483057",0.589621857916054,0.373285207291744,0.634082856696774,0.524145239303076,0.415359097709518,0.305925481607263
"GSM5483058",0.400573953266137,0.415835430875334,0.559499648658026,0.35611676026573,0.329126078057353,0.504914013522693
"GSM5483059",0.436368876321695,0.230775758598417,0.522426945739885,0.390359030628726,0.32558790590465,0.513975679679077
"GSM5483060",0.454007076674917,0.432502708147452,0.626449626734907,0.473441886844033,0.395588687251834,0.421864147139381
"GSM5483061",0.270685883029567,0.0426995433781851,0.462351996433435,0.265373030121623,0.255009589783162,0.51444919779234
"GSM5483062",0.437619090227449,0.391185082422615,0.523341008994643,0.519159671070837,0.378298902182482,0.477680189655281
"GSM5483063",0.472381334721011,0.350946218336526,0.491090447715875,0.686630130503227,0.509709104483313,0.373740249866913
"GSM5483064",0.477276202874768,0.572615858725085,0.574795283695934,0.469669402815904,0.389324119826404,0.369550996335455
"GSM5483065",0.508546525723511,0.501461951365947,0.529653199431818,0.637036837493976,0.451388899299188,0.330943951259462
"GSM5483066",0.526609541776204,0.557724054160963,0.583583212151372,0.462309695901261,0.319453791768561,0.23529851480668
"GSM5483067",0.596231769682082,0.298499362279538,0.497759682075576,0.741287972826443,0.522952167035544,0.19604220735087
"GSM5483068",0.514049154989886,0.39621641065023,0.521087442572246,0.66015611061906,0.511284364526185,0.269075834026806
"GSM5483069",0.426694687533084,0.406396992721786,0.534106602140918,0.553247372801439,0.414796258226445,0.276596387237484
"GSM5483070",0.36956306961511,0.296394807236801,0.544634276794097,0.632660416182886,0.447952488714294,0.489591343870703
"GSM5483071",0.408556059861206,0.40800239042972,0.605748358317219,0.464392035283989,0.363621275956207,0.530815926513106
"GSM5483072",0.504426967880822,0.305084048977782,0.630682358832751,0.440610026451517,0.35493447153104,0.500400003290096
"GSM5483073",0.326205396431942,0.295946359073164,0.517014554186943,0.466880479720555,0.34982125358792,0.51601991474684
"GSM5483074",0.473665276804079,0.452780357245158,0.628511359825974,0.502941108479687,0.417271564689725,0.326233579899246
"GSM5483075",0.532861833080276,0.371166901518727,0.629161852379111,0.587867204284986,0.427528761465836,0.281691339751128
"GSM5483076",0.454717465593972,0.451229880162108,0.592835147214762,0.364787059397235,0.325872892531111,0.385429965917128
"GSM5483077",0.454892117430629,0.299104653730872,0.563169571089457,0.537463539241052,0.320158202380413,0.519763090898478
"GSM5483078",0.526774022184683,0.441656902676049,0.624789912911047,0.481600809593277,0.38595347679916,0.400291375495064
"GSM5483079",0.45982440767208,0.440868734712661,0.58418480973184,0.570421911737339,0.417504175567329,0.432753779384038
"GSM5483080",0.34158815249783,0.371904545335795,0.521228358057398,0.477647361898658,0.396157572765041,0.490303616331143
"GSM5483081",0.458779068647594,0.297346740038942,0.490604369728829,0.339390373487176,0.25168675275102,0.516671022946947
"GSM5483082",0.497853558478502,0.412849617748012,0.683789283794158,0.380520167316214,0.362127374504861,0.454674597686154
"GSM5483083",0.433928690620491,0.255248420004942,0.541602381455928,0.423967919349581,0.35659770199094,0.475285046445783
"GSM5483084",0.516385145455953,0.488934812919836,0.534267022018524,0.717326857772468,0.498009785469119,0.40746944543609
"GSM5483085",0.534976174462543,0.543536229893716,0.633365327127819,0.423854565806287,0.373871383458309,0.45555739578446
"GSM5483086",0.436722697499334,0.392105087318427,0.555413676106847,0.678869501958327,0.470938812815727,0.377845043617465
"GSM5483087",0.506659627792849,0.335699381951916,0.531931794836409,0.470156830081917,0.279709818414646,0.403129988701858
"GSM5483088",0.480023503095422,0.556230487457255,0.610146169005186,0.693919855901662,0.470795647184696,0.13195269174988
"GSM5483089",0.510392593805976,0.333301153550856,0.489857619077875,0.752510349967964,0.525593891950262,0.198182189665095
"GSM5483090",0.373944845279919,0.216231358636379,0.416224634086209,0.595578384617898,0.44302140719603,0.17045539397895
"GSM5483091",0.260865259972395,0.408689435886501,0.456004864493965,0.372423747543709,0.320725299761753,0.354311422878925
"GSM5483092",0.452351377269464,0.432866677801023,0.527201669565579,0.565047268458693,0.423098658820973,0.287010574478565
"GSM5483093",0.201708460591485,0.0017093300355479,0.138945576485269,0.187382054546774,0.112965602242726,0.233507267400097
"GSM5483094",0.351010883438359,0.279180919693878,0.505008378296818,0.540346975933198,0.380380641533733,0.468029244249657
"GSM5483095",0.560352026143681,0.442036935482291,0.6358507453732,0.643022570515971,0.450461023233358,0.504905939973911
"GSM5483096",0.480331072759953,0.375775952346183,0.617763519281524,0.612369757658924,0.447378134776949,0.391101578520027
"GSM5483097",0.431897123241025,0.29749711591818,0.471021295382127,0.456590595214051,0.335669002691643,0.544249931511408
"GSM5483098",0.485914982195923,0.491257328043566,0.501250626916739,0.430634559082147,0.343054730968581,0.33598302644501
"GSM5483099",0.414434357910818,0.213213440486634,0.394241121635455,0.3888259182776,0.25932487036372,0.507714115097201
"GSM5483100",0.57718456547829,0.471050685721041,0.619432924081183,0.453363015901563,0.391495019376154,0.511253119180706
"GSM5483101",0.44855446778593,0.480082535441802,0.57467528772235,0.614148094434168,0.443203736756373,0.428837121875096
"GSM5483102",0.229176111306839,0.202369723628592,0.187111423886034,0.252962197029931,0.128841820107385,0.251948932588048
"GSM5483103",0.469653240812402,0.42856865187253,0.569798598470305,0.66372958350849,0.479591493319799,0.311553523156774
"GSM5483104",0.599597416978061,0.423196693199305,0.582293846079845,0.735153266350648,0.521966014161617,0.214410183463718
"GSM5483105",0.338904101758856,0.29702326283846,0.579041791110197,0.492543134798745,0.367037998102658,0.499630359385026
"GSM5483106",0.524686549690268,0.418533211629262,0.596167493904042,0.438197505898153,0.365452567339146,0.450014216120659
"GSM5483107",0.510191149196427,0.406564609236181,0.531172452278187,0.46905468847049,0.379790635024032,0.421324463484331
"GSM5483108",0.401952013662252,0.179116834235029,0.466117729875248,0.569977255600859,0.38249094126146,0.460394282323482
"GSM5483109",0.464396417652381,0.13366980782468,0.542388420730456,0.692865990389675,0.422465615037913,0.463118251633678
"GSM5483110",0.526174994848142,0.418813170253273,0.554089146443154,0.390249889651973,0.332515578995062,0.513057927235932
"GSM5483111",0.44762385788545,0.293634983452221,0.492937922819995,0.529370293144503,0.360836506301407,0.457617697124297
"GSM5483112",0.43301280756427,0.36691470478803,0.584542350566686,0.505422668987155,0.374416399090164,0.379304735133666
"GSM5483113",0.467251841486354,0.417601472176923,0.576138720992247,0.588790025717116,0.419550043477944,0.385743454993146
"GSM5483114",0.467963121923741,0.533080713498559,0.593878339643579,0.452557167756883,0.373959543794994,0.374972765998318
"GSM5483115",0.441722900485203,0.31322378733138,0.486549712401643,0.508083684649911,0.378862284583292,0.511393472937008
"GSM5483116",0.552353376557316,0.491644682653344,0.582513913871353,0.4571206908246,0.400817143245424,0.406572534372631
"GSM5483117",0.538904400067627,0.380509324540258,0.506624964188794,0.428607042817686,0.37529533024398,0.503988505389911
"GSM5483118",0.454877784378999,0.468671820593118,0.574406235083647,0.362442782083342,0.320379480769518,0.493967456370204
"GSM5483119",0.327166670098781,0.214511066657757,0.565197191890927,0.292321252993479,0.267582088076614,0.419737682485286
"GSM5483120",0.499469834347673,0.53624146696063,0.571114297806096,0.309737471649682,0.316404761759794,0.440265221677067
"GSM5483121",0.480583812346203,0.441542540724964,0.529685971961567,0.460078836938128,0.392897649346669,0.446105795179304
"GSM5483122",0.515053061014517,0.343665110877118,0.57681138575664,0.585705431804545,0.424475081893782,0.406863227192107
"GSM5483123",0.456749316494074,0.438833594031447,0.502902160291307,0.476205581013715,0.389051498961013,0.418291450977318
"GSM5483124",0.541488756529392,0.534246257026175,0.538327557185285,0.386396850395457,0.379329922325482,0.319048895235181
"GSM5483125",0.442074025860866,0.429388942567284,0.559792679621628,0.455724799419904,0.372057244437228,0.452616217876757
"GSM5483126",0.372711642408196,0.323254827164939,0.55744924604819,0.528520443626647,0.388669711177994,0.458591524488908
"GSM5483127",0.438051253874669,0.389848366422022,0.579104617499267,0.484299152590263,0.387787334614213,0.5189534256398
"GSM5483128",0.347542250998955,0.243346665997983,0.545641316642173,0.536754502695576,0.331330421365448,0.504179119119479
"GSM5483129",0.540205535802258,0.342487435590066,0.54423006719983,0.606664877101073,0.418490750458523,0.494429320822825
"GSM5483130",0.363395230796426,0.305285557459632,0.516909962389314,0.633577274583354,0.411284270797096,0.319196486578231
"GSM5483131",0.440421066887534,0.331112315962337,0.558885335775359,0.667022803451647,0.436639658218738,0.536507457460353
"GSM5483132",0.52993595590053,0.262491810218067,0.508444792114783,0.639700546103214,0.434276019368173,0.463546897035625
"GSM5483133",0.550376302794792,0.420108739440732,0.49908472473047,0.543077388684421,0.431782748759636,0.514963411034795
"GSM5483134",0.380865879184691,0.3156989581055,0.505568184446869,0.573179428734133,0.413080705543144,0.470422572177214
"GSM5483135",0.527430370333445,0.472890141544938,0.542586538883862,0.468507282697081,0.339837930509827,0.408901392426931
"GSM5483136",0.532985470457129,0.418710159583263,0.652125351701925,0.571081464987615,0.37960102102658,0.472064725850423
"GSM5483137",0.499576717753053,0.306685873659266,0.57271280075685,0.608305833479151,0.422936334281461,0.407009755331462
"GSM5483138",0.563707102638802,0.511375785163872,0.674310075567074,0.502989945088436,0.419160242741486,0.411367594295318
"GSM5483139",0.532589567522698,0.563354702591469,0.652285374404228,0.466552888973226,0.416275807176211,0.364791564905929
"GSM5483140",0.53373549075395,0.369252365752615,0.572968734386823,0.706730733334271,0.508724447952994,0.382090716844544
"GSM5483141",0.382747002839711,0.364916703226432,0.477214487144478,0.38083162726716,0.292508582215331,0.445431619061137
"GSM5483142",0.484950572595372,0.383845294519956,0.635234480341525,0.684394775241415,0.438218960073408,0.440284308753863
"GSM5483143",0.417904475188117,0.267665877856652,0.558759714318284,0.622811320976226,0.415288681883875,0.530737505086102
"GSM5483144",0.432596112976403,0.364223946901717,0.563572476058392,0.621164646587889,0.440570423607134,0.43259926791792
"GSM5483145",0.513517922782054,0.350829524359124,0.635414347123261,0.500722250234605,0.388469727314431,0.474122368414446
"GSM5483146",0.481873786871423,0.524300475061613,0.617037624324352,0.425929452973763,0.363128237679176,0.234618985325348
"GSM5483147",0.522278017536872,0.342997529067801,0.530193183887405,0.641350991145825,0.437498793962743,0.472388884217554
"GSM5483148",0.587786908560338,0.52459628920345,0.676584287539419,0.426870959855882,0.417130493854622,0.355305641703838
"GSM5483149",0.564184822481561,0.408080733750847,0.684076458880942,0.599830703078151,0.475089174078159,0.325786619062666
"GSM5483150",0.253772189361357,0.144798125806457,0.497405879958464,0.307092688421352,0.330177590791253,0.477100938053025
"GSM5483151",0.321693180333984,0.182688348444971,0.411579296444564,0.254893691977924,0.25893423744539,0.54117377176783
"GSM5483152",0.395053249703455,0.152994277123883,0.511724993823319,0.571135114075977,0.396836024170809,0.513122964614546
"GSM5483153",0.373517383808479,0.367437648289768,0.569227640322625,0.626471279806687,0.413900944007177,0.368171389851944
"GSM5483154",0.361100096991687,0.0814089675710378,0.491420332424745,0.481576566978662,0.3572103316098,0.399293902307101
"GSM5483155",0.377589139150005,0.160094036445722,0.510074394979549,0.602014036974572,0.378645731902652,0.543048593214999
"GSM5483156",0.338432578017404,0.381583486674811,0.597455411965577,0.5190435209355,0.387265935762439,0.497392867295582
"GSM5483157",0.484307315698421,0.250555094404982,0.581923715740313,0.648656109806693,0.424067161895761,0.360138287704643
"GSM5483158",0.482832531627184,0.231795796285189,0.53271241142422,0.480906902572413,0.329369830288773,0.371948778247041
"GSM5483159",0.293415914475026,0.478113639051338,0.616456081891885,0.471629721400907,0.382634662147756,0.288035944244369
"GSM5483160",0.342560042131453,0.111719128670303,0.521281195176337,0.594868723282549,0.438286637667192,0.238017448215784
"GSM5483161",0.362757946713734,0.238194347183866,0.636218268872416,0.414342192163674,0.277624071773776,0.538943739140611
"GSM5483162",0.386325323806049,0.267271307754307,0.566870615235915,0.349041720649248,0.309992430614888,0.45328484445545
"GSM5483163",0.422789275922137,0.17274266752487,0.464470361404391,0.560116972746266,0.403695204446862,0.503441770595132
"GSM5483164",0.485039225916693,0.504826574182366,0.59628363422465,0.429346625353713,0.368909645678216,0.463794822148674
"GSM5483165",0.437096809365144,0.433756027052403,0.556713199733133,0.499063057056296,0.433184441472332,0.152150490021797
"GSM5483166",0.436768337376818,0.433189202790316,0.619561833595387,0.627850271182151,0.432997905539487,0.481917844611145
"GSM5483167",0.332327884769397,0.412525358460325,0.557173010987574,0.432021737241029,0.344482493692599,0.428035272277471
"GSM5483168",0.429394434800321,0.400627919834897,0.637920804151736,0.330971250394914,0.313866861961967,0.414636419543376
"GSM5483169",0.465879765401819,0.405978168548121,0.622648219191327,0.472865213874859,0.381063854764475,0.436695115757852
"GSM5483170",0.540942043421437,0.403997695925771,0.604441654887018,0.619880988684992,0.442196962197948,0.216424684002086
"GSM5483171",0.421193647483939,-0.0121331918638822,0.470275543124419,0.636017393801605,0.406533919496888,0.521707366896142
"GSM5483172",0.393059067380781,0.33360192450075,0.604578993936568,0.399249172357877,0.302574703393889,0.532366661740112
"GSM5483173",0.36767466318209,0.390829853957102,0.534432696784429,0.502336051859269,0.364669730398024,0.350645618590603
"GSM5483174",0.473411175991224,0.413628536791261,0.592925971761303,0.62689910967416,0.486757431217335,0.481451220238342
"GSM5483175",0.401027271490496,0.390104634438953,0.493654248104495,0.625362540745449,0.409196402029578,0.395607732766866
"GSM5483176",0.443891447161619,0.418005587759463,0.491368747995708,0.534089716083985,0.399716837536175,0.512197834377885
"GSM5483177",0.371772678317204,0.356894003262135,0.577164871985969,0.639271677924972,0.440122531742709,0.378417306195555
"GSM5483178",0.566305462036478,0.285802517407569,0.579019018455807,0.728973367545217,0.520152175730996,0.387672957088504
"GSM5483179",0.436262628939325,0.343362991316877,0.52683814054514,0.574961286213033,0.342171439092117,0.480393866131588
"GSM5483180",0.284927406804814,0.159886366445321,0.476664273868152,0.25534320799111,0.189546502708589,0.610674926853028
"GSM5483181",0.433923289189489,0.299786409364551,0.502119915005705,0.564344525546451,0.362970657195566,0.477621350525147
"GSM5483182",0.378470008412932,0.270572073220826,0.518009093458247,0.603375357504203,0.425767523767036,0.468888096596043
"GSM5483183",0.596260290454141,0.475692274739141,0.601579755850403,0.671447003973651,0.458179415342035,0.188359185369527
"GSM5483184",0.466464095623996,0.471856165875816,0.604443806810349,0.567490099906665,0.445994752589093,0.37439131920972
"GSM5483185",0.642709882503993,0.482252104251458,0.576256981788171,0.517190590904339,0.452674321968496,0.24332090782853
"GSM5483186",0.403937514637006,0.290005306466631,0.585239095338431,0.683636607353073,0.42469448564571,0.463236685316201
"GSM5483187",0.560098353866779,0.315419047197582,0.556457452378395,0.567355146219024,0.371780428944733,0.479826872339654
"GSM5483188",0.416609646434049,0.419429656846411,0.536280778919558,0.483897254904046,0.358554181168461,0.509718878536768
"GSM5483189",0.462888777844174,0.456356624809642,0.600045598627556,0.649013978940376,0.429097952719392,0.33682859982771
"GSM5483190",0.401676797687985,0.29953905063614,0.533515223919708,0.585718415243751,0.421139601150932,0.486460127290266
"GSM5483191",0.49183969903967,0.414264797817174,0.587285826977329,0.727002156631345,0.497841830818659,0.331081832371539
"GSM5483192",0.470753986204976,0.374744238972393,0.495352714019588,0.564587964636432,0.38141918212424,0.46040833858184
"GSM5483193",0.611372064517997,0.496835614693352,0.660419630034696,0.475342311769757,0.439586528017606,0.180552473596095
"GSM5483194",0.375729134596048,0.435183095481578,0.526491832717136,0.621103266631559,0.397667945675211,0.40446832708007
"GSM5483195",0.402479749290533,0.394626560848476,0.562864260438424,0.450036947529627,0.316457783770858,0.427383957802377
"GSM5483196",0.354762745524029,0.372749177183143,0.597001598864649,0.456580328612495,0.363009079811607,0.40938918157107
"GSM5483197",0.530626431418134,0.311416190196183,0.552135120018148,0.567468869568731,0.425510842766962,0.439082759034667
"GSM5483198",0.528133472046707,0.479836132138959,0.623754097298935,0.480210231562365,0.40239104791427,0.372605794877489
"GSM5483199",0.492237363954658,0.356854294555709,0.613847203246467,0.53321176495406,0.427945163082306,0.400681237648991
"GSM5483200",0.0264141483212393,0.224496445240376,0.119200843414233,0.245081035130366,0.280553159671119,0.059743688867102
"GSM5483201",0.311537507568655,0.390268103102559,0.567922908470919,0.408310229502076,0.340023171288364,0.479428258614371
"GSM5483202",0.363515935360159,0.360382534485768,0.544287304221367,0.400411912141242,0.327018853122822,0.460594167821227
"GSM5483203",0.581370278146259,0.396878728308923,0.629717465317831,0.575350295444579,0.429369991524814,0.42880707334721
"GSM5483204",0.502541402779767,-0.124924457633153,0.440848172114237,0.532467505396806,0.408367491303412,0.280169714956015
"GSM5483205",0.539457568742303,0.536689388931402,0.576679949510447,0.426395758182497,0.356771939884959,0.400545751895531
"GSM5483206",0.5256341069925,0.425295663269798,0.579040244243821,0.492593142441634,0.373403445993919,0.410232251524318
"GSM5483207",0.506275896864301,0.465172096079685,0.636545353153683,0.46335107737011,0.417703982302507,0.407909275245219
"GSM5483208",0.542886325373165,0.432597422661314,0.591816500620986,0.485824907049826,0.387890515355865,0.346976742643538
"GSM5483209",0.428109584027406,0.250040625441627,0.536438879748535,0.477399072325349,0.382919131049869,0.445373122745788
"GSM5483210",0.560627074706245,0.571166466287781,0.642748484912039,0.512931227491677,0.413764220800886,0.379242018784339
"GSM5483211",0.420091558368298,0.31879138354694,0.478718950759087,0.724770945644784,0.432381329885786,0.30669645550371
"GSM5483212",0.430755116210831,-0.0156889955381114,0.346582394910469,0.342492393828417,0.278387428288833,0.509042572415852
"GSM5483213",0.371066420135857,0.190674424319149,0.480539488329975,0.519278290804959,0.40665706099997,0.506041116925399
"GSM5483214",0.336649599491722,0.27479421927891,0.488259957086754,0.581007346471343,0.410912824018121,0.39938314220098
"GSM5483215",0.315793196758984,0.229849454200247,0.502041811930261,0.649448977515386,0.413845322226604,0.48242403453093
"GSM5483216",0.45480662682733,0.459991462045658,0.606347666154814,0.472218031778924,0.397617108973434,0.476470039045936
"GSM5483217",0.375189929653774,0.220591161179011,0.306035104542097,0.579160970065813,0.399270492678341,0.252003222923587
"GSM5483218",0.557307594018336,0.476202831274867,0.585583618173731,0.660321003399668,0.480824556864422,0.31900463050271
"GSM5483219",0.493589904928623,0.234166432042341,0.481612794753057,0.411717630110196,0.309865049929624,0.0236475196586522
"GSM5483220",0.507302224523677,0.546091364370281,0.626526086880845,0.502334994258064,0.388583458912292,0.487572096353627
"GSM5483221",0.460818623793246,0.290351270399518,0.482375596331288,0.721536458239619,0.500159599855827,0.336218653978065
"GSM5483222",0.390811630170913,0.469775211502362,0.567942373215141,0.360937931555581,0.328755303201145,0.519341559646223
"GSM5483223",0.450617816337557,0.325943692224388,0.509172089881036,0.517003998793969,0.360136817624317,0.418547055299885
"GSM5483224",0.421677212165256,0.403236863712774,0.617077868127881,0.530217561514249,0.358203224786377,0.364739041584282
"GSM5483225",0.3632880428685,0.39263321285242,0.579515091838122,0.444117242042342,0.333694363308128,0.527866483078729
"GSM5483226",0.423018697395922,0.249478611600326,0.595055119058128,0.492012051501272,0.412509387575188,0.440600513696686
"GSM5483227",0.326654112984965,0.316519279080501,0.527232123167128,0.538062451187194,0.3563431010689,0.489831913128042
"GSM5483228",0.271545057008243,0.180120014182184,0.490059630779011,0.440100994994585,0.320676205875404,0.394819909785449
"GSM5483229",0.375682286807612,0.272341699185066,0.49937762377072,0.414131007719585,0.316393684498335,0.546138931103646
"GSM5483230",0.492826299613498,0.541811967856544,0.643363477366995,0.405034631428561,0.362809041735867,0.402049250287517
"GSM5483231",0.397743302320398,0.231638620755979,0.453599694299028,0.365649292441905,0.321465914620722,0.546137101737924
"GSM5483232",0.346723937312048,0.202420991260934,0.49009820379375,0.499035494364472,0.360751997315628,0.553130498624268
"GSM5483233",0.416507904722833,0.188702070079521,0.484108887292136,0.573046384792755,0.383666009292598,0.574124563683937
"GSM5483234",0.534732158345777,0.435521219642494,0.541965388535449,0.617518486749005,0.433216199542337,0.310192713045261
"GSM5483235",0.543374472561921,0.423368539703362,0.636453796313871,0.621994629625181,0.483608277071218,0.442415658397346
"GSM5483236",0.36458685824477,0.32909695396707,0.501264399030685,0.445735946430976,0.273801752098381,0.545418232816391
"GSM5483237",0.48785075801972,0.463824793472932,0.548966964644871,0.574552820083536,0.400470638751001,0.483356283454835
"GSM5483238",0.352711299518477,0.376837036885589,0.566147084939295,0.487182682278126,0.326621842086624,0.324143910203034
"GSM5483239",0.445316124991374,0.416015082353619,0.565168416524345,0.592464767432311,0.453559299527665,0.366200654530756
"GSM5483240",0.382617780427855,0.353367921388431,0.512319431071501,0.556211367145688,0.442594785120275,0.426607807339943
"GSM5483241",0.431928298548942,0.0552715616218638,0.469912988876051,0.570453832369036,0.376676958203875,0.520139992056317
"GSM5483242",0.543118259004898,0.516164455280426,0.639362399212869,0.71294097196534,0.499479620707292,0.385808483948338
"GSM5483243",0.511970708498623,0.475317535011896,0.572019952593106,0.555631906152263,0.496595485153314,0.336935184531431
"GSM5483244",0.30624337383403,0.35732305372281,0.592388286813995,0.384583493257217,0.309113263124836,0.433707019274769
"GSM5483245",0.41648581127864,0.320242308916405,0.519002173007229,0.522776703688627,0.348130577721949,0.556968819138904
"GSM5483246",0.347795349319593,0.0903226951533524,0.361116641589666,0.424034358566756,0.272300654569733,0.328222438269266
"GSM5483247",0.340708495654932,0.225541645504412,0.561587753317581,0.515927960001095,0.387755807058393,0.497465834281483
"GSM5483248",0.339416375837031,-0.0346368954240682,0.368132737438946,0.668383796068874,0.379209470989892,0.51983294665941
"GSM5483249",0.43320750498207,0.491211582266062,0.551792704371865,0.620189147516872,0.400619440870402,0.487244755184926
"GSM5483250",0.507119569274548,0.397436430433569,0.59465098653371,0.581653971785468,0.435695073815145,0.496115469367612
"GSM5483251",0.453988075578472,0.3901016078058,0.585048550260933,0.619718057022384,0.441500459091132,0.436680231827219
"GSM5483252",0.374485561628171,0.406971799257447,0.572319234373668,0.501641241963082,0.369720126903066,0.381988664987349
"GSM5483253",0.534291516077376,0.373872558177834,0.559143811129031,0.595565234614434,0.433147509010498,0.497634415025106
"GSM5483254",0.316857960450478,0.224007875977195,0.527228950936715,0.501108464975547,0.375179336393132,0.53514705377623
"GSM5483255",0.354182015179812,0.0205012676318222,0.387331093189841,0.487796337840167,0.270680170616501,0.380158955111508
"GSM5483256",0.40076047688427,0.376095887710177,0.609432678627472,0.632141832265463,0.432045985506186,0.423797334243427
"GSM5483257",0.34609975244652,0.322678760089536,0.462868178025295,0.455869155399171,0.333739344299213,0.344801645374555
"GSM5483258",0.293395973947499,0.262180522622272,0.454175859172741,0.388736888054048,0.300560174,0.494798706337914
"GSM5483259",0.429184937077884,0.333670931286778,0.5281964889886,0.595514451581201,0.426460561696333,0.488291926397352
"GSM5483260",0.309544583257886,-0.144017396369146,0.292398356980189,0.602038718857072,0.361549425485216,0.491062091463558
"GSM5483261",0.480486580488022,0.467946666442781,0.580341092753863,0.432827251857292,0.364568221675848,0.494919893998127
"GSM5483262",0.506086172762475,0.358425724904996,0.591491597396516,0.522797444030736,0.400493376004093,0.500296599241226
"GSM5483263",0.514943912277306,0.239661629514138,0.469343000408654,0.488711308601672,0.415227804929926,0.511640207706923
"GSM5483264",0.597689343676431,0.398099956786763,0.53754948895571,0.726389028773344,0.499556960242896,0.120283637542127
"GSM5483265",0.377043016365141,0.202722278545835,0.550088839985424,0.552490454917334,0.374761631311771,0.498846031316464
"GSM5483266",0.512769437015868,0.294915687375572,0.599310756476482,0.448549411277705,0.384570669537985,0.477674611720363
"GSM5483267",0.519013972624768,0.403680865117207,0.565244453403576,0.529549822394582,0.418440041568389,0.489895747289458
"GSM5483268",0.578600311248506,0.511607198517371,0.602037603881681,0.700204699546253,0.519863217534789,0.286286224452089
"GSM5483269",0.426706386909763,0.46131155447579,0.542570469763577,0.529802376279069,0.378999735208308,0.342241360741095
"GSM5483270",0.399613545703284,0.249382820108814,0.554554691202816,0.600150804157437,0.405326076493825,0.514158235666665
"GSM5483271",0.540544762304993,0.339455398735827,0.520849419781507,0.731933451017478,0.519854617268861,0.298400781667589
"GSM5483272",0.461840993086379,0.251327673218103,0.460376556067575,0.453394520973402,0.298120559432933,0.535654032994166
"GSM5483273",0.366527427173819,0.244621174027046,0.558298343666663,0.573720517047114,0.376008840254826,0.541621609768261
"GSM5483274",0.355177500560617,0.353033954934808,0.551851633208866,0.560263843571713,0.368524849526121,0.476857528177931
"GSM5483275",0.356687502001129,0.281620410251006,0.493804745472747,0.568944829653641,0.422992078412094,0.515949257034314
"GSM5483276",0.336943110855264,0.136905961582061,0.474801918240395,0.514011377123502,0.318415503107841,0.564135262599394
"GSM5483277",0.556345202053855,0.52745667347508,0.601505531520551,0.499171303200758,0.425455463114961,0.488343709721145
"GSM5483278",0.4988175802898,0.169571322367708,0.515053223837216,0.593317622772467,0.370877981536128,0.494583307639473
"GSM5483279",0.516990070438368,0.331253475926297,0.520372677613145,0.600508822861195,0.472573886490666,0.412275015567808
"GSM5483280",0.361015724283885,-0.22821155235938,0.279574419578858,0.605473889164779,0.387005499649225,0.56157944615447
"GSM5483281",0.476069922073033,0.296647514018131,0.519175752670416,0.665339308516612,0.406758494331489,0.454851353774481
"GSM5483282",0.484591209530331,0.38092424312074,0.531315355653553,0.69884901358987,0.484590831883876,0.227846999868853
"GSM5483283",0.539633938568201,0.331595445509079,0.502897537419431,0.741633701683982,0.470208944563014,0.440696575584342
"GSM5483284",0.355499715720906,0.228586468275162,0.507562638607149,0.366351547916536,0.310363070273311,0.450484829186029
"GSM5483285",0.433813123687057,0.378986863176541,0.566466393289274,0.45640309105467,0.345747314635499,0.469224541874241
"GSM5483286",0.569796235980046,0.520591147552365,0.613129778684568,0.601867441929813,0.452575159161279,0.341304026862752
"GSM5483287",0.490410171160857,0.367221365643564,0.520511713672451,0.628782493918134,0.430366784882196,0.349195188417212
"GSM5483288",0.479004474097896,0.404972334834552,0.523842800279294,0.718946665130596,0.518510155963352,0.344222989487314
"GSM5483289",0.374019861033497,-0.0139635451862754,0.439268686494746,0.535851549462764,0.424612212601473,0.563520075600196
"GSM5483290",0.523492747858918,0.4767213875132,0.628145582640917,0.590052923495184,0.436564410414424,0.437315524188318
"GSM5483291",0.59084443612706,0.381943849763442,0.530900768254276,0.554829638148095,0.426322286902809,0.402220656855876
"GSM5483292",0.323050834537082,0.280546838160154,0.546396499930992,0.51903655873484,0.345145851489235,0.498846063242851
"GSM5483293",0.44647081545155,0.286554797946017,0.577275538929137,0.45381878402784,0.398967770382867,0.496713024845551
"GSM5483294",0.467484633182334,0.428308024031087,0.649812553194338,0.659591609752943,0.439572256426454,0.377356303719348
"GSM5483295",0.593366723690259,0.612816474925903,0.648691999688193,0.501211219147977,0.433473384014898,0.371364003995161
"GSM5483296",0.394424330225087,-0.170933912040986,0.349141023060296,0.524898672640887,0.386695226646841,0.388883367153257
"GSM5483297",0.429268596573622,0.438424863838892,0.580697361715385,0.741039994240156,0.495208343727888,0.276417552313789
"GSM5483298",0.414769579454295,0.383995286629528,0.640987045994985,0.549181825656334,0.423843819322685,0.261324047729433
"GSM5483299",0.533517846848495,0.450510924830653,0.591405061036655,0.616706030216628,0.451909681311896,0.374011654073305
"GSM5483300",0.48715365738731,0.228569461329564,0.554205181940814,0.58453604632248,0.432999250020338,0.393971490214303
"GSM5483301",0.398944067046073,0.200473507095578,0.530092976248426,0.578553482528089,0.402158899661148,0.459433816116661
"GSM5483302",0.521236574509136,0.500879930910504,0.576106875858127,0.644357432876961,0.466989455049132,0.327357245114002
"GSM5483303",0.33422363436508,0.249972595132964,0.503972866946034,0.534879687952266,0.361059905158212,0.391590981740248
"GSM5483304",0.345383735032652,0.0987226243298664,0.493632782019077,0.603481201556879,0.391446257310186,0.513858335395205
"GSM5483305",0.530277559237936,0.462834089535796,0.65822039297667,0.556432038537565,0.426790821355606,0.405762833540587
"GSM5483306",0.543926230806843,0.465088387346268,0.654951932930002,0.555295187188643,0.413207524940548,0.339124046027456
"GSM5483307",0.373984921179488,0.27175080649007,0.574278408538584,0.470771541076507,0.385138190726354,0.504225322011118
"GSM5483308",0.310406476369667,0.255002960482637,0.382844866612752,0.293532656410134,0.288304010820583,0.251984881532521
"GSM5483309",0.372992303681655,0.328269313153898,0.425869772768536,0.364097829032989,0.30913849917529,0.456323123742756
"GSM5483310",0.35322225140379,0.25994040267064,0.508302485858499,0.479780709695448,0.370964834115812,0.488673542718239
"GSM5483311",0.399947972001643,0.109248676765499,0.529510888958984,0.577719836258552,0.375941847140009,0.413821710857633
"GSM5483312",0.364580942693725,0.269780217756007,0.497651805813567,0.453018789678175,0.312509345924093,0.51341153521394
"GSM5483313",0.278210380094012,-0.115855064326956,0.414190213573611,0.420377756372919,0.335089419762154,0.56272000956695
"GSM5483314",0.539468488103686,0.534832570818412,0.616587016812795,0.66444450239953,0.467762007491075,0.299196381746256
"GSM5483315",0.474570433905219,0.54277982431842,0.604709267643094,0.489143222325071,0.379139375808375,0.463231499256618
"GSM5483316",0.427146200592031,0.295703541484453,0.534736467640784,0.48913577344802,0.368282990803638,0.474532958035551
"GSM5483317",0.358766099806836,0.361384374325978,0.555291656121816,0.436098139117518,0.34369132865171,0.274669105016337
"GSM5483318",0.310330507061894,0.0161313676605158,0.332321492704402,0.0147755731211197,0.174228538190681,0.117775340367387
"GSM5483319",0.483577739492707,0.346312066365208,0.57063816970172,0.686729314655856,0.443755922697428,0.413185486799674
"GSM5483320",0.444667016785046,0.425499698210745,0.592344912609868,0.713819474831251,0.474143904633548,0.358570938062548
"GSM5483321",0.522987236797216,0.346302398931764,0.550326053068693,0.539686868596537,0.399861709104301,0.372177299960422
"GSM5483322",0.405178475417286,0.140496937546887,0.543589671648587,0.419586308664855,0.389985846771915,0.482250637360222
"GSM5483323",0.387383405175842,0.463531471910521,0.58332394474549,0.45301350646749,0.349685982884388,0.358059044816488
"GSM5483324",0.408249898344178,0.482588761175181,0.578482865520905,0.442478135527582,0.346447040386076,0.44339623534249
"GSM5483325",0.398653882787579,0.376032829502082,0.541087500929163,0.511818105232973,0.362761480453019,0.0947162920817201
"GSM5483326",0.370332643559311,0.270013616687957,0.566609239092314,0.477174633789137,0.35173060079162,0.377708689678963
"GSM5483327",0.601352269753268,0.528246073846256,0.679365119697365,0.631376072505111,0.490823010409216,0.300119772312209
"GSM5483328",0.494454572319675,0.199926742348464,0.491486171775526,0.104117229237921,0.168280609057723,0.473119938244899
"GSM5483329",0.44454931603592,0.456230748841306,0.597054753668857,0.606208110956808,0.416306069412622,0.294782068067576
"GSM5483330",0.340076194750673,0.214419157407253,0.573312233748075,0.541996353027343,0.366717894298923,0.459137320703305
"GSM5483331",0.456668717862588,0.415538893793872,0.567329611920922,0.409567690370163,0.331656042523457,0.520686319665678
"GSM5483332",0.377280569872418,0.308306319138671,0.596005127524083,0.395756231540444,0.2877176999366,0.503691102155251
"GSM5483333",0.511096166732137,0.454808989714264,0.57799269458306,0.550036704935503,0.443205474857926,0.140691667736923
"GSM5483334",0.472942324027099,0.430287487186578,0.604286523514079,0.45450086003728,0.405382054558475,0.456478557506053
"GSM5483335",0.388827174289689,0.435522536286273,0.571851149321853,0.644806416165177,0.440871679618888,0.223784744891798
"GSM5483336",0.208623151711091,-0.0418863858802933,0.389001234181304,0.340894034344439,0.223745540978495,0.595656521201752
"GSM5483337",0.488161817690627,0.288940424479249,0.553221261329743,0.691558727498439,0.462065274962326,0.481339669657267
"GSM5483338",0.516174486590623,0.44874464167822,0.620010126885277,0.645891294089804,0.420888947742957,0.40724186838438
"GSM5483339",0.360752232010996,0.402933292778049,0.623730591784292,0.469958173278986,0.377415297767581,0.246720305602058
"GSM5483340",0.39360122245412,0.216622112257381,0.558127153317684,0.427841301068175,0.356611395784879,0.463706986314811
"GSM5483341",0.331990929069058,0.35728367083776,0.528787901000727,0.624412471140603,0.403926011086862,0.391044675313189
"GSM5483342",0.455023496341972,0.428682490143118,0.616513332261486,0.513429767376206,0.375700457282663,0.475125449864504
"GSM5483343",0.447512251573795,0.510900795637614,0.589760933118331,0.334017996450338,0.316541967685233,0.412463789424722
"GSM5483344",0.468302151166055,0.415952449179713,0.575252297150947,0.407299786789875,0.365433377638979,0.512282099547779
"GSM5483345",0.495675649993611,0.373416805758436,0.589528775942881,0.577894830694585,0.415668807655243,0.559122230646607
"GSM5483346",0.535127850144597,0.538776500006572,0.622039967540164,0.473920586402549,0.417704736415631,0.204302230846487
"GSM5483347",0.534203437501671,0.266141604758063,0.552115247809902,0.669419204361739,0.431145152711133,0.437482660178911
"GSM5483348",0.547801610804504,0.526082661253691,0.627157681317053,0.397974620943628,0.373254521100444,0.350449929589968
"GSM5483349",0.387034727707379,0.20735452157633,0.423482053110993,0.550135343585021,0.409372197852738,0.38166741909258
"GSM5483350",0.368748396780229,0.219471550766373,0.504072313169331,0.410663766955409,0.296794499369431,0.530130730413879
"GSM5483351",0.407230810134049,0.353770732217348,0.585397694724348,0.411368338255507,0.357781248888349,0.463681507095934
"GSM5483352",0.37010132446872,0.284936988491252,0.586963684519942,0.464336906033437,0.392076616721557,0.527675200190404
"GSM5483353",0.542970808336111,0.399523771630032,0.568844804361071,0.440090885422031,0.362872000604495,0.480710952923998
"GSM5483354",0.490807910628244,0.46776431438201,0.566797108475071,0.536517094053199,0.393648602777925,0.401173569036455
"GSM5483355",0.342945510367547,0.0692392185362644,0.435711047966399,0.421737860199754,0.35195603876997,0.455135287360915
"GSM5483356",0.579988087586133,0.496606474475564,0.676234124822601,0.460973620892317,0.374472557030131,0.358328416268367
"GSM5483357",0.500957213512977,0.523512120962301,0.619628865554595,0.477167737590647,0.372447512291842,0.470894740422836
"GSM5483358",0.361139748320703,0.308687458671437,0.567993375794021,0.539367880334695,0.411781440334265,0.475875672881601
"GSM5483359",0.543719067539197,0.556666759282292,0.599637360872975,0.41957318714938,0.353075767189768,0.376187714458805
"GSM5483360",0.366518645143409,0.475351392847104,0.63541754430094,0.294053601476978,0.293698086133315,0.434976055069347
"GSM5483361",0.468604630063629,0.265699415971361,0.456379314179059,0.418699605144182,0.287327560303475,0.261531933828929
"GSM5483362",0.526498931278599,0.424274505544541,0.563722485991135,0.421296667983002,0.341140166396561,0.463663887643524
"GSM5483363",0.295523986876149,0.30468728221272,0.558704968250762,0.523891603515725,0.365434246711572,0.338721934847206
"GSM5483364",0.298644473683457,0.396832427207928,0.557990097623831,0.423142555089255,0.329215786192588,0.457707701837246
"GSM5483365",0.527905298803126,0.303895335754228,0.557445744389512,0.71111616902741,0.468060218999576,0.433619464995106
"GSM5483366",0.45334991961192,0.317272238428668,0.557249915269805,0.472522216490162,0.364461285376105,0.365023641595746
"GSM5483367",0.42648759584942,0.287756381824367,0.609086056220182,0.491663972846611,0.361562407547291,0.544727835086021
"GSM5483368",0.416394809946109,0.264197474697516,0.611402312070644,0.600177753173251,0.409308152651118,0.473854376809357
"GSM5483369",0.392518247352723,0.394067415872642,0.618638332016193,0.416036918107534,0.366557901427374,0.46129881214301
"GSM5483370",0.526120630861263,0.288046210501108,0.518358613368685,0.580918395258098,0.245867902269326,0.297873231125775
"GSM5483371",0.575290206797376,0.42825611436134,0.535932964295906,0.445347512387368,0.4232619332589,0.204814962132822
"GSM5483372",0.413053332069476,0.392873544896584,0.59616170214725,0.496010621302474,0.373613439737868,0.425929248801001
"GSM5483373",0.509222246541942,0.524160391596151,0.64226673343341,0.500230661089966,0.398547398557284,0.491974534595544
"GSM5483374",0.445659510350068,0.156513585709048,0.611644527137219,0.425565427017485,0.349478108257963,0.356462788527862
"GSM5483375",0.325757382470633,0.265690871124748,0.604408677394918,0.363516270563607,0.271931050011927,0.514251413125975
"GSM5483376",0.441774201254827,0.205117771245686,0.584484454316315,0.509517171777259,0.381169860017723,0.508281761784023
"GSM5483377",0.5428295586088,0.394854966477699,0.514819087618818,0.739043603018512,0.516093822779443,0.219892632149516
"GSM5483378",0.383308065435889,0.40923906440568,0.612933964887087,0.426466505061358,0.343280235219755,0.386830954254116
"GSM5483379",0.462509343973115,0.392513186171241,0.554835899309828,0.423150956268952,0.347523592494558,0.48087779613287
"GSM5483380",0.332570733398864,0.383203183736395,0.524091927975606,0.304823530459343,0.275596772350479,0.381174104278574
"GSM5483381",0.545305218138619,-0.0930888059149319,0.384959413614834,0.765883844581681,0.4952300395965,0.0189677066731499
"GSM5483382",0.471875785713989,0.457896368525203,0.612026337475507,0.549092061601382,0.412948237253666,0.405859220022689
"GSM5483383",0.344853619628265,0.0436076745527634,0.403295470121849,0.469148370427484,0.381064162539522,0.538196338805166
"GSM5483384",0.521504248136828,0.387181595232669,0.555901358617875,0.660388450433524,0.445976624072104,0.469208161231574
"GSM5483385",0.50610640340073,0.424710296993984,0.502375441818974,0.521602253561032,0.395704433536561,0.182491403843583
"GSM5483386",0.527188468417492,0.573612910974168,0.607840258777079,0.4566051424302,0.393011948189878,0.329039550886084
"GSM5483387",0.493166036662405,0.358185456312778,0.517493405480202,0.515823313399585,0.376575783488375,0.530665581778428
"GSM5483388",0.420182282789588,0.225009275486692,0.447445948205938,0.382772236812084,0.297340603109564,0.561060778652546
"GSM5483389",0.474014451798821,0.422719366993644,0.503428106614319,0.662055290429268,0.443979999602268,0.391796364265763
"GSM5483390",0.40074752424762,0.239453278562557,0.479972429846145,0.472442534202724,0.333969395081798,0.486252019059659
"GSM5483391",0.41715327585799,0.269639153848402,0.604615719141791,0.449758265816853,0.383989663024492,0.482598431750906
"GSM5483392",0.511410659949597,0.197879351590498,0.503598652916546,0.632258227548418,0.382978370564188,0.393307410776462
"GSM5483393",0.544305902707959,0.439642647608939,0.607652312146773,0.550958404819564,0.440293829983442,0.479308201113755
"GSM5483394",0.439983927716452,0.347290377156137,0.562870342157051,0.557210763278957,0.366837943205445,0.42546864050779
"GSM5483395",0.27362085377218,0.076412368674664,0.455697670279969,0.35502491631733,0.267046812576218,0.520521866701496
"GSM5483396",0.5293708590296,0.577285788863185,0.583017802699483,0.591434583879221,0.422906175562599,0.398223400881118
"GSM5483397",0.583779818031414,0.448885997772287,0.653203968826279,0.556724973621087,0.466628211410885,0.34592661324058
"GSM5483398",0.364757965792153,0.313866923695317,0.552549200779557,0.641219423079921,0.420935738288424,0.461972994159837
"GSM5483399",0.323525572394306,0.279364754796318,0.45814921686632,0.557207849662493,0.440277239410039,0.272761704687175
"GSM5483400",0.44013240550053,0.459242341542273,0.530595587109284,0.473096795428999,0.346354626301115,0.332095202632577
"GSM5483401",0.467352599793185,0.27970474201912,0.563682264443215,0.402030629711107,0.3480046754366,0.481194027551234
"GSM5483402",0.425457706855147,0.389826157162444,0.52863044044862,0.353662381877464,0.292867792261076,0.446238071060764
"GSM5483403",0.375032865024982,0.282449203379544,0.523405077903818,0.377164311540836,0.271027354536109,0.555089431214225
"GSM5483404",0.449989304866374,0.292475491374726,0.380836155765666,0.651591898123722,0.408188697274882,0.455026051287527
"GSM5483405",0.467832705054276,0.457292993651064,0.605970909112384,0.556874642185201,0.424705649801597,0.481067717257506
"GSM5483406",0.348136815992045,0.238477531214646,0.470578302498186,0.418409555259436,0.383301649154668,0.401845766179005
"GSM5483407",0.403971542116617,0.167691197159259,0.487754293053218,0.58773947793974,0.376219256263482,0.274870303856054
"GSM5483408",0.360362925041236,0.334702627127983,0.551799292436351,0.480275821771805,0.339114412403921,0.499629317229311
"GSM5483409",0.507676858410712,0.582839795327959,0.580782155865412,0.571346629285527,0.421714398243771,0.298390304641755
"GSM5483410",0.3814251619358,0.310801548925743,0.418188822522058,0.396525220326051,0.325887823603435,0.506420963439768
"GSM5483411",0.311034498625748,0.275136795190001,0.504091400616981,0.231213272342477,0.267344526290685,0.456234644079333
"GSM5483412",0.490216303080131,0.131819662495825,0.475697566421693,0.693794596508578,0.429975959024149,0.345472324032128
"GSM5483413",0.312750362762554,0.338839100545576,0.524181172285468,0.351770420171091,0.311370718074415,0.243550678548763
"GSM5483414",0.436664219947604,0.342582922136697,0.64488768366342,0.349392545690653,0.29033922211657,0.400565556860016
"GSM5483415",0.34759936378379,0.164541125349835,0.492056646328597,0.564435003990618,0.351036081445603,0.453080195061762
"GSM5483416",0.44776863923794,0.24187978297538,0.522931949123778,0.515749706661492,0.342877464088703,0.4892218982725
"GSM5483417",0.441311376129488,0.428178001512549,0.567533013404514,0.503338149162412,0.373298970985726,0.363649712357856
"GSM5483418",0.39962824353582,0.209058193216429,0.511298779225959,0.518156596362595,0.385238367405456,0.460474368887877
"GSM5483419",0.481048680547982,0.458820624798521,0.568750795719685,0.538733666449488,0.380358819541029,0.421370526567626
"GSM5483420",0.539073527451129,0.503691768621741,0.604685743288437,0.623106946934119,0.488843976091326,0.343293578232838
"GSM5483421",0.407022035209747,0.268735728595321,0.567745913885083,0.592482803149004,0.422638192916407,0.516962397315975
"GSM5483422",0.567860625671978,0.12445347664943,0.521561496597098,0.77178844764062,0.576086944965403,0.247686168900618
"GSM5483423",0.383360849867989,0.279327444040506,0.511624764451477,0.478566417798154,0.395367076250361,0.334337238241968
"GSM5483424",0.477358501694952,0.392774034471299,0.580878554653749,0.687787786210893,0.46321467573515,0.326900815141897
"GSM5483425",0.536244265391235,0.282993403855621,0.477221231919187,0.745361565643614,0.49624115401413,0.105969680569845
"GSM5483426",0.379663687535036,0.445849352147459,0.56321437760268,0.514938283320938,0.376210802500457,0.45422732153956
"GSM5483427",0.432663890094776,0.481726129446871,0.590466150420673,0.524695151080099,0.388361209536458,0.406880198675272
"GSM5483428",0.454804671048812,0.382268907943756,0.573346830982469,0.491431176619243,0.370368177555631,0.467874634393166
"GSM5483429",0.39882336646999,0.296528365155793,0.542901370976783,0.512877898915639,0.371676590709105,0.393196271599933
"GSM5483430",0.504644294937376,0.570383508834312,0.642365325523156,0.411774312009561,0.372824004339816,0.358471745535131
"GSM5483431",0.520174218950769,-0.00136032407648832,0.486000931749176,0.750097352497006,0.512055895588528,0.234119228418513
"GSM5483432",0.398511972069675,0.439954490656853,0.575782257902858,0.626414052791758,0.430289575061318,0.385546441718912
"GSM5483433",0.546130531283606,0.442521034518684,0.522403239855627,0.586563001707459,0.431867892205442,0.415748019354771
"GSM5483434",0.510214725252976,0.421563862655863,0.522790197296764,0.659433458807963,0.46469309903569,0.293878789178528
"GSM5483435",0.440091850078015,0.351561372343486,0.540704957493738,0.510187418673526,0.373982024680393,0.497415173424437
"GSM5483436",0.512417301973678,0.469527955996062,0.495418506026334,0.4876121980667,0.346239175933399,0.376392955626077
"GSM5483437",0.553507776757623,0.52329807008361,0.605576916943289,0.391394848695245,0.339471144922908,0.476251012969037
"GSM5483438",0.47406193284959,0.3914651819454,0.572377678456513,0.403206637871701,0.339305387417471,0.517566976901844
"GSM5483439",0.385973075535787,0.460560436968811,0.574477965773118,0.45522333505053,0.322779067672202,0.360034402051267
"GSM5483440",0.373678144738879,0.309497728374787,0.503859920100888,0.661636766378473,0.427301068467807,0.3944963559774
"GSM5483441",0.474948057110846,0.354072202598678,0.530491622255225,0.633543042040381,0.477461272723751,0.41338820279504
"GSM5483442",0.40110857819943,0.335399395029186,0.494521288428098,0.517544728234951,0.361999378780425,0.383322796064745
"GSM5483443",0.390968807912088,0.17232855249596,0.389860086858772,0.43776198171459,0.340917612447225,0.559349907138124
"GSM5483444",0.339041940690696,0.378279240196269,0.477474996862678,0.41574039603493,0.341609475064414,0.412425804493361
"GSM5483445",0.419427102962213,0.313110419679826,0.448797237239973,0.456958453244693,0.377258086555776,0.443552902042163
"GSM5483446",0.389510646565072,0.210851143432379,0.53462643356759,0.533570177133315,0.365131767153957,0.492309058401835
"GSM5483447",0.491655992391385,0.245403752695179,0.556979680273672,0.477335404670495,0.360725733461409,0.542844812591176
"GSM5483448",0.386324154536787,0.326210195763046,0.573215534270081,0.639681621417293,0.430974110563675,0.375413315578068
"GSM5483449",0.447581953383661,0.482112056901847,0.619105826357157,0.495661092114835,0.398844214755078,0.267178199376652
"GSM5483450",0.399211291797039,0.338091624437093,0.578089925257875,0.388738476024948,0.350047545741939,0.485623583918799
"GSM5483451",0.320460733498097,0.273964363820635,0.478853271501329,0.461996980479941,0.322796173686109,0.453716552468875
"GSM5483452",0.500460636771345,0.307623506379592,0.631637955085387,0.590820247120618,0.416007116543451,0.472238708810006
"GSM5483453",0.502221950101338,0.48873734977025,0.570268703927511,0.482074370318587,0.378605541033521,0.404737493088071
"GSM5483454",0.414079818351285,0.396380432811939,0.564892469656356,0.663176929048702,0.438666646466876,0.432998812199541
"GSM5483455",0.520774188153131,0.36101637631794,0.621903156718622,0.581681423941956,0.376701851567494,0.44233617588962
"GSM5483456",0.434157311664177,0.30821723769934,0.542606858511787,0.470422852526654,0.393015666934239,0.492948549485297
"GSM5483457",0.508932838827615,0.492570413361088,0.52419409901779,0.458781325052776,0.385091613823484,0.469492432995235
"GSM5483458",0.32474997154274,0.425612375723428,0.535520222202081,0.362158772388004,0.31485468792599,0.522954636789375
"GSM5483459",0.393452259930554,0.311324955974499,0.491957895004446,0.552435360840003,0.384723943772514,0.499621336611286
"GSM5483460",0.548176740403072,0.594551282277119,0.649042892337718,0.538469332493509,0.417081310172559,0.276445626509915
"GSM5483461",0.280025747723483,0.33667403941413,0.51584440460525,0.369046188296647,0.258706805145642,0.52874527350842
"GSM5483462",0.488033717734775,0.329656942169135,0.587906716108051,0.479261214530534,0.349979035433046,0.546658513406669
"GSM5483463",0.373725141457675,-0.0730408095305006,0.453643728478275,0.581733277365379,0.368425642671201,0.473927362310184
"GSM5483464",0.50352073190556,0.325976468289054,0.57873683409784,0.398691344176426,0.332494857395239,0.474641063460056
"GSM5483465",0.420840002105996,0.314161659401002,0.519933314214554,0.360834880710595,0.320581901541045,0.50314883400872
"GSM5483466",0.338958744556162,0.265485463429083,0.585013335725357,0.540104902712924,0.367116863294533,0.336439718128801
"GSM5483467",0.387783707474026,0.237652166668681,0.536721462080715,0.561492434833377,0.336266638355796,0.495379247635446
"GSM5483468",0.547607065033786,0.550648977554387,0.684056782969179,0.433218897449202,0.404930713163571,0.25605922477925
"GSM5483469",0.613629892279504,0.255272129991915,0.520782641054374,0.746156609714288,0.477855968389808,0.15328875412446
"GSM5483470",0.444779623559104,0.13829147853869,0.466366773968942,0.274770804326213,0.214584406974427,0.54215394854349
"GSM5483471",0.541161324319268,0.423926929942922,0.624222894927143,0.507036258095124,0.368838236771586,0.439970387082491
"GSM5483472",0.394502395230702,0.393763143648402,0.477904597990462,0.48922346315905,0.365975445136048,0.434056526884083
"GSM5483473",0.298625853712566,0.227993368936628,0.553334774276155,0.587640345033696,0.386740497386857,0.436662035491705
"GSM5483474",0.410279535536548,0.272294191717511,0.464750983659903,0.443796149695654,0.335731967009857,0.574971985188498
"GSM5483475",0.318864533654389,0.149627808433687,0.486819722698257,0.458735705462477,0.376842896866647,0.515424388769284
"GSM5483476",0.49914397451584,0.416818213587086,0.5714061269858,0.481957293596684,0.436974083659872,0.438403371263947
"GSM5483477",0.527453875531228,0.476576469772376,0.594957574833337,0.361346536363342,0.3767333716803,0.492440012067164
"GSM5483478",0.515030373978614,0.276996572769791,0.566902698992832,0.653232730564927,0.437025845398511,0.454954768948917
"GSM5483479",0.482963166631396,0.256877597634279,0.485402528974171,0.695470833086369,0.476767497873331,0.433314907752688
"GSM5483480",0.429916974118092,0.377503626592707,0.553634560713043,0.451658622238065,0.369277822114649,0.493784418560343
"GSM5483481",0.543752102879795,0.539871013212762,0.554163579802344,0.466985973796404,0.396453879593679,0.361877494305211
"GSM5483482",0.497274088823804,0.487865623628909,0.617668173613152,0.405201218542016,0.355629498199516,0.504128563718417
"GSM5483483",0.593914194912688,0.540935823127454,0.625016008679737,0.480214923233799,0.436067987773959,0.313713999627658
"GSM5483484",0.565175391464896,0.42971939393212,0.600335500974442,0.63728856326998,0.456430737591853,0.456025039087467
"GSM5483485",0.424866162341181,0.358842571963995,0.494581845573252,0.509712510974559,0.397150232095476,0.442882042474325
"GSM5483486",0.515322385338973,0.397091954799991,0.521610948486652,0.690830748652025,0.446341669345348,0.425101418837757
"GSM5483487",0.425095236647523,0.490333363329128,0.552145666498941,0.429178841245615,0.363879624099377,0.380915648097777
"GSM5483488",0.586036884661625,0.565853396884413,0.585289608339627,0.551975721120751,0.468799476035078,0.305252023839041
"GSM5483489",0.377446496876279,0.252728637205075,0.40317189244037,0.520038530168613,0.425675209323859,0.358281027568936
"GSM5483490",0.407781401510011,0.249913653239264,0.438907785475313,0.462893267374572,0.310577669178552,0.480291096296203
"GSM5483491",0.377825217387096,0.37391335013117,0.458221072971923,0.27709764445701,0.269922892641327,0.496920829563434
"GSM5483492",0.432126433796279,0.226128004640641,0.474184549006839,0.583512430496379,0.419235412832237,0.495340952428086
"GSM5483493",0.483181998634249,0.327395279593713,0.54794960716446,0.594433763072987,0.466051460073731,0.475702561222615
"GSM5483494",0.399854491244061,0.133637710443004,0.441298201523617,0.478623350803458,0.303927432519993,0.536236842784603
"GSM5483495",0.349247085588664,0.260482745657821,0.47468887668995,0.415049960569662,0.320360592075655,0.487545719231046
"GSM5483496",0.501193944393919,0.570943278012739,0.520245457717771,0.376680471500605,0.307476449518375,0.257416124896947
"GSM5483497",0.540770115658072,0.573019811282575,0.51413465804299,0.400952335756266,0.369908574731648,0.375694017359689
"GSM5483498",0.484143346001336,0.49967925537694,0.524543317337052,0.336678338118013,0.342313164004498,0.435865670851172
"GSM5483499",0.337608799421901,0.184909750982572,0.4797026661387,0.489642332500224,0.417421648205469,0.480617814593318
"GSM5483500",0.540107958045093,0.537655499532645,0.54897226554398,0.491566632487858,0.423529831616162,0.316059086128134
"GSM5483501",0.355410125079251,0.298787602076586,0.568675483757848,0.448922580118086,0.34013794994847,0.41404781786098
"GSM5483502",0.509626790254988,0.539253847573524,0.578409254689974,0.617150584131639,0.453999329710633,0.152492644488755
"GSM5483503",0.393682115012336,0.165825458880565,0.482155416922091,0.56573684832203,0.393446146683629,0.400022436114745
"GSM5483504",0.458858151417312,0.371896634880389,0.535155539776213,0.600084778093993,0.436299930691756,0.487603334036046
"GSM5483505",0.270672047188997,0.130984096111542,0.465634806326168,0.267290112498514,0.188233600933953,0.48058804190017
"GSM5483506",0.353930025180536,0.246740293913119,0.512173245005096,0.450970919650645,0.355725334465723,0.492825818045071
"GSM5483507",0.432955302562043,0.164927745152486,0.457744437149959,0.42972591629592,0.285622493810056,0.495669289631758
"GSM5483508",0.417859072818044,0.264260960764624,0.507698501102477,0.601984492862539,0.460600286851396,0.445655840375846
"GSM5483509",0.375157659573043,0.224754389380309,0.49757041746811,0.552755444718549,0.369283402499336,0.468856622908247
"GSM5483510",0.473593644753471,0.390577930850336,0.545228014728642,0.36929919918202,0.349755550879712,0.453265389885912
"GSM5483511",0.371390290896497,0.2507031420829,0.495795399279969,0.399169037698601,0.317323063416477,0.455246304368678
"GSM5483512",0.434929851391626,0.379324090644083,0.521836797488982,0.384638222312685,0.284478085550129,0.43660145774816
"GSM5483513",0.505391270331117,0.389303439960133,0.496967460816572,0.629770871623849,0.453281277661314,0.378333628823551
"GSM5483514",0.483324653859084,0.425282611443001,0.592057485003287,0.381094917208176,0.324026465246028,0.464480509246601
"GSM5483515",0.469949460931745,0.390417130869449,0.526002435050028,0.695654142778349,0.4827088043316,0.428866170299477
"GSM5483516",0.47139756452779,0.489431224328705,0.566433183234547,0.453170890676377,0.373156432276838,0.321877641351056
"GSM5483517",0.395538696577198,0.443384747371075,0.458957344565904,0.617452868043372,0.421548201476533,0.396552934387987
"GSM5483518",0.487027063150846,0.532674196157249,0.591444658655209,0.381713407211094,0.352745931398683,0.324633439271223
"GSM5483519",0.50217853717087,0.557401845503357,0.579495376642153,0.56056878100239,0.438846939020667,0.411972671249051
"GSM5483520",0.332192203230979,0.319535359100704,0.506175103632433,0.405690790315127,0.296141531742423,0.479904514443574
"GSM5483521",0.366267925277186,0.216104764273821,0.523213981835414,0.511637050426797,0.361463881693411,0.469059765586627
"GSM5483522",0.414833435629137,0.412271368714851,0.518270698548651,0.680520743277887,0.440657266603587,0.253895792717538
"GSM5483523",0.472889582052619,0.335731571853413,0.580372908975917,0.600477294208978,0.430885130274595,0.493381342085964
"GSM5483524",0.369788768340335,0.330883996617079,0.474331787558338,0.709783977201804,0.48963627873256,0.227159062115494
"GSM5483525",0.423543363601341,0.265932950269444,0.504549641599212,0.599234754692357,0.415647680189736,0.5474110744939
"GSM5483526",0.47312495746592,0.467684911870182,0.555581960347096,0.601149076031643,0.431397082793814,0.42239073507344
"GSM5483527",0.512389740313388,0.436160291756208,0.592001454570427,0.578612727592218,0.438850932699524,0.409305910268873
"GSM5483528",0.389910241793872,0.356333454510356,0.563721232279888,0.688976340238416,0.449018894657953,0.46762631202246
"GSM5483529",0.303349738187059,0.254089316900554,0.466355228117028,0.452990919971097,0.377767621520792,0.419649869520157
"GSM5483530",0.406715140357279,0.335833843092627,0.464097855314232,0.440912114858292,0.331862968069071,0.472010690017306
"GSM5483531",0.475976436682301,0.307157634461123,0.506722887665945,0.470358296171447,0.359680347988373,0.470349639642815
"GSM5483532",0.373451921391848,0.196564380298094,0.47451293800978,0.601270153514377,0.406394896543692,0.475746306134229
"GSM5483533",0.418251377897443,0.346419949189402,0.532042856863952,0.637929183171596,0.450430193230538,0.401217230685983
"GSM5483534",0.431437739724014,0.393606373134398,0.507726124778363,0.612322431560691,0.382795919400962,0.413071500660596
"GSM5483535",0.466058501398163,0.216127788324485,0.533326720045698,0.459055318091226,0.347407918376089,0.349632301332003
"GSM5483536",0.495895527603945,0.365439073273806,0.547491592937986,0.646772445571074,0.477391696643349,0.490055813395239
"GSM5483537",0.510040998381029,0.378193035542706,0.537380215352221,0.510489951645575,0.409858707428748,0.453381345571178
"GSM5483538",0.391304812616088,0.36607738377477,0.544423932566896,0.489886896964941,0.336909953736228,0.485303173441853
"GSM5483539",0.494396177817811,0.428641860734156,0.55417594952819,0.539430675738216,0.380723642340557,0.428205560926263
"GSM5483540",0.537730829322756,0.486790944900803,0.585740688318898,0.499857429438473,0.391652383208122,0.420401174020146
"GSM5483541",0.455334810003117,0.228079491071195,0.452023796571579,0.580792393999746,0.365891633716869,0.486181218768445
"GSM5483542",0.37771443825034,0.16070149408604,0.508565938459405,0.5625622334463,0.420014728869673,0.494091025041131
"GSM5483543",0.364902701039438,0.19736873918546,0.44074676207041,0.444181163682452,0.345761044959014,0.505817125609756
"GSM5483544",0.370008054432515,0.465553280394047,0.486865093515332,0.393060458052841,0.351015609853041,0.46702747005702
"GSM5483545",0.543983265655805,0.382378332981025,0.559480460146716,0.559457137738995,0.476304252944852,0.461691124892427
"GSM5483546",0.167100901123685,0.087657002064539,0.129056974863703,0.265740717575381,0.223649543991319,0.279192493603321
"GSM5483547",0.472106286496847,0.336974042254312,0.536776191138306,0.473380258954438,0.35525883119596,0.445050715284125
"GSM5483548",0.477457705090196,0.453851991006014,0.548197673028119,0.635988653841062,0.452681534372076,0.395238456918422
"GSM5483549",0.475453784022598,0.398883137547017,0.528271415319059,0.533279080192478,0.371355229219551,0.420600497170358
"GSM5483550",0.442469842376845,0.330162035795363,0.477775025284417,0.595246161676159,0.43025121510104,0.501722859708866
"GSM5483551",0.403583620648621,0.283766667193683,0.434544454563133,0.350243288503101,0.29148038429731,0.411809577578871
"GSM5483552",0.239476656401188,0.220137732251999,0.451439769982229,0.523828893633949,0.342869912335249,0.540401211746246
"GSM5483553",0.268375288984036,0.356150125551585,0.502026112223504,0.329845207948306,0.297973457080473,0.418533087524516
"GSM5483554",0.484140331115043,0.447867414751744,0.555079628705677,0.645250620343617,0.465375279137881,0.392031817611613
"GSM5483555",0.428968266700824,0.466455981607832,0.610467908712476,0.376376109681638,0.373168472247858,0.380603714472785
"GSM5483556",0.385199384010174,0.447649218678542,0.574601411384878,0.408852789172725,0.346791010572435,0.369843444525261
"GSM5483557",0.516575340082761,0.472747388031212,0.594370798037725,0.651797290981053,0.488861195969907,0.360096336319187
"GSM5483558",0.544083792914715,0.459766098071379,0.574399278414306,0.612124866681002,0.460664231673792,0.340291247355739
"GSM5483559",0.357444064501635,0.125855935856386,0.425441203290341,0.578124746279196,0.369031845494442,0.47959529533649
"GSM5483560",0.573286903604805,0.429209101444981,0.539732591157449,0.722459384405058,0.523511091418747,0.406534945589322
"GSM5483561",0.437837535801676,0.519780257817776,0.516487017646149,0.387364439489484,0.355371035390341,0.43479339548739
"GSM5483562",0.584407758676695,0.576563153218302,0.615187239888233,0.485416606192122,0.41283574737676,0.301746764014284
"GSM5483563",0.544818168014565,0.47158229376689,0.6186608650367,0.34334152478142,0.330967790835154,0.42963784690867
"GSM5483564",0.500677492276693,0.447887500936738,0.581958693369231,0.581975251285207,0.432604454804132,0.315995669378855
"GSM5483565",0.334161908662197,0.225307682371274,0.450871423003542,0.324350255457054,0.248857406198477,0.550248994851952
"GSM5483566",0.342594604402081,0.368607365858674,0.326964322991122,0.392762996913142,0.290237738922224,0.219067535865602
"GSM5483567",0.447574597642848,0.393083153661813,0.59103163830222,0.56819907550269,0.410833510690701,0.48641924217238
"GSM5483568",0.32776685585816,-0.0694487403528913,0.330710006096814,0.369430151148264,0.204198259569186,0.368247538266572
"GSM5483569",0.487403869131764,0.12581170925488,0.520705528525749,0.618051046340418,0.364484593164322,0.475446309172557
"GSM5483570",0.322613830130566,0.107612355658167,0.27581104952482,0.47564801272464,0.324679002078737,0.388871382934736
"GSM5483571",0.422036239461449,0.335395302194748,0.366860632161727,0.454526216025452,0.332524418065229,0.43176973542868
"GSM5483572",0.435191875505355,0.196286970129682,0.380449924056206,0.53150051196516,0.312784263340436,0.539533789088286
"GSM5483573",0.51394564375238,0.263482210908946,0.474371187540913,0.632384300960958,0.392961223730744,0.485725619997009
"GSM5483574",0.373186236943039,0.109719667015205,0.372770365278821,0.517846846666864,0.299522860557302,0.36175162859625
"GSM5483575",0.272734877922311,0.180240521331501,0.390454661820503,0.00603024654524443,0.0183392283376224,0.579653078201931
"GSM5483576",0.298591740460703,0.0805753014391855,0.396040420280632,0.324768955063158,0.212543957717103,0.51366212642447
"GSM5483577",0.33881810147645,0.261763914325534,0.451215338219566,0.513386918530074,0.318918200606718,0.150548567473244
"GSM5483578",0.316675954628902,-0.0205390347530259,0.399620547924455,0.587136347921158,0.347462099907541,0.510991253126639
"GSM5483579",0.436740710231707,0.100269319994512,0.405908202872003,0.686781338567212,0.478389633443452,0.198087632051955
"GSM5483580",0.478961463189075,0.359925674898082,0.618612775526103,0.561679248928949,0.41195724376078,0.443426731673924
"GSM5483581",0.580627676797482,0.488974700439035,0.605311142218796,0.513651294120355,0.409277822194382,0.470990610381532
"GSM5483582",0.376618964499888,0.37323301732189,0.50201801414699,0.387510193622544,0.312398267623601,0.530289040491437
"GSM5483583",0.361070500963414,0.356994969978281,0.476705864911102,0.430935469814983,0.357769418759347,0.302049823828681
"GSM5483584",0.216627846820282,0.11873363165566,0.166813661206392,0.143848132199601,0.228392942531327,-0.0028791148954829
"GSM5483585",0.51028147955704,0.31358268034676,0.490220805741326,0.583950677354474,0.448101254857389,0.485604121761892
"GSM5483586",0.38666124940149,0.233824678399012,0.359292618085679,0.551238436107623,0.344899221913665,0.446725537769948
"GSM5483587",0.421286879865449,0.313752910811857,0.483207629874795,0.472252138416924,0.33858802043182,0.359125311200959
"GSM5483588",0.448136041639156,0.422966841627863,0.577263609975284,0.478674390317388,0.369690040512158,0.513941297298901
"GSM5483589",0.374634087265175,0.286197937015448,0.422314304890448,0.473438224659523,0.399041887497255,0.39753143689527
"GSM5483590",0.545552375464708,0.44563914303984,0.609629167421525,0.602335577570686,0.438297991380122,0.443763816020123
"GSM5483591",0.444763812072986,0.357414404815606,0.47017219945228,0.410199776357724,0.376993625562114,0.254901227103524
"GSM5483592",0.492113309555787,0.475982673041431,0.559810107392837,0.454421904551342,0.403144046850597,0.454258492168053
"GSM5483593",0.424350286874333,0.340944647633287,0.508243761001772,0.541922007957956,0.372069357244781,0.569334913336121
"GSM5483594",0.507474152678315,0.437397266878353,0.500233158616363,0.570682614348447,0.394967807896091,0.312054380493947
"GSM5483595",0.599766884906675,0.534856388454244,0.627885183390911,0.542670356961288,0.445021156312166,0.436099788735836
"GSM5483596",0.329964792825959,0.207105230965546,0.560050708227891,0.371899516369294,0.287776049414081,0.458707636081139
"GSM5483597",0.442688476992532,0.188949680290629,0.477429463806964,0.64722216877932,0.447081139395239,0.487856094657592
"GSM5483598",0.369130372240895,0.326629226040503,0.531217503288128,0.443647735015008,0.326154249652315,0.521756449511504
"GSM5483599",0.46975455203995,0.444073729429944,0.599153958669918,0.664126357298379,0.460671471801047,0.340660368474937
"GSM5483600",0.530761753676536,0.445034104362135,0.552097638242545,0.486943176141115,0.390301357845952,0.388373789334792
"GSM5483601",0.461136074823159,0.314803495482506,0.538970060960784,0.620599010349401,0.447227651361845,0.46549998184195
"GSM5483602",0.41304569448441,0.265198638171154,0.518117122497557,0.498160439031353,0.319014664104604,0.558173366313425
"GSM5483603",0.446029062822866,0.361199752949742,0.50692013587237,0.519539149972918,0.355562365833771,0.498821967824779
"GSM5483604",0.489344507609984,0.306292423661022,0.512177487914773,0.603294763841474,0.458043654249208,0.507811050389359
"GSM5483605",0.320327640677432,0.285943198393219,0.546880547836021,0.547440717162887,0.375148717940203,0.487358670637947
"GSM5483606",0.514172682470922,0.459949069272662,0.648445057477032,0.518758516589835,0.402436777999428,0.427326111234691
"GSM5483607",0.491524819770088,0.354911592197109,0.508181710564902,0.675428836840783,0.482749053914525,0.380269016907295
"GSM5483608",0.489639151955167,0.332607515916574,0.547049257658383,0.462620745043878,0.343784773486763,0.518698096208959
"GSM5483609",0.329797758761342,0.19678520236078,0.497398338669308,0.40703520270911,0.338901914369963,0.482206207625552
"GSM5483610",0.528025198314447,0.243298835999101,0.395101481618397,0.527597205438095,0.380272878742534,0.448019038368279
"GSM5483611",0.496494400554902,0.441159169790056,0.546059805065512,0.574797214568999,0.453045136583252,0.422669183646054
"GSM5483612",0.432472803433273,0.409656469465959,0.554845542725287,0.516016251983013,0.410939520384513,0.509606634686448
"GSM5483613",0.459602777933457,0.349097336281274,0.52400305370955,0.646462700678188,0.436604090470515,0.447945938066299
"GSM5483614",0.495354287958405,0.439607780479432,0.562247165735007,0.378492351786885,0.322529451010092,0.390230196988722
"GSM5483615",0.569207760005916,0.390145470510364,0.592750791291341,0.651560085962026,0.505797444706953,0.456858748907342
"GSM5483616",0.413238840926054,0.371093924092537,0.477842841693988,0.502410485360057,0.383856924750399,0.524572173060372
"GSM5483617",0.470102039808576,0.442233024943284,0.553787649506677,0.687092963675033,0.487348002607211,0.381104006122829
"GSM5483618",0.502809820276256,0.357974029916822,0.565802330087913,0.553917716916911,0.393680974444736,0.515416383978751
"GSM5483619",0.400139415331153,0.478958583827437,0.617221323703529,0.470313410747444,0.346634671883021,0.509970762167754
"GSM5483620",0.505915055318935,0.420677645191688,0.563631985063348,0.714972333528957,0.478444840083271,0.396590198517435
"GSM5483621",0.412834236056237,0.265608484967802,0.492534882318004,0.463755301166117,0.341117244860334,0.495447478918222
"GSM5483622",0.539012047827547,0.462046749004559,0.525310148179443,0.589826012581811,0.40198856759516,0.371501979282606
"GSM5483623",0.458736130915237,0.363093866593721,0.541023169025985,0.635701083112337,0.471655831127781,0.45673379163811
"GSM5483624",0.496604165835199,0.262899919487769,0.433116596738147,0.656813886287103,0.437763080361937,0.478464955540058
"GSM5483625",0.45092781333936,0.428024154215292,0.469005723048358,0.58312481990806,0.414583135202059,0.186548593118409
"GSM5483626",0.623831457324229,0.442565921006231,0.577095599442305,0.627799179205621,0.452286625375255,0.484238825211059
"GSM5483627",0.429208815428079,0.314130065025901,0.536254179852383,0.601498070200701,0.428194474018685,0.515456000346202
"GSM5483628",0.448307005866881,0.466341261549908,0.531299534464005,0.541871993115959,0.383585069221616,0.25893502899215
"GSM5483629",0.421904499373084,0.421053210840929,0.558475502783464,0.562718935488271,0.408030276112412,0.454311971203238
"GSM5483630",0.416222825387923,0.340972462145272,0.418170401990583,0.447750344473029,0.366557019755146,0.189488573395204
"GSM5483631",0.462299676243106,0.359089652623753,0.513673917273182,0.673441866733683,0.458022660963402,0.486739365537019
"GSM5483632",0.491623119473017,0.415320941109813,0.567810138753298,0.592183774660059,0.43173877055466,0.391228037089951
"GSM5483633",0.434030555191012,0.362553651439621,0.545645206525505,0.489633533418813,0.392192562025221,0.461414668178315
"GSM5483634",0.447565254821466,0.293056375410843,0.520949950617462,0.612869617998784,0.440675781476807,0.369656951933636
"GSM5483635",0.361707386689341,0.261854433887734,0.573617794500386,0.644609398015806,0.385090167796794,0.446842180485611
"GSM5483636",0.58768249349297,0.44852203890536,0.554924572253948,0.705369186869999,0.497519591561078,0.424226163814834
"GSM5483637",0.412668523843254,0.306831739274396,0.429919233728173,0.483146113769344,0.364578939892103,0.452303878777122
"GSM5483638",0.453979569618379,0.274856408599497,0.535915364568163,0.495988765418511,0.391193204490463,0.5437441867713
"GSM5483639",0.466179409899761,0.457722503737683,0.604401322081077,0.428864141431253,0.395250096245,0.288227781419077
"GSM5483640",0.435045998909239,0.401876215069939,0.551629437627842,0.627472716502418,0.415745461228828,0.453481728633823
"GSM5483641",0.536383675270236,0.442340711425713,0.652856331120092,0.50804935668237,0.386440633022753,0.489319546789929
"GSM5483642",0.516592348056926,0.291225349075286,0.562363337413781,0.641057213643757,0.487292672347519,0.463603470519746
"GSM5483643",0.539018818754244,0.420758621003504,0.594185467914105,0.61236066990137,0.499763868996671,0.37468589306501
"GSM5483644",0.37369292751923,0.171631527227844,0.426387472407656,0.575776447869687,0.395608209288418,0.489429080234403
"GSM5483645",0.545217097452662,0.394990408139371,0.539139880163821,0.689279080255011,0.482952581862109,0.0153232440009923
"GSM5483646",0.572945617819779,0.197918728040954,0.559590858981297,0.610040180906751,0.426108892923959,0.267658042005462
"GSM5483647",0.500484548217967,0.406777276668209,0.588699167580659,0.601009200510739,0.463386715309205,0.330744693607263
"GSM5483648",0.469729926419845,0.325846464266622,0.558666642418964,0.667434794124422,0.458184844797502,0.446259753105576
"GSM5483649",0.406901175038261,0.123528128581899,0.515074318108041,0.520087196930379,0.405823886942463,0.491386582719735
"GSM5483650",0.413409849468505,0.362361231684609,0.266305478116108,0.451323048408867,0.280517364999158,0.125464770521516
"GSM5483651",0.316984794428934,0.377100495771994,0.603983406406426,0.615618368106295,0.414765143531196,0.313759812302385
"GSM5483652",0.518736133956235,0.282843553235122,0.557982825140467,0.605684959884028,0.532328153627699,0.462121078369622
"GSM5483653",0.39557599108049,0.3810244584973,0.525992042672951,0.514571127576921,0.379951409442029,0.453762811445717
"GSM5483654",0.433747702771828,0.2415240285451,0.488344064739437,0.562708203236602,0.465391847233557,0.425228146408099
"GSM5483655",0.469990588403921,0.402326773413177,0.526491915632645,0.675932120426351,0.454738035924279,0.383074812044326
"GSM5483656",0.54318411996672,0.462813489959556,0.610445179933351,0.658603945413386,0.481772915012653,0.355786579903793
"GSM5483657",0.459592740548838,0.424561464681762,0.506731256229454,0.621973238788854,0.46443139206626,0.450721449878694
"GSM5483658",0.497939740111135,0.396260820488642,0.533041255955962,0.632724780872381,0.461211513654731,0.467642033314923
"GSM5483659",0.464613150877646,0.340612452984127,0.486474278942357,0.580817609553363,0.45268897935784,0.468900109200808
"GSM5483660",0.406616250235691,0.25431889507898,0.484707242674468,0.550171103696267,0.326154598277959,0.270763161232626
"GSM5483661",0.40313127502481,0.175479179216424,0.389471982995567,0.521648529312545,0.33630211445103,0.416891191795984
"GSM5483662",0.576698938021663,0.530007981968082,0.65274152214342,0.630469126756445,0.472195167674983,0.405309122609431
"GSM5483663",0.421803649379872,0.419906143597474,0.537135838192061,0.569290360237351,0.3957848112255,-0.000859222134868776
"GSM5483664",0.507666277412788,0.425427288434092,0.583828575310041,0.356778227506078,0.281098501464423,0.469080502288551
"GSM5483665",0.431825208846432,0.209021730784125,0.505370835211184,0.456251211471074,0.376851610665733,0.410699302547439
"GSM5483666",0.561930996067662,0.520246485945086,0.611932553562725,0.524190144631402,0.39576249955107,0.363814245552948
"GSM5483667",0.374731962028289,0.244651303806759,0.509582930837232,0.505358782761022,0.403162420260941,0.466027999696021
"GSM5483668",0.446430985573033,0.238247863239139,0.474064998100866,0.611588356271462,0.437817738309471,0.415656818984033
"GSM5483669",0.498025768048876,0.497776449367955,0.517696455946897,0.464915149004539,0.383748965799934,0.398207490190555
"GSM5483670",0.394712010930773,0.426722758827676,0.499864040577513,0.525629741045329,0.379682461826384,0.420979195947388
"GSM5483671",0.513533424215915,0.296386227648979,0.532584954342664,0.571377603393039,0.382365471311369,0.410177183814441
"GSM5483672",0.39412443235009,0.473783113354298,0.524031078062069,0.566181175679448,0.405486861493867,0.322811252106984
"GSM5483673",0.492558191869219,0.361887684691303,0.55079878210596,0.515216410180453,0.416155104446188,0.464188640577741
"GSM5483674",0.421865809811183,0.425676649853053,0.500601168896495,0.561163920194188,0.416444464491005,0.480599000794678
"GSM5483675",0.550842669314527,0.506837783452268,0.574804380536804,0.538368389086272,0.397059995705652,0.383267746431413
"GSM5483676",0.458990145030732,0.156922665570511,0.344551135292885,0.444379859290012,0.330008513487249,0.433848401382303
"GSM5483677",0.412028402082791,0.429399228608896,0.547252218506974,0.500271503376889,0.392666062656515,0.443908739179171
"GSM5483678",0.513281961011048,0.470645056726752,0.596593397777789,0.547380385077803,0.397187497704147,0.496557287448642
"GSM5483679",0.570083474633544,0.276187670605594,0.56600061249872,0.735375590155603,0.49723398153347,0.150540750034091
"GSM5483680",0.531894071159142,0.368784282791029,0.581085699631583,0.598338950952878,0.434063007807627,0.514380298674026
"GSM5483681",0.51537232402182,0.25687258290467,0.538751307111576,0.653035633783855,0.459465138836006,0.370848858887246
"GSM5483682",0.544157378700124,0.509827543280194,0.604585630878538,0.599500758336198,0.498848825646625,0.380895695008177
"GSM5483683",0.555368966470965,0.378122496391735,0.561492872991466,0.695204566375616,0.516847893018248,0.368259450309873
"GSM5483684",0.462061084070768,0.157337744204243,0.514831096048509,0.579012270746134,0.38820167767955,0.456277014751706
"GSM5483685",0.588489529836649,0.53587876049288,0.622716621512386,0.500784907622355,0.407047927970361,0.357313652273195
"GSM5483686",0.438880566740103,0.295413125874991,0.60982737905224,0.541540144923628,0.364871481475,0.462035251693046
"GSM5483687",0.528045206535253,0.252403870508648,0.596503057222036,0.698656985269011,0.464869095102777,0.432317249142047
"GSM5483688",0.40604268106909,0.479350933031134,0.59975139490764,0.578416839083309,0.429065964562446,0.350379745086122
"GSM5483689",0.529546715690859,0.406747238383907,0.546792734954991,0.745428824947292,0.504303320971793,0.293182520468503
"GSM5483690",0.52094714686704,0.223023739341852,0.455519186832386,0.620828709991007,0.414433749917113,0.230167039214898
"GSM5483691",0.253474231886722,0.204361989720308,0.108584403963269,0.234468567901839,0.28564723848738,0.204054185299783
"GSM5483692",0.443439869269416,0.403550335390389,0.621101258577254,0.57818255249235,0.448723846639724,0.45429909064177
"GSM5483693",0.45461964688788,0.247566789240177,0.576424160143702,0.734454437638415,0.496958926392242,0.246936499020317
"GSM5483694",0.472220648141147,0.256138966274004,0.519299944636755,0.644312780850429,0.418450459477359,0.437142692802586
"GSM5483695",0.293708341560377,0.159531980501458,0.480845064926146,0.381149716406947,0.293313571454869,0.503534809880313
"GSM5483696",0.432827339100725,0.26752018241789,0.570213167692829,0.333447639902955,0.292165373088933,0.529039951693352
"GSM5483697",0.454650112443643,0.226269963259829,0.506858535300523,0.569388691237481,0.465402166942612,0.371545438785947
"GSM5483698",0.387159138239769,0.406896317447365,0.526243913306739,0.454679618587394,0.340618225761716,0.240851866578828
"GSM5483699",0.553171320755799,0.522252039203695,0.575684554988051,0.658716503568556,0.477196423853117,0.357342216265633
"GSM5483700",0.595350271454878,0.256107398211016,0.583512987655219,0.579395939673965,0.468853244872159,0.31929015840418
"GSM5483701",0.399514052618488,0.450417153902599,0.557460466989561,0.575412999516434,0.410250516337752,0.324853946166241
"GSM5483702",0.411602852892496,0.0591408263029761,0.472651645238996,0.474746603870048,0.331817836982972,0.459094384600007
"GSM5483703",0.370232333140456,0.140781089421325,0.389141493174059,0.422412323655623,0.299208128025422,0.480168914518374
"GSM5483704",0.456418227716837,0.244870672111105,0.443081393974204,0.577029547353561,0.340277285405384,0.471182831813004
"GSM5483705",0.349136094333464,0.192405797471396,0.489627417872213,0.508635352565092,0.296713594471187,0.533391313837245
"GSM5483706",0.592048784362838,0.47926276671047,0.635121582974221,0.53930830769598,0.466759503931877,0.414853526485301
"GSM5483707",0.612470040345256,0.513043290701308,0.6362454724039,0.70542158442088,0.456932213199833,0.390426715659074
"GSM5483708",0.467605948902945,0.43401539265559,0.581297967922932,0.683963456848781,0.45559191755015,0.442920275483752
"GSM5483709",0.367936992513482,0.292515534294881,0.540502381745655,0.393439047532546,0.289894016869464,0.517458238908236
"GSM5483710",0.570726455890538,0.558235103708484,0.678970461338329,0.507619469537744,0.428976182324891,0.376252717423836
"GSM5483711",0.407814197904964,0.386696221713288,0.558981217732556,0.550822534075384,0.355130313965604,0.242560928078202
"GSM5483712",0.285739890234868,0.342388394189013,0.531651909371727,0.478900209286983,0.340587991169978,0.318092126273371
"GSM5483713",0.457160441804362,0.25258320602986,0.509329602629067,0.485459263174221,0.357834189534985,0.430607606712606
"GSM5483714",0.36372284402596,0.374541204857169,0.525591959979514,0.576956467134329,0.397767105706581,0.384541599850935
"GSM5483715",0.438976488202379,0.453462921150972,0.532407544844657,0.616182113915778,0.443057350046927,0.441421391479604
"GSM5483716",0.48832349282182,0.414577238037481,0.601792736064894,0.452834860636969,0.377615463909911,0.4914140908558
"GSM5483717",0.384665969229262,0.190648192091407,0.509974394537677,0.600788710407642,0.420699433507578,0.465516673093749
"GSM5483718",0.376319335276038,0.421589789609866,0.562476541521048,0.482614771210411,0.349710502558526,0.431990746058558
"GSM5483719",0.526450700945019,0.473368253619699,0.67467210037195,0.585818417852856,0.459992595566955,0.247199885974228
"GSM5483720",0.401561973689081,0.3378648245921,0.533564787000793,0.545686648833096,0.374129591214819,0.401749098262252
"GSM5483721",0.526905701123341,0.592941461832051,0.621761632882197,0.347062193697442,0.371748850267517,0.263773255452994
"GSM5483722",0.304622370256982,0.114698656537725,0.400567909218362,0.481446809206687,0.340428951023545,0.410769501473145
"GSM5483723",0.462299805000625,0.223042303060849,0.472650741929617,0.591234882868333,0.443946722415286,0.4243990522162
"GSM5483724",0.422314866606035,0.467341856182222,0.636063058177515,0.36334384999658,0.327322154510647,0.346766990343204
"GSM5483725",0.327662456387395,0.260715417655842,0.464426256307266,0.466794776257517,0.372688108828833,0.509145134108006
"GSM5483726",0.382700157245604,0.366477668566573,0.54149270010281,0.42481813593085,0.279471044307812,0.524009608341753
"GSM5483727",0.476437050885813,0.346014920788608,0.584238993822895,0.619955810968878,0.41647424226283,0.453032239532313
"GSM5483728",0.489667207684021,0.555032332586725,0.592494416369125,0.629113866790185,0.443159304168577,0.380033928423003
"GSM5483729",0.461954403489184,0.359401008952796,0.577715167926345,0.668893240687915,0.441931293097447,0.47412162678088
"GSM5483730",0.536832827261853,0.451650087328491,0.599520982498099,0.507530881110472,0.471806599251706,0.456082079308484
"GSM5483731",0.464343819753181,0.291351499829841,0.543582598764033,0.612357658237617,0.411597376158445,0.300267272658692
"GSM5483732",0.512792365067363,0.443454584841329,0.619686026978369,0.531975863141315,0.395665392051529,0.377972978607072
"GSM5483733",0.554225985041371,0.319482978028385,0.575442522495675,0.520103568840527,0.385545669505855,0.421806766441052
"GSM5483734",0.582614110071703,0.544590362120449,0.660561962000045,0.520320947375085,0.423720539348038,0.3726791573169
"GSM5483735",0.426214725068357,0.293401648924634,0.543736416809555,0.612501466059099,0.426210916704616,0.511516221649776
"GSM5483736",0.259310555387534,0.279888450775279,0.538337061075547,0.475453623355786,0.342852614496643,0.478823928033169
"GSM5483737",0.429367438788973,0.371999067259756,0.543890641466557,0.379254813895109,0.343866206782994,0.513511565030032
"GSM5483738",0.526780449912334,0.376349475078445,0.56799828627035,0.495668947632762,0.41115326095761,0.50132890353496
"GSM5483739",0.514358039936026,0.420864478599756,0.569282133954745,0.651690833413418,0.45163997781605,0.472840800086108
"GSM5483740",0.591208024396198,0.527428338728472,0.583567930211597,0.702219686253634,0.486402413286164,0.265140819308253
"GSM5483741",0.471884418255303,0.447835282831324,0.535885467095495,0.676349491602445,0.482948821173139,0.386771970716529
"GSM5483742",0.494369988681324,0.307658850713037,0.450701168953958,0.608084033286879,0.421830242584891,0.346057938893736
"GSM5483743",0.497160558261354,0.185948670799993,0.459872065450459,0.74455515707009,0.467537755230587,-0.0731406255720509
"GSM5483744",0.298731182398038,0.451632558481925,0.56878567550816,0.436634601139359,0.360962202389986,0.410119891585921
"GSM5483745",0.454922580788819,0.35955430263001,0.609758666673433,0.5261659560234,0.383496961157615,0.50932003576153
"GSM5483746",0.442434525716435,0.241027036231531,0.538620924035969,0.481181618325804,0.316134813322314,0.563167517651032
"GSM5483747",0.520124254660942,0.478990711493281,0.62073097373818,0.68536660342435,0.477556213100289,0.354077990490393
"GSM5483748",0.399569781963119,0.149882107712272,0.477778913215473,0.359699138310451,0.279246889211413,0.426832035476698
"GSM5483749",0.396405249139863,0.196997260362598,0.551047523414555,0.677631928173125,0.42129882045816,0.400611433381633
"GSM5483750",0.538390072339018,0.130521843153936,0.441177936624159,0.768354467516849,0.513617018439161,0.363663327943854
"GSM5483751",0.395458039285885,0.339983203439821,0.460671679531679,0.646222481923384,0.433308217176484,0.371193918210752
"GSM5483752",0.564311988154556,0.467276911354654,0.631079427188746,0.531298468320532,0.431049789493984,0.436849808265858
"GSM5483753",0.569796486121212,0.362030981914642,0.557663319771012,0.43532717018249,0.360677422499725,0.194202602103718
"GSM5483754",0.521882632524564,0.424614905274631,0.581275120771369,0.684206706931892,0.453541954793992,0.418401390034408
"GSM5483755",0.314628697461188,0.102597571500351,0.388393284616056,0.423868726679172,0.284955549107499,0.588002485569318
"GSM5483756",0.447184664000851,0.134543453096942,0.456497574133168,0.483373869204135,0.375253901774323,0.0123261534006026
"GSM5483757",0.367850163113316,0.0885027261664435,0.407933054031219,0.504690531041942,0.33479427066306,0.267698117158259
"GSM5483758",0.318081582698234,0.149636087255741,0.339220719683011,0.610454833742154,0.359348789054485,0.451064512922605
"GSM5483759",0.343275863109749,0.205317066634418,0.455479080728751,0.477297837389712,0.316849262881153,0.191454251846697
"GSM5483760",0.492362694993677,0.448386822677404,0.636432156907961,0.619045981169823,0.437419038925546,0.417920847277168
"GSM5483761",0.524543315221307,0.465211756240706,0.579578271224583,0.400837049164998,0.362349323471132,0.477150486056812
"GSM5483762",0.610715030148929,0.542005560258135,0.655034863411466,0.73879695583754,0.506026445762834,0.264015741171322
"GSM5483763",0.446274774267389,0.124191193604708,0.478982842488074,0.670077798619153,0.428118884892499,0.470833754869373
"GSM5483764",0.464645399864221,0.526572142471222,0.544895638775446,0.396854204652826,0.328747014252055,0.286209885053503
"GSM5483765",0.495876362487561,0.408578740140833,0.582791349589158,0.469094364391666,0.367476227133426,0.506060448015724
"GSM5483766",0.250590639766215,0.239367551514377,0.495983516839681,0.442575005536096,0.347341367266377,0.504407384531039
"GSM5483767",0.42135943921248,0.532121024243983,0.602749551840793,0.472761252249437,0.388841589881481,0.405167081281008
"GSM5483768",0.308402585136872,0.135193926332148,0.511283552397415,0.457886309669645,0.360834520451505,0.513877831419968
"GSM5483769",0.510923276773106,0.420546058056312,0.607071897706101,0.487968815705333,0.377539087533278,0.5125933896148
"GSM5483770",0.485818785685599,0.477028398254105,0.620762747565166,0.398947260005224,0.327710435261808,0.505712586740453
"GSM5483771",0.483724769416818,0.305442733147181,0.589916879892169,0.570768833395272,0.409604066200458,0.495782515497951
"GSM5483772",0.45313003502628,0.429338724269442,0.588004337943553,0.430571607968649,0.398900725633845,0.372330480674649
"GSM5483773",0.462479722424019,0.385898493271558,0.550048003157271,0.44287749199678,0.322444154259575,0.424222797902381
"GSM5483774",0.450347608272406,0.388625776310597,0.592833634280479,0.569292763444882,0.3868461682559,0.404385331547382
"GSM5483775",0.276520525077467,0.386681480559835,0.510378082118646,0.456975662646656,0.325490769497402,0.444150963565886
"GSM5483776",0.479389108893681,0.437446038453216,0.594755818623895,0.556224607638505,0.381518817941664,0.465952532996812
"GSM5483777",0.51942869668613,0.18737380267524,0.461406430178197,0.743162977867799,0.506889377320098,0.198230986221889
"GSM5483778",0.478381265028771,0.406063412078073,0.649782233972417,0.612810750201381,0.446142342409151,0.308227649803783
"GSM5483779",0.574159875808016,0.282118870343591,0.525388164837807,0.628007462330704,0.425814219221835,0.163189679239939
"GSM5483780",0.314937656525139,0.00252081005830413,0.387971756972497,0.473423551160778,0.353729268353203,-0.0217304414978537
"GSM5483781",0.543700561760928,0.241225866613496,0.477217751738022,0.479969468468119,0.362087658560015,0.529520410009161
"GSM5483782",0.420294473615182,0.192905646718533,0.372426343628388,0.465262754049373,0.280835082047869,0.20493926055001
"GSM5483783",0.506013991220336,0.0847590860018015,0.525806202168695,0.663832541845017,0.404641944215117,0.153512353984081
"GSM5483784",0.582573886237894,0.581844569320154,0.704662752443295,0.515091031999973,0.410033939639361,0.29530320338228
"GSM5483785",0.347884190015191,0.201249802187035,0.491241154193245,0.563378000317523,0.358497030617914,0.248705424204829
"GSM5483786",0.37965206506823,0.261127908701574,0.620824046733969,0.5427757016303,0.387194026717191,0.448699247876822
"GSM5483787",0.454022424221006,0.335849862808859,0.559001963893028,0.458980998342317,0.362120518366944,0.359018972679064
"GSM5483788",0.505800003960725,0.416576390114857,0.583919755136102,0.359744780545345,0.339608574417474,0.522417403995426
"GSM5483789",0.411838492886108,0.368384161686425,0.592711200780771,0.675326681326016,0.461459587705985,0.385854249707095
"GSM5483790",0.577537273181821,0.509628310469118,0.666575069250808,0.700481863912784,0.460165147782012,0.320209128927898
"GSM5483791",0.456319305738297,0.526307759197173,0.589879338036441,0.619643680605035,0.418749181966494,0.3799832573768
"GSM5483792",0.346099817902138,0.312669857449517,0.627944662462146,0.46016719595138,0.36569350381482,0.406384618177244
"GSM5483793",0.532195508191076,0.55788254863884,0.682431021184961,0.514622526678112,0.389638560652363,0.435138728252085
"GSM5483794",0.408476187985493,0.385928072564005,0.605190836227251,0.644587552957141,0.427440253254827,0.50240415118506
"GSM5483795",0.322367282104265,0.436632909597891,0.615872395802539,0.416907229640075,0.307151554007423,0.384191047535216
"GSM5483796",0.518373513115161,0.399119416738691,0.618479137500874,0.612475231827786,0.407267126139472,0.513039699181731
"GSM5483797",0.362844482657156,0.236099768292561,0.54228496287332,0.52430332937329,0.394341911951616,0.544085176852609
"GSM5483798",0.449326154573615,0.432392476990319,0.622196876757096,0.419334657622648,0.323930110906824,0.47872873295017
"GSM5483799",0.382650061088503,0.176348880442055,0.545297834437817,0.501770258754326,0.410421956999413,0.533890153944718
"GSM5483800",0.329620727221234,0.347325723701693,0.585946925295145,0.603403475741914,0.398299104801723,0.505699161013134
"GSM5483801",0.39235128734517,0.314398107903187,0.527213844842138,0.360642025745354,0.330045020699903,0.433691055613391
"GSM5483802",0.48690240270233,0.360212777166872,0.621421942614222,0.529819893949536,0.383549734506387,0.488696568120795
"GSM5483803",0.500517091662797,0.51281494645423,0.572584489681233,0.391956156478944,0.353406250755889,0.479548284943503
"GSM5483804",0.556295463190681,0.449467947955964,0.618577958046137,0.593535790143738,0.423553610285084,0.463463634995347
"GSM5483805",0.357547641331901,0.2403854860547,0.456223033427651,0.490195558677034,0.321765756756429,0.576805061287668
"GSM5483806",0.378507594182872,0.496108263123951,0.60307486119896,0.592151721822589,0.420842977987156,0.435792447162285
"GSM5483808",0.390592205107832,0.258116818864638,0.453573763264967,0.442580198800013,0.32806394906109,0.534635830928897
"GSM5483810",0.409695476429898,0.418315321586422,0.54585604115235,0.537554467202904,0.3232819203414,0.273020231247918
"GSM5483812",0.50595708175317,0.51451511673233,0.654351668771843,0.410130876679249,0.370352744703796,0.348992185379252
"GSM5483813",0.450784800420669,0.418339441158846,0.605345744311143,0.702603023016449,0.477543791874028,0.387749913302437
"GSM5483815",0.509612186634724,0.424093525056118,0.555337704723112,0.547874707805239,0.430722552652143,0.436993879268812
"GSM5483817",0.355584227892268,0.261182050895923,0.557537921037324,0.422320504068629,0.308170340837833,0.513965565273041
"GSM5483818",0.352524194855205,0.363120832284603,0.556855813139164,0.591976683099541,0.418811791349274,0.309223186391465
"GSM5483820",0.480004685206175,0.450920808262744,0.658426092705225,0.581177802319983,0.392747262736126,0.455205475227387
"GSM5483822",0.425824516427894,0.402148471871476,0.611147302442039,0.661393883035013,0.469519851705939,0.415882363891186
"GSM5483823",0.559941275020283,0.597994128874614,0.62520878090336,0.502801086700525,0.417773171651694,0.365979027328791
"GSM5483825",0.350538166869849,0.183722803484485,0.513915244905218,0.60741589719316,0.414214971913096,0.415411154837036
"GSM5483827",0.429304213264564,0.250474440018348,0.538948858340681,0.489010933284359,0.377408763492881,0.511914912229894
"GSM5483828",0.549970000229891,0.496217557331537,0.622402873792699,0.693760739840769,0.500805556668301,0.231744914854213
"GSM5483830",0.372714422979445,0.295950639639881,0.570148298515489,0.605960854247409,0.39390496152396,0.124684543603853
"GSM5483832",0.393629467946245,0.382143985976291,0.580247491007984,0.445834424358472,0.342194664253107,0.440235389435068
"GSM5483834",0.458978980579887,0.386633467368933,0.660267515272815,0.384702125697862,0.349141300750554,0.462607651915902
"GSM5483835",0.373404473520159,0.499743782574881,0.63782948935009,0.367311523968899,0.318191619669968,0.383437426304142
"GSM5483837",0.51296054276186,0.445185090213492,0.604982368636595,0.633291447019299,0.435703903463753,0.492494269339034
"GSM5483839",0.53654789807536,0.485050010918999,0.64888977104692,0.363115537858718,0.335059339095068,0.501415417821378
"GSM5483840",0.489019629986794,0.498861332748248,0.610985652675332,0.469443941565717,0.355397606731939,0.386127701235826
"GSM5483842",0.561145914963252,0.437575853738113,0.620944294960036,0.565596785356754,0.407762276792894,0.340667156935421
"GSM5483843",0.525495458973253,0.437743711163271,0.651371194252706,0.60588076651511,0.423597987761287,0.484263769154708
"GSM5483845",0.514697702015268,0.453362918230393,0.659568378978894,0.465571250463162,0.380218368319281,0.412942931258551
"GSM5483846",0.534325677983932,0.539857333295793,0.598769210572342,0.460582280118157,0.407639126613227,0.34732908841002
"GSM5483848",0.400819443931023,0.398128280286538,0.553624521066556,0.54313924234039,0.366323435728098,0.319897914749667
"GSM5483849",0.386896676188978,0.266074384534688,0.494297143402658,0.460024433297359,0.36993348627503,0.474467954340353
"GSM5483851",0.441818166146547,0.450162068297116,0.548730996956873,0.389421482193872,0.335587625127428,0.383624563934382
"GSM5483853",0.429787924199348,0.274179400056996,0.495488243912616,0.610144058853488,0.417706568043447,0.43866378025682
"GSM5483854",0.377209628070403,0.326051394746593,0.428576086962989,0.286518478918565,0.212114312865838,0.465297320870419
"GSM5483856",0.321056146326559,0.391284551555065,0.476509468230405,0.415474305924351,0.318473540935428,0.426053623642302
"GSM5483857",0.496121311215898,0.523594744283502,0.551612292628345,0.487915214172053,0.394711847159463,0.267407197707852
"GSM5483858",0.398393064299376,0.348451759409503,0.525889861144065,0.525804416562426,0.367003101105477,0.50440744837161
"GSM5483859",0.526857136889094,0.495266256544255,0.59925221819034,0.569035335347937,0.408241030744476,0.428037328225637
"GSM5483860",0.441720020488931,0.379077040889246,0.580787572069187,0.376902238229763,0.320315029130545,0.523840823113608
"GSM5483861",0.471291422456007,0.411004528063122,0.565867265904173,0.718680368925989,0.491025769519784,0.392918215935355
"GSM5483862",0.383048738526589,0.255088051770055,0.521339790299436,0.43929254045911,0.324564243309468,0.527477516703298
"GSM5483863",0.491516605232435,0.382605872822174,0.564022443220387,0.711701352917828,0.467548767207978,0.400504350303986
"GSM5483864",0.370011452947921,0.34887387667415,0.520114568141996,0.580306190171729,0.422480065195894,0.333535374105587
"GSM5483865",0.523842101974036,0.420837654010663,0.532158124562448,0.563180052504642,0.417618783308302,0.447733340317599
"GSM5483866",0.46715872895504,0.266614864988855,0.583218754951215,0.631993031687042,0.465731322626556,0.481205149040935
"GSM5483867",0.317707265884047,0.239260883276774,0.537144442591711,0.386214935869734,0.303418579947159,0.456465350278887
"GSM5483868",0.362659639374632,0.271964218282863,0.549509281585123,0.370463496797069,0.287994476295769,0.529703724275712
"GSM5483869",0.312572071998014,0.240933664470407,0.473223082159106,0.380476834959384,0.296352398659262,0.493532995132203
"GSM5483870",0.294912973583005,0.268504208150933,0.561922569554182,0.423285420872842,0.336509847589504,0.485057515867582
"GSM5483871",0.542925195711187,0.495796868790093,0.642176085074298,0.550627324556484,0.452717623613865,0.410990841816595
"GSM5483872",0.326156097576985,0.443746463398494,0.589007532111503,0.600593564178663,0.389170517246665,0.29789020840276
"GSM5483873",0.379854321476268,0.353050439658775,0.565474454738795,0.622657574508634,0.408675672793783,0.3242944736406
"GSM5483874",0.314966344260372,0.351238227573716,0.544187104734758,0.513431892489477,0.380101541290416,0.458473158821647
"GSM5483875",0.521956162411489,0.450101124291976,0.659228555320796,0.402920566811972,0.338382699704434,0.549093644739269
"GSM5483876",0.402893938983919,0.14901727350014,0.500784627223004,0.465152280059986,0.303253325626787,0.571632119166476
"GSM5483877",0.389363555175512,0.265650440723945,0.574433270463826,0.511600419587247,0.323473233211515,0.545954127827423
"GSM5483878",0.358744555170718,0.34296761181525,0.546525582392644,0.497558507554062,0.357321459869818,0.398828664022636
"GSM5483879",0.45575817520068,0.401235493167206,0.545829908919406,0.393653326047428,0.294211960882067,0.412344457204653
"GSM5483880",0.492072468842201,0.0580746322332922,0.439740232259993,0.665742635090887,0.437022965550642,0.449282438872002
"GSM5483881",0.564159839101209,0.467574108450989,0.645391113323767,0.422694365591652,0.375188040071931,0.425482148604753
"GSM5483882",0.45150098948021,0.283302791922344,0.583697336833496,0.523378013588579,0.416551313371973,0.48458993807639
"GSM5483883",0.568829114364556,0.441516454164462,0.647029074326507,0.595484302390576,0.450073739912017,0.314597044828613
"GSM5483884",0.445155009429171,0.256164865288674,0.487383197681659,0.622646316473165,0.392159281327615,0.489817665508738
"GSM5483885",0.40252317225751,0.169716472672992,0.494963971117438,0.520867996220188,0.393747404171109,0.447462340206238
"GSM5483886",0.560278147806684,0.452782404793075,0.637785325910336,0.600975354308147,0.409872908777438,0.407192107725274
"GSM5483887",0.537102568927561,0.363909363905209,0.630631298411398,0.301611862299962,0.345931016989488,0.452567482987013
"GSM5483888",0.401182347770614,0.249540593693803,0.585539334991914,0.516328004532511,0.372712302079891,0.50382824439716
"GSM5483889",0.585977471825256,0.514476081670506,0.671324833284946,0.495557948806192,0.428204507339409,0.343147987729196
"GSM5483890",0.405877120175784,-0.0218322628948719,0.402616806804339,0.550705523127338,0.380762306479043,0.40074333220031
"GSM5483891",0.400981960461197,0.397530363200837,0.533046407958945,0.5471089861859,0.36811283062649,0.377113418082968
"GSM5483892",0.446467681212958,0.405655917373073,0.603868613063766,0.47256126690073,0.349412631055391,0.394640301187108
"GSM5483893",0.342483671722474,0.248588394351787,0.442041276959214,0.385811671662453,0.276183594629232,0.315511687090769
"GSM5483894",0.485394084556782,0.284998108684728,0.53058455814229,0.599822971590873,0.462215068000417,0.523716231388557
"GSM5483895",0.412225568407846,0.405269608553723,0.499987891442795,0.592697089416496,0.402811662211983,0.22907165613988
"GSM5483896",0.426005427590249,0.281045975615739,0.453961452750023,0.31455519611371,0.30612896798419,0.494574379967096
"GSM5483897",0.624948365250211,0.575121391160436,0.653293805483694,0.4798549877657,0.438127149009833,0.331289159409069
"GSM5483898",0.336584306388927,0.284325526699615,0.522703832181327,0.427309623530318,0.324901813073813,0.479919725936607
"GSM5483899",0.430050017470048,0.41486667328672,0.565065569943828,0.387630278011908,0.327251777217574,0.488011251423741
"GSM5483900",0.31976939667499,0.130358654579386,0.449586385873764,0.473063740701667,0.301563903270079,0.356880260017151
"GSM5483901",0.448791359369561,0.452516519193317,0.554602042933357,0.485909400022849,0.368020361741544,0.342008595478164
"GSM5483902",0.403499816850089,0.370905355757764,0.558171979163514,0.463088883149497,0.354361138737007,0.540733702734089
"GSM5483903",0.545573628823016,0.519199660133536,0.61094798098067,0.494315697193764,0.41504623178221,0.2853161756402
"GSM5483904",0.433667898901655,0.307940024034428,0.417704932359087,0.620053208118325,0.435244839286275,0.455259930895763
"GSM5483905",0.533145515729792,0.466721136077598,0.615491502668852,0.543779814966978,0.409797182983817,0.481093946113108
"GSM5483906",0.423800433539248,0.254292684097859,0.450090154005607,0.489365121798255,0.396575427525848,0.47836700370807
"GSM5483907",0.40696238974185,0.217842543824786,0.510467166018374,0.468000124304119,0.362557010094404,0.441244069311025
"GSM5483908",0.286751023035841,-0.0101384796981683,0.340571904193243,0.462837163210274,0.328186170909563,0.511672036765795
"GSM5483909",0.448172520451111,0.29746363330419,0.495357271864689,0.446535922300591,0.389358460019257,0.379136495580535
"GSM5483910",0.434616478555318,0.36339550431402,0.500556789095679,0.601006976039497,0.393182147225735,0.490778842616057
"GSM5483911",0.448304350964421,0.23327800294392,0.453154126131681,0.423778795186404,0.363473998108197,0.452352619057702
"GSM5483912",0.421826835145556,0.437135386790067,0.491769742726643,0.40095837644334,0.346814437818154,0.274395870411395
"GSM5483913",0.472945753038306,0.380869583281606,0.549421825680905,0.629945067933757,0.393943881536638,0.290961310907152
"GSM5483914",0.378678016859086,0.149644679880884,0.460559652896947,0.537681583888193,0.449096812570433,0.440201231555503
"GSM5483915",0.512304993041218,0.473077499074338,0.528653036380242,0.499139305644942,0.401584808134969,0.375118565204265
"GSM5483916",0.391643331091932,0.316123109735527,0.568478626322914,0.38949580643237,0.309908345614367,0.506659859438387
"GSM5483917",0.345431227546871,0.244037266610133,0.529490601813728,0.323684330162422,0.32021262735328,0.523967548874482
"GSM5483918",0.508069582533161,0.435647463254193,0.682352086110151,0.266263121709351,0.274765637407287,0.478850925804966
"GSM5483919",0.364228672246737,0.324664285697207,0.533016715260758,0.538695467509207,0.388875772930835,0.414854994708704
"GSM5483920",0.33227289144245,0.14550793919056,0.467722225342202,0.417059894003015,0.319823535326796,0.550635345040672
"GSM5483921",0.412299142146412,0.359836749624474,0.571392633749313,0.41631710794051,0.336664046910443,0.446709062793572
"GSM5483922",0.355641932403778,0.462377152430542,0.568998231784333,0.42878503941702,0.341373278219379,0.456531478060296
"GSM5483923",0.534682905810089,0.363578544764035,0.516955179251654,0.626422977564544,0.448670333177508,0.489411761368291
"GSM5483924",0.448008055378268,0.3946230190435,0.63275834632557,0.451000127713662,0.39754077844199,0.429388048700944
"GSM5483925",0.416541559636738,0.434654568031407,0.518513711891346,0.502949198157206,0.376821600187962,0.249189906961444
"GSM5483926",0.531221812058458,0.395658412361279,0.605353023897617,0.624099741377143,0.443901269038682,0.423539935311818
"GSM5483927",0.348973034288257,0.434791431274206,0.558982483464359,0.504200692724287,0.352314237279376,0.412794147899107
"GSM5483928",0.50069820934332,0.454792730670265,0.621964323111222,0.653475746183932,0.459439846796182,0.42230092943601
"GSM5483929",0.271493921972922,0.371107813998074,0.580294622337711,0.374990742961078,0.315436423011551,0.452564664407105
"GSM5483930",0.436002800359224,0.384230902837675,0.588433856936733,0.653028928442675,0.462043860715607,0.340526920925769
"GSM5483931",0.572568564587188,0.392117117209536,0.630364799575823,0.444837157719772,0.355880998660925,0.440930762821889
"GSM5483932",0.495648038444048,0.174495712861459,0.457280915379728,0.547019050739376,0.328810721722322,0.375375242853921
"GSM5483933",0.405437631798976,0.184530586866215,0.540833814122489,0.500151696895739,0.376622830307413,0.386769053063382
"GSM5483934",0.355108532338895,-0.0761454024556342,0.406407036817084,0.482301951803979,0.290241463130392,0.498151095464729
"GSM5483935",0.401063194766713,0.153626149482743,0.449879689790526,0.463577287716876,0.292054894074037,0.508541542848497
"GSM5483936",0.388004021888591,0.183150555791749,0.480361977432768,0.522748333288979,0.391489058072315,0.0975727091662762
"GSM5483937",0.372188235599725,0.429112435288221,0.574032937117442,0.384365149348944,0.295938794292052,0.404600726703306
"GSM5483938",0.330981602009317,0.263185089316877,0.517813214175281,0.521824359495132,0.343581432420629,0.40682919370781
"GSM5483939",0.555230017980722,0.327309512601085,0.569545796021038,0.657082052508513,0.445000107803267,0.44087420549166
"GSM5483940",0.409336326116898,0.257096667112315,0.4874003222478,0.51582348208542,0.364739307061377,0.536419115065361
"GSM5483941",0.554334302738672,0.416450812645279,0.543688510558185,0.462014222785592,0.391581381310797,0.352911897092909
"GSM5483942",0.411459348626552,0.203570178339682,0.511082385435241,0.601011852844054,0.392927146551093,0.336240186605173
"GSM5483943",0.363089602599085,0.243370830004291,0.448071113036999,0.426158572893502,0.300248767160482,0.533449817320592
"GSM5483944",0.448656549030432,0.387856395260667,0.565420961964552,0.408458134590396,0.311408121937497,0.538367567992566
"GSM5483945",0.454843947309901,0.49353257067181,0.577413055925942,0.576169492842444,0.404256315208077,0.397025230606161
"GSM5483946",0.538780946009988,0.380935329568967,0.456387818175893,0.555169490821669,0.42790678731278,0.334260886000574
"GSM5483947",0.437304565097721,0.516627889273774,0.533167223941307,0.452943291791427,0.35736167378913,0.170360959095793
"GSM5483948",0.406526146342927,0.267707161047109,0.472583441086553,0.608564577417857,0.36207799471311,0.509680894780233
"GSM5483949",0.279341292263919,0.151270309123326,0.438698852103176,0.503040688302001,0.332393359739885,0.484605880050948
"GSM5483950",0.394517766506477,0.275544201698965,0.423365770199941,0.465601375634147,0.372490860030494,0.475013697900759
"GSM5483951",0.407544585177105,0.253818760259806,0.511984526540443,0.592376034391482,0.445937165378934,0.39264621199604
"GSM5483952",0.380878829792719,0.28853203558181,0.480749531909529,0.506544320172605,0.396905232805634,0.419369793711415
"GSM5483953",0.440813469356942,0.476088037631937,0.524498020464908,0.493759610889476,0.323339321207508,0.273860689618155
"GSM5483954",0.530873192924295,0.481403079897067,0.536739249178981,0.532379768243268,0.428708823203413,0.435249025503394
"GSM5483955",0.429724551125038,0.109716611295194,0.336353283302894,0.523174839843041,0.400902575582364,0.482529946556238
"GSM5483956",0.554703164588551,0.492595448856499,0.57012062228688,0.420647868034645,0.40986753802046,0.402574388610733
"GSM5483957",0.498284690432379,0.401455706307993,0.45807912713944,0.572440072458806,0.416491250173757,0.417923153866473
"GSM5483958",0.439456119853261,0.285874986346349,0.506549164726921,0.542014152626992,0.397373718147545,0.491360550861922
"GSM5483959",0.475239008260305,0.414435249034915,0.557337838595224,0.355248776698838,0.326414062171781,0.267949918977755
"GSM5483960",0.435345809311267,0.269797885231615,0.475778407793827,0.360839459029567,0.318856716389246,0.522518132486785
"GSM5483961",0.425905835663496,0.359753397533164,0.50782977999048,0.39236301426655,0.331296923491195,0.512580165995644
"GSM5483962",0.422737087165644,0.274000936097924,0.516362170211364,0.562063014218287,0.45005338845762,0.480921438438677
"GSM5483963",0.389551057884277,0.393347950653547,0.571928110648702,0.376029108351995,0.323759799085223,0.45050521126694
"GSM5483964",0.418263127690552,0.268814915550323,0.532066887578696,0.638604574059097,0.435164070714826,0.379789167445182
"GSM5483965",0.428283522375338,0.24525103529823,0.543935796436859,0.633266349892128,0.448214301892221,0.464926246448783
"GSM5483966",0.574082279499131,0.557598605512322,0.630158415354145,0.531383561096182,0.416895599246887,0.318789097656485
"GSM5483967",0.442211706582391,0.416957059290231,0.555886701990528,0.50818114701884,0.378715452549063,0.391941441679473
"GSM5483968",0.391740943362116,0.348460575818101,0.538501584774857,0.473697847509751,0.329723276862582,0.473530065704018
"GSM5483969",0.534392816224297,0.320477697581629,0.520861357381895,0.601858080706032,0.43594017138663,0.251984016163031
"GSM5483970",0.504184807198216,0.309013514478084,0.568347831671843,0.626982076081908,0.474628209256302,0.444458867700302
"GSM5483971",0.401872821753484,0.318345851230656,0.549670442384518,0.491334964705179,0.33432205882157,0.432718956774426
"GSM5483972",0.44873430731536,0.518856354215261,0.534293697165831,0.54082180264013,0.390631550281,0.41271943804701
"GSM5483973",0.459730202477876,0.43059175264062,0.479833128490417,0.602855473172974,0.457837521955154,0.304302536303005
"GSM5483974",0.513122569794039,0.296986336786629,0.478767664855134,0.532364453000537,0.378411822343409,0.459224667330252
"GSM5483975",0.476035338261421,0.179051248955176,0.45647803846606,0.478549461717825,0.372887176025105,0.452740349030752
"GSM5483976",0.370293750155432,0.388880347468644,0.504233933684287,0.544917494901489,0.334687459347695,0.458020554599127
"GSM5483977",0.514485150617966,0.279719539231306,0.486579202399133,0.388688453646586,0.296854031041696,0.488635295081363
"GSM5483978",0.446129030401472,0.258375697367677,0.506057202964487,0.623486740970427,0.421579723778455,0.490595025582871
"GSM5483979",0.447380056123829,0.270112117028704,0.457008029144838,0.498483072263626,0.3815658559761,0.473045522405973
"GSM5483980",0.398064821918967,0.277064837472976,0.526637794077756,0.529560401399664,0.358071558440997,0.47292126971074
"GSM5483981",0.382138960418542,0.304875168540367,0.462300850057058,0.545423486908983,0.403290902161787,0.46675373138007
"GSM5483982",0.249192079058392,-0.0320689840362901,0.456008585496209,0.0159943463448117,0.102460238354965,0.476843090914996
"GSM5483983",0.531887893993052,0.344240748970216,0.547039266529809,0.554360865967135,0.397855395472574,0.444660506502943
"GSM5483984",0.39699343712281,0.358403542690426,0.470580016620069,0.595150112970829,0.385690999654411,0.393622624170758
"GSM5483985",0.408291825521292,0.365264718222424,0.558469802361102,0.483711688995609,0.386198594647596,0.524889626532186
"GSM5483986",0.531081449907245,0.444777625894361,0.5799573105813,0.637444328067944,0.462740540375569,0.346806242647171
"GSM5483987",0.53870482665168,0.444912383193293,0.522990829020224,0.544381033906836,0.415394986042391,0.288673645676005
"GSM5483988",0.483458801943088,0.345914361576635,0.550470561111733,0.655119809588625,0.464742556065957,0.439720862616839
"GSM5483989",0.435240522849955,0.457394823295583,0.554152659200913,0.334634386781508,0.274750772561576,0.448658607730752
"GSM5483990",0.33277177275197,0.204346207207112,0.420888376435561,0.610224064982141,0.411896576249653,0.434770506774495
"GSM5483991",0.34585016171603,0.340486120666914,0.509144794302316,0.525646195647572,0.347860507120334,0.385483424216635
"GSM5483992",0.578810903637255,0.365412286494535,0.574581832961959,0.495182655142517,0.413075213089858,0.407440360774891
"GSM5483993",0.503170851519122,0.359037996544765,0.515868813218044,0.499177097602736,0.375617211125391,0.450512362855764
"GSM5483994",0.425604702050175,0.48775384213957,0.550807497165376,0.667518969743027,0.472715177575271,0.259187924972325
"GSM5483995",0.43831095447496,0.319466720783528,0.455567174589549,0.408713608869556,0.298759758193902,0.401138146844553
"GSM5483996",0.503495780860728,-0.201939072575515,0.400593792008558,0.444188701669682,0.3037911300665,0.51256793321937
"GSM5483997",0.391403031589295,0.284317948070699,0.50447206298511,0.551059857335383,0.369596496790357,0.451632259227072
"GSM5483998",0.472752328138278,0.371817069407761,0.532370414570249,0.597641045975478,0.460260664463409,0.39987316950901
"GSM5483999",0.395412113574732,0.164093816689875,0.473584616730744,0.631014611042697,0.423956359290304,0.353201445830273
"GSM5484000",0.483290368709332,0.474387848139805,0.574525190668834,0.520478775738217,0.34734612145244,0.231934926780421
"GSM5484001",0.499978677544582,0.115260922273434,0.447339080946069,0.67790862283879,0.457531244205402,0.4337101852246
"GSM5484002",0.504584275492178,0.429387432825203,0.624662561182763,0.496169438691627,0.32518568449417,0.259103129498567
"GSM5484003",0.349600701562177,0.203942433153532,0.477211144544063,0.511171568719775,0.356034438680038,0.464138482178534
"GSM5484004",0.550951996361823,0.475129017443281,0.613674910987578,0.532714976607576,0.393919999324515,0.291279287369807
"GSM5484005",0.381494202184237,0.146891507148834,0.496916807113772,0.396560450607802,0.235440037282248,0.560582107350646
"GSM5484006",0.348638683865691,0.251582140148754,0.451825816690587,0.477324069530239,0.394337238564669,0.347679375282575
"GSM5484007",0.508587657936233,0.34513797407196,0.575740762555636,0.556282247244228,0.394014501122009,0.477060013363226
"GSM5484008",0.554223174686489,0.476556578256401,0.602826719528359,0.370135332039981,0.321524651274149,0.415662364444838
"GSM5484009",0.555945947549872,0.460699358045698,0.599351650385511,0.368940981005684,0.328417704989845,0.461847754300223
"GSM5484010",0.392629129966447,0.44101292770136,0.57752008142308,0.393991531773147,0.352046062350077,0.409946974327517
"GSM5484011",0.462193771424688,0.324778513823006,0.450253184604842,0.298178842521607,0.281626647749505,0.54542132198794
"GSM5484012",0.519568336628277,0.331769149450896,0.573044584208694,0.446473232055935,0.35073903188585,0.328251215740902
"GSM5484013",0.432586424642989,0.0851594534343332,0.445768448567114,0.555800206669941,0.352504634436436,0.238465298471948
"GSM5484014",0.334827775998315,0.272115839809966,0.414956572952044,0.4253551811619,0.27762775238836,0.283155439274851
"GSM5484015",0.392428173054609,0.137485505822369,0.468705595399486,0.553543637823788,0.325574318169337,0.441583666221028
"GSM5484016",0.574349376001132,0.451685671176295,0.641854737403373,0.449133459706242,0.334182752909226,0.343245659767641
"GSM5484017",0.39179987890839,0.369411280985457,0.522475012165429,0.550819758094031,0.381851882509164,0.233952579601254
"GSM5484018",0.423551653251344,0.326589007786702,0.474452950026986,0.474222838491217,0.327011375797977,0.405833757412151
"GSM5484019",0.431823569266745,0.302172347657961,0.56249218495238,0.608999460575644,0.38689265251203,0.469688115387396
"GSM5484020",0.460738993945127,0.377210369272081,0.568580945795488,0.547532432412914,0.394428000847197,0.361238947497195
"GSM5484021",0.482448793618394,0.447346614853925,0.550188941687032,0.641298308359094,0.437015545832287,0.458385787661748
"GSM5484022",0.456244916885958,0.427594195604706,0.525249561689676,0.492489264945633,0.41200603519192,0.42822237421785
"GSM5484023",0.462232077606629,0.381810656011225,0.597607083180922,0.370794969260071,0.327208235324617,0.388948246037109
"GSM5484024",0.515259071122965,0.496220570390579,0.572813649799034,0.475450299374448,0.38154820934019,0.462096616681794
"GSM5484025",0.4149726715832,0.270565175927773,0.519596504083943,0.665792416703683,0.438749901757799,0.477243733455073
"GSM5484026",0.438237024282387,0.314434217274027,0.564253193362365,0.555072224520486,0.413741844205789,0.432042924581689
"GSM5484027",0.370012290141627,0.32524414436956,0.549677601668514,0.596874896912042,0.390944882736315,0.30145607339549
"GSM5484028",0.535194334894874,0.392841388170763,0.60468729150577,0.503303126744779,0.435893664769698,0.395259404606321
"GSM5484029",0.43042483555573,0.115005263636933,0.487104236972138,0.605339922241895,0.407058108138183,0.479241386376872
"GSM5484030",0.462625000177953,0.275754152551063,0.576407831349672,0.597712901287145,0.409277299572323,0.461174292606377
"GSM5484031",0.483039898112692,0.504526152736215,0.572834752141928,0.517380960356753,0.378676468570668,0.182477893776973
"GSM5484032",0.463155270678346,0.43433966908401,0.546542905209441,0.613906884730777,0.430740290063119,0.226974229354009
"GSM5484033",0.383756383038043,0.179856104965473,0.434631202945211,0.537035436573392,0.361703851826153,0.188762623126993
"GSM5484034",0.538866553573352,0.395302561638244,0.582032807935955,0.515598328186363,0.381658813204235,0.442484215143834
"GSM5484035",0.432321754285047,0.200007952866788,0.529649500538134,0.58594793971883,0.439362393204194,0.382055172100754
"GSM5484036",0.411577148527768,0.334134035838805,0.599659017739629,0.589370071100006,0.381566113435083,0.345383507563926
"GSM5484037",0.370909997811527,0.276404297217464,0.43391451985915,0.551570288677084,0.41325995826943,0.505764208446354
"GSM5484038",0.421987518856,0.476956865787194,0.642277570489729,0.476782564896013,0.374161310306049,0.482980908576564
"GSM5484039",0.337709116439216,0.269447465272858,0.495078656064167,0.447577804328431,0.330732751277925,0.512373248478306
"GSM5484040",0.42390960547377,0.350892176317067,0.516000291462238,0.536886230786013,0.384570423980197,0.487304930548727
"GSM5484041",0.389217630516524,0.326152061449818,0.485440578109609,0.553171436763076,0.335903813147438,0.518100758578928
"GSM5484042",0.388883363797439,0.172793230477607,0.576871826946528,0.492671431527086,0.339457735091248,0.413174010587109
"GSM5484043",0.443700651894125,0.337649559665059,0.441951112885271,0.478507309329949,0.357054705138961,0.369888350897249
"GSM5484044",0.582153065626149,0.519039593729935,0.647914586578479,0.460581874769312,0.437393128025629,0.353972884710818
"GSM5484045",0.444926759385871,0.139913581059857,0.498286635050638,0.542450608500225,0.462556202996462,0.518540989145081
"GSM5484046",0.534478204429422,0.391597403181534,0.614363529907217,0.427399513620976,0.38355889287239,0.532907225514633
"GSM5484047",0.524405846132433,0.239046054969991,0.441269128686113,0.691693716086893,0.460601178141524,0.381698323769213
"GSM5484048",0.455958882130081,0.3732445613957,0.522726923110469,0.51089881102395,0.403460269534675,0.433588427735121
"GSM5484049",0.436244277598059,0.407010811674947,0.529950514581611,0.512875333460392,0.383125177848844,0.399518267653804
"GSM5484050",0.405525232033877,0.340443893095928,0.467471859951993,0.534346033022999,0.367098779052745,0.374497922472623
"GSM5484051",0.472472339260082,0.335479577996111,0.526088801622893,0.65367172458909,0.421005069485432,0.452886073481765
"GSM5484052",0.533736752273275,0.392010035327647,0.483255093731876,0.750746730957731,0.494616338375494,0.178756566817582
"GSM5484053",0.420174535180069,0.273807342672626,0.458049697372458,0.605520460967967,0.420706585038404,0.353065703627095
"GSM5484054",0.389497458287808,0.187470808907808,0.485711180938345,0.402001156904681,0.296395105426339,0.505196667075968
"GSM5484055",0.561191558499638,0.589098952432797,0.611610973706997,0.454643919295912,0.392932878900291,0.381213454440319
"GSM5484056",0.46960249776138,0.418404706223009,0.470734638557098,0.570964272123363,0.401331905407445,0.363729911288899
"GSM5484057",0.523746526555728,0.508538411665687,0.556990394389123,0.480406134039601,0.431023891104187,0.282143954491484
"GSM5484058",0.382480475327223,0.267536830415821,0.454805041303774,0.481624228508382,0.33702836107193,0.359258869021272
"GSM5484059",0.437132569588401,0.419517161451379,0.553483840314004,0.526935057812086,0.423111115381989,0.401071477091835
"GSM5484060",0.388246216804305,0.276175343400862,0.474298080277557,0.475102352851272,0.326470411054188,0.481519388522097
"GSM5484061",0.347943137310023,0.143273968832411,0.398002041254881,0.693603148641455,0.540121322773023,0.362655817696752
"GSM5484062",0.502245931837823,0.379108803236252,0.465440595970141,0.694324972739348,0.440740171306778,0.22495424852726
"GSM5484063",0.357168406596111,0.0521223634084647,0.37828590355142,0.401711810635529,0.337597939407533,0.533524488071808
"GSM5484064",0.455964253279155,0.080812897616353,0.52371660082699,0.596303026483096,0.369077210862411,0.448643659788263
"GSM5484065",0.407174775538344,0.295939079791563,0.481125128665045,0.46444432781874,0.306867301844867,0.477368082613685
"GSM5484066",0.338363665734138,-0.0199058062894072,0.425531157333145,0.487564686549484,0.295264938690437,0.460942278374918
"GSM5484067",0.439345629162878,0.140181573169985,0.483797967043698,0.43380566639747,0.32159115834428,0.539427933610168
"GSM5484068",0.355030259570622,0.0319558677748714,0.391816308726301,0.366163303764375,0.245960018638242,0.545063193634433
"GSM5484069",0.439968544361349,0.300481084814517,0.505505987948209,0.490698960192163,0.294785503137266,0.550739643227188
"GSM5484070",0.460676959246752,0.2693155884585,0.441632675010529,0.7261835518633,0.497509874870689,0.280059207176319
"GSM5484071",0.284953252433449,0.128449941867337,0.449070834534476,0.345649845232371,0.226434249771792,0.474335746127635
"GSM5484072",0.347355872573339,0.284377906828815,0.453533625074526,0.559389327620756,0.373496124599018,0.431378475717124
"GSM5484073",0.51580255736039,0.481807916936596,0.567464190808481,0.560088184424842,0.387159580636678,0.516856528779551
"GSM5484074",0.529981005291676,0.420283256384417,0.591976610101893,0.676638292296725,0.43699208091051,0.515046602173263
"GSM5484075",0.510989266065338,0.423648108222195,0.480538456063443,0.522114424303044,0.36309043897617,0.508913300809136
"GSM5484076",0.382352285903919,0.414117676115303,0.493659139099803,0.464680164071009,0.351923892561802,0.546358772239727
"GSM5484077",0.458747596456725,0.293644408964479,0.59209866018804,0.495397433656487,0.360057497875171,0.460543528192535
"GSM5484078",0.277757864226442,0.22941722727808,0.512709196128026,0.413721223585675,0.294723484649759,0.475779453048075
"GSM5484079",0.401093978323759,0.350638407070453,0.614692168085508,0.464039644228515,0.349497608795305,0.391621131183858
"GSM5484080",0.320109148409753,0.414376352474701,0.548559964937768,0.580365151185535,0.385243911812747,0.40227643439933
"GSM5484081",0.350354738352431,0.248086084262508,0.521016408911602,0.567559889708011,0.405215835598447,0.494611803008291
"GSM5484082",0.455454277677121,0.362361043755265,0.542854746446653,0.51673346326865,0.383932198065416,0.322999425762804
"GSM5484083",0.366930436411798,0.423045583078961,0.554733382046402,0.468826464240581,0.353868054137197,0.312464949002593
"GSM5484084",0.385376828465153,0.390422874844131,0.521054366592534,0.596461843962171,0.417605798818882,0.375038922011169
"GSM5484085",0.389736839032869,0.280227992148399,0.511167195069105,0.568399252943884,0.389169884638302,0.416970110772906
"GSM5484086",0.454169888461594,0.250797419652853,0.51512969722898,0.501909454496571,0.394701813142976,0.473517846355055
"GSM5484087",0.506328701523956,0.468826397587369,0.551320567851346,0.559023867641509,0.408389632886934,0.418294072931834
"GSM5484088",0.440654931913103,0.19529093969682,0.501936128895805,0.537040780031554,0.383633868217116,0.489267664489348
"GSM5484089",0.54998084482091,0.331986316030823,0.551937118734222,0.687726090362424,0.486060166608481,0.375774092089975
"GSM5484090",0.410501903510767,0.02620447460328,0.408112676852065,0.561892703257102,0.33991732768594,0.522274070857367
"GSM5484091",0.533392997614025,0.441351169965209,0.57765338433317,0.599762189443877,0.452757654096454,0.459825704805423
"GSM5484092",0.457487559778004,0.352171889962313,0.515291971701676,0.541892872283942,0.354899702996522,0.483685909328352
"GSM5484093",0.535700044459676,0.50386292176539,0.567751671516943,0.592616762281872,0.402163956007195,0.288993125164051
"GSM5484094",0.384684337667711,-0.00768450731304579,0.436100386159298,0.498752823280332,0.377563197072684,0.465702978884126
"GSM5484095",0.335584868519308,0.0831159964787185,0.410175676689643,0.503015037083071,0.374597217072935,0.530935120931008
"GSM5484096",0.31109843074131,0.157749494836712,0.43168297081307,0.284927187549294,0.19207550265133,0.523099250579029
"GSM5484097",0.333534971387584,0.0889831212277185,0.427096534030941,0.472254697578926,0.364954453475506,0.508748552512428
"GSM5484098",0.468847194200503,0.326362679240309,0.511206733353936,0.509232537855968,0.351676827480394,0.535035260534416
"GSM5484099",0.424902360813383,0.314178907392998,0.470057531053159,0.645666827588331,0.464494817497195,0.426416288156917
"GSM5484100",0.456705389079355,0.370139360726457,0.492561318126578,0.476442566729222,0.347988534634846,0.562794879796723
"GSM5484101",0.347408508808096,0.140545468141343,0.403803176190433,0.39230323105469,0.272039159412856,0.536296631706527
"GSM5484102",0.353962340495628,0.176271053687336,0.356934890371738,0.442791704607988,0.372729421689464,0.526268707964353
"GSM5484103",0.349745725428918,0.175000814170986,0.399077200256119,0.470819659641464,0.382599779186465,0.491027224804282
"GSM5484104",0.48728484557986,0.439959078172892,0.528445849463271,0.53525956871709,0.423808613956086,0.461300695573474
"GSM5484105",0.354696976629584,-0.0156846961876552,0.427095340061775,0.22259723046314,0.174865746951509,0.593751594242478
"GSM5484106",0.375649101961772,0.246600555764694,0.484314551247072,0.424571813938852,0.302917383534465,0.508634735897522
"GSM5484107",0.405936783739871,0.262543865190038,0.498272488242111,0.586056054682854,0.431628262894859,0.506031212106954
"GSM5484108",0.435410274752345,0.285623476328569,0.521139267619386,0.546774050979067,0.397610099258171,0.51696988725047
"GSM5484109",0.445573162982046,0.146635437947226,0.399749568259513,0.501370367504334,0.387820666480553,0.541079482575368
