barcode,capture_area,x_coordinate,y_coordinate,in_tissue,macrophage_rich,t_cell_inflamed,stromal_fibrotic,proliferative_cycling,macrophage_rich_q05,macrophage_rich_q95,t_cell_inflamed_q05,t_cell_inflamed_q95,stromal_fibrotic_q05,stromal_fibrotic_q95,proliferative_cycling_q05,proliferative_cycling_q95
AACACTTGGCAAGGAA-1,GSM8500537_Cap.area4_DLBCL_V2,3771,5415,1,0.24121293553608,0.141849755348748,0.0429963050050386,0.209057318227624,0.07563593611628548,0.5301172626500141,0.008959352713550136,0.42763759634142445,0.0439429566067121,0.8056799096100407,0,0.34849757229669914
AACAGTCAGGCTCCGC-1,GSM8500537_Cap.area4_DLBCL_V2,7877,3001,1,0.181299050294684,0.154050337394864,0.0849390783888601,0.159556600604636,0.07563593611628548,0.5301172626500141,0.008959352713550136,0.42763759634142445,0.0439429566067121,0.8056799096100407,0,0.34849757229669914
AACATAGTCTATCTAC-1,GSM8500537_Cap.area4_DLBCL_V2,6554,6667,1,0.189574617522216,0.144648053983178,0.263932573976242,0.183009130607384,0.07563593611628548,0.5301172626500141,0.008959352713550136,0.42763759634142445,0.0439429566067121,0.8056799096100407,0,0.34849757229669914
AACATCTAATGACCGG-1,GSM8500537_Cap.area4_DLBCL_V2,4725,7607,1,0.275170244602559,0.131520035818222,0.0382630469966715,0.0411640760985739,0.07563593611628548,0.5301172626500141,0.008959352713550136,0.42763759634142445,0.0439429566067121,0.8056799096100407,0,0.34849757229669914
AACATCTTAAGGCTCA-1,GSM8500537_Cap.area4_DLBCL_V2,7770,2130,1,0.141997740251015,0.097748568870127,0.188444743029896,0.262650013741717,0.07563593611628548,0.5301172626500141,0.008959352713550136,0.42763759634142445,0.0439429566067121,0.8056799096100407,0,0.34849757229669914
AACATGCGCAAGTGAG-1,GSM8500537_Cap.area4_DLBCL_V2,6846,7650,1,0.0940391486243015,0.068582301960408,0.0360032980120316,0.22792927596421,0.07563593611628548,0.5301172626500141,0.008959352713550136,0.42763759634142445,0.0439429566067121,0.8056799096100407,0,0.34849757229669914
AACCAATCTGGTTGGC-1,GSM8500537_Cap.area4_DLBCL_V2,7067,6025,1,0.113308089290622,0.119351434327929,0.0611353711790393,0.311753748434971,0.07563593611628548,0.5301172626500141,0.008959352713550136,0.42763759634142445,0.0439429566067121,0.8056799096100407,0,0.34849757229669914
AACCACTAACATGATT-1,GSM8500537_Cap.area4_DLBCL_V2,7238,6789,1,0.124057165541882,0.113978700949823,0.0662656121171405,0.0646776803982044,0.07563593611628548,0.5301172626500141,0.008959352713550136,0.42763759634142445,0.0439429566067121,0.8056799096100407,0,0.34849757229669914
AACCTACAGAGGTAGT-1,GSM8500537_Cap.area4_DLBCL_V2,1500,3523,1,0.452743762787431,0.109853209248777,0.827694139921214,0,0.07563593611628548,0.5301172626500141,0.008959352713550136,0.42763759634142445,0.0439429566067121,0.8056799096100407,0,0.34849757229669914
AACCTACTGTAACTCA-1,GSM8500537_Cap.area4_DLBCL_V2,7167,4181,1,0.334244358261826,0.244523329815472,0.177985769688827,0.186215531193697,0.07563593611628548,0.5301172626500141,0.008959352713550136,0.42763759634142445,0.0439429566067121,0.8056799096100407,0,0.34849757229669914
AACCTTAGCGTCCGGT-1,GSM8500537_Cap.area4_DLBCL_V2,4544,7277,1,0.281369285736098,0.445936870382807,0.0518062723302898,0.0697315784652029,0.07563593611628548,0.5301172626500141,0.008959352713550136,0.42763759634142445,0.0439429566067121,0.8056799096100407,0,0.34849757229669914
AACGGCACAGAATATT-1,GSM8500537_Cap.area4_DLBCL_V2,6776,1892,1,0.397578404128622,0.309971537305318,0.364216569456744,0.230769230769231,0.07563593611628548,0.5301172626500141,0.008959352713550136,0.42763759634142445,0.0439429566067121,0.8056799096100407,0,0.34849757229669914
AACGTCGCGACAAGGT-1,GSM8500537_Cap.area4_DLBCL_V2,7516,2342,1,0.127874309097016,0.195145351626211,0.0964363147769262,0.237380523406724,0.07563593611628548,0.5301172626500141,0.008959352713550136,0.42763759634142445,0.0439429566067121,0.8056799096100407,0,0.34849757229669914
AACTAGCACTGTTCGA-1,GSM8500537_Cap.area4_DLBCL_V2,4633,2935,1,0.307600696246984,0.201077744731203,0.344336885821602,0.00103826304699672,0.07563593611628548,0.5301172626500141,0.008959352713550136,0.42763759634142445,0.0439429566067121,0.8056799096100407,0,0.34849757229669914
AACTAGCATCACGTAC-1,GSM8500537_Cap.area4_DLBCL_V2,6559,6450,1,0.120362170580511,0.130976366369247,0.14805936421657,0.300851986441506,0.07563593611628548,0.5301172626500141,0.008959352713550136,0.42763759634142445,0.0439429566067121,0.8056799096100407,0,0.34849757229669914
AACTAGCCTAATAGCA-1,GSM8500537_Cap.area4_DLBCL_V2,4982,1096,1,0.193926161175069,0.075474111740062,0.0335297889883043,0.0111765963294348,0.07563593611628548,0.5301172626500141,0.008959352713550136,0.42763759634142445,0.0439429566067121,0.8056799096100407,0,0.34849757229669914
AACTAGCCTTGCAATA-1,GSM8500537_Cap.area4_DLBCL_V2,4753,3154,1,0.352475035881149,0.238351082541815,0.191498457874004,0.132882401441353,0.07563593611628548,0.5301172626500141,0.008959352713550136,0.42763759634142445,0.0439429566067121,0.8056799096100407,0,0.34849757229669914
AACTATGCTGCATTCG-1,GSM8500537_Cap.area4_DLBCL_V2,5427,6861,1,0.326045133905396,0.271466948095558,0.188261520139249,0.0729990533483983,0.07563593611628548,0.5301172626500141,0.008959352713550136,0.42763759634142445,0.0439429566067121,0.8056799096100407,0,0.34849757229669914
AACTATTCTGCGGCCT-1,GSM8500537_Cap.area4_DLBCL_V2,1362,4171,1,0.657648028827068,0.0703732130864434,0.829938620331633,0,0.07563593611628548,0.5301172626500141,0.008959352713550136,0.42763759634142445,0.0439429566067121,0.8056799096100407,0,0.34849757229669914
AACTCACCGAACTTAT-1,GSM8500537_Cap.area4_DLBCL_V2,3833,2375,1,0.327480379882127,0.16687454027951,0.123400616850398,0.0564479188933338,0.07563593611628548,0.5301172626500141,0.008959352713550136,0.42763759634142445,0.0439429566067121,0.8056799096100407,0,0.34849757229669914
AACTGCCGGAGTAACA-1,GSM8500537_Cap.area4_DLBCL_V2,6597,7645,1,0.0824197636424711,0.14498384981931,0.0224906098268544,0.350673344123126,0.07563593611628548,0.5301172626500141,0.008959352713550136,0.42763759634142445,0.0439429566067121,0.8056799096100407,0,0.34849757229669914
AACTGCCTCGATAGGT-1,GSM8500537_Cap.area4_DLBCL_V2,4417,4342,1,0.163816532812166,0.359285554382935,0.0686169725471035,0.0556234158854246,0.07563593611628548,0.5301172626500141,0.008959352713550136,0.42763759634142445,0.0439429566067121,0.8056799096100407,0,0.34849757229669914
AACTGCGAACCTTACC-1,GSM8500537_Cap.area4_DLBCL_V2,4535,1629,1,0.370140776254313,0.173814320892897,0.554722570006413,0.0862827129202675,0.07563593611628548,0.5301172626500141,0.008959352713550136,0.42763759634142445,0.0439429566067121,0.8056799096100407,0,0.34849757229669914
AACTGGTCATGTGGTT-1,GSM8500537_Cap.area4_DLBCL_V2,4298,973,1,0.1625034354292,0.134814033067895,0.0611964454759215,0.0651815433474822,0.07563593611628548,0.5301172626500141,0.008959352713550136,0.42763759634142445,0.0439429566067121,0.8056799096100407,0,0.34849757229669914
AACTTATGATACGTAC-1,GSM8500537_Cap.area4_DLBCL_V2,6536,7535,1,0.0318349772498244,0.167881927787905,0.0367819952972791,0.316334320701133,0.07563593611628548,0.5301172626500141,0.008959352713550136,0.42763759634142445,0.0439429566067121,0.8056799096100407,0,0.34849757229669914
AACTTCGCTTAGTCAG-1,GSM8500537_Cap.area4_DLBCL_V2,3419,4322,1,0.264528048370843,0.10897374396367,0.0542950499282377,0.0707851100864201,0.07563593611628548,0.5301172626500141,0.008959352713550136,0.42763759634142445,0.0439429566067121,0.8056799096100407,0,0.34849757229669914
AACTTGCAACTTGGAC-1,GSM8500537_Cap.area4_DLBCL_V2,6612,3844,1,0.526658930589062,0.58490837570757,0.598421229425596,0.0326594802577336,0.07563593611628548,0.5301172626500141,0.008959352713550136,0.42763759634142445,0.0439429566067121,0.8056799096100407,0,0.34849757229669914
AAGAATTCTGGCTGCA-1,GSM8500537_Cap.area4_DLBCL_V2,4936,6416,1,0.383546584419947,0.270779366145384,0.310150548141815,0.0308425199254894,0.07563593611628548,0.5301172626500141,0.008959352713550136,0.42763759634142445,0.0439429566067121,0.8056799096100407,0,0.34849757229669914
AAGACAATCTCCTGCA-1,GSM8500537_Cap.area4_DLBCL_V2,4803,6848,1,0.291767184780285,0.237231763088043,0.0952606345619446,0.0753504137783614,0.07563593611628548,0.5301172626500141,0.008959352713550136,0.42763759634142445,0.0439429566067121,0.8056799096100407,0,0.34849757229669914
AAGACTAAGGAGATCC-1,GSM8500537_Cap.area4_DLBCL_V2,6507,5905,1,0.113552386478151,0.13644504141482,0.0443246709622256,0.316151097810486,0.07563593611628548,0.5301172626500141,0.008959352713550136,0.42763759634142445,0.0439429566067121,0.8056799096100407,0,0.34849757229669914
AAGATGAAGGTCATCG-1,GSM8500537_Cap.area4_DLBCL_V2,1199,2973,1,0.273918221516475,0.00284626946816335,0.779124805325679,0.005435612422512,0.07563593611628548,0.5301172626500141,0.008959352713550136,0.42763759634142445,0.0439429566067121,0.8056799096100407,0,0.34849757229669914
AAGATGGCCGCTAGTT-1,GSM8500537_Cap.area4_DLBCL_V2,6046,7091,1,0.119644547592146,0.0492020851322396,0.0976730692887898,0.120911839252451,0.07563593611628548,0.5301172626500141,0.008959352713550136,0.42763759634142445,0.0439429566067121,0.8056799096100407,0,0.34849757229669914
AAGATTAGGCTGTCTA-1,GSM8500537_Cap.area4_DLBCL_V2,6716,1783,1,0.261382722081412,0.224647414372062,0.261413259229853,0.127065074663328,0.07563593611628548,0.5301172626500141,0.008959352713550136,0.42763759634142445,0.0439429566067121,0.8056799096100407,0,0.34849757229669914
AAGATTATCTAGCATA-1,GSM8500537_Cap.area4_DLBCL_V2,3875,3354,1,0.279628668274956,0.155585404074323,0.334595535468898,0.0455308883256481,0.07563593611628548,0.5301172626500141,0.008959352713550136,0.42763759634142445,0.0439429566067121,0.8056799096100407,0,0.34849757229669914
AAGATTCTGGTCGCGA-1,GSM8500537_Cap.area4_DLBCL_V2,8260,2574,1,0.199193819281156,0.120518724615434,0.122209668061196,0.320044584236724,0.07563593611628548,0.5301172626500141,0.008959352713550136,0.42763759634142445,0.0439429566067121,0.8056799096100407,0,0.34849757229669914
AAGCACTCAGGAATGT-1,GSM8500537_Cap.area4_DLBCL_V2,8252,3009,1,0.116331266986289,0.170632255588602,0.07304485907106,0.280560051302409,0.07563593611628548,0.5301172626500141,0.008959352713550136,0.42763759634142445,0.0439429566067121,0.8056799096100407,0,0.34849757229669914
AAGCAGCGGACACGTG-1,GSM8500537_Cap.area4_DLBCL_V2,3788,4547,1,0.149265581579992,0.140410630336755,0.0668000122148594,0.0757779338565365,0.07563593611628548,0.5301172626500141,0.008959352713550136,0.42763759634142445,0.0439429566067121,0.8056799096100407,0,0.34849757229669914
AAGCAGTATCAGAATC-1,GSM8500537_Cap.area4_DLBCL_V2,7365,3642,1,0.328778208690872,0.372573475327001,0.302562066754206,0.0311936971325618,0.07563593611628548,0.5301172626500141,0.008959352713550136,0.42763759634142445,0.0439429566067121,0.8056799096100407,0,0.34849757229669914
AAGCAGTGAGTGCGAC-1,GSM8500537_Cap.area4_DLBCL_V2,6456,5361,1,0.117094695697316,0.144584092871534,0.0444620881302104,0.375393165786179,0.07563593611628548,0.5301172626500141,0.008959352713550136,0.42763759634142445,0.0439429566067121,0.8056799096100407,0,0.34849757229669914
AAGCAGTGTAGAATCT-1,GSM8500537_Cap.area4_DLBCL_V2,3897,2268,1,0.320548447186002,0.16284499024593,0.122682993862033,0.118484135951385,0.07563593611628548,0.5301172626500141,0.008959352713550136,0.42763759634142445,0.0439429566067121,0.8056799096100407,0,0.34849757229669914
AAGCATCAAGCGTGAT-1,GSM8500537_Cap.area4_DLBCL_V2,6244,6552,1,0.0984212294255963,0.179826665387444,0.11585794118545201,0.328488105780682,0.07563593611628548,0.5301172626500141,0.008959352713550136,0.42763759634142445,0.0439429566067121,0.8056799096100407,0,0.34849757229669914
AAGCATTGAGTGGTTG-1,GSM8500537_Cap.area4_DLBCL_V2,6681,3520,1,0.529911136898036,0.371981835044293,0.41336610987266,0,0.07563593611628548,0.5301172626500141,0.008959352713550136,0.42763759634142445,0.0439429566067121,0.8056799096100407,0,0.34849757229669914
AAGCCAGATATCAGAA-1,GSM8500537_Cap.area4_DLBCL_V2,6541,7318,1,0.0811677405563869,0.168201733346126,0.0426451277979663,0.407930497450148,0.07563593611628548,0.5301172626500141,0.008959352713550136,0.42763759634142445,0.0439429566067121,0.8056799096100407,0,0.34849757229669914
AAGCCAGGCCGACGTG-1,GSM8500537_Cap.area4_DLBCL_V2,4486,4018,1,0.285919320853819,0.269068406408903,0.0823739579198094,0.232097596726418,0.07563593611628548,0.5301172626500141,0.008959352713550136,0.42763759634142445,0.0439429566067121,0.8056799096100407,0,0.34849757229669914
AAGCCAGGCTGCTTGA-1,GSM8500537_Cap.area4_DLBCL_V2,4850,7609,1,0.282178520169787,0.17277495282868,0.0634409258863408,0.0261856047882248,0.07563593611628548,0.5301172626500141,0.008959352713550136,0.42763759634142445,0.0439429566067121,0.8056799096100407,0,0.34849757229669914
AAGCCAGGTTACGAAC-1,GSM8500537_Cap.area4_DLBCL_V2,7260,5704,1,0.0859926100100773,0.113243148165915,0.0756405166885517,0.257870950010688,0.07563593611628548,0.5301172626500141,0.008959352713550136,0.42763759634142445,0.0439429566067121,0.8056799096100407,0,0.34849757229669914
AAGCCATCCGTGCTAT-1,GSM8500537_Cap.area4_DLBCL_V2,6516,5471,1,0.246724890829694,0.176532668137772,0.0965431947964699,0.32645738540935,0.07563593611628548,0.5301172626500141,0.008959352713550136,0.42763759634142445,0.0439429566067121,0.8056799096100407,0,0.34849757229669914
AAGCCATCGCGATATG-1,GSM8500537_Cap.area4_DLBCL_V2,7182,6462,1,0.199514459339787,0.0694137964117817,0.0492869575839008,0.112605734876477,0.07563593611628548,0.5301172626500141,0.008959352713550136,0.42763759634142445,0.0439429566067121,0.8056799096100407,0,0.34849757229669914
AAGCCATTATCTGCCA-1,GSM8500537_Cap.area4_DLBCL_V2,6193,6008,1,0.123782331205912,0.0872109757267582,0.0754572937979051,0.0338198918984945,0.07563593611628548,0.5301172626500141,0.008959352713550136,0.42763759634142445,0.0439429566067121,0.8056799096100407,0,0.34849757229669914
AAGCGAGCCGTCCGCT-1,GSM8500537_Cap.area4_DLBCL_V2,6308,362,1,0.0937490457141112,0.148917458185423,0.0433932879347727,0.394998015085351,0.07563593611628548,0.5301172626500141,0.008959352713550136,0.42763759634142445,0.0439429566067121,0.8056799096100407,0,0.34849757229669914
AAGCGAGGAAGTGAAC-1,GSM8500537_Cap.area4_DLBCL_V2,1319,3193,1,0.55719607903014,0,0.780773811341497,0,0.07563593611628548,0.5301172626500141,0.008959352713550136,0.42763759634142445,0.0439429566067121,0.8056799096100407,0,0.34849757229669914
AAGCGTTCGTCTGTCC-1,GSM8500537_Cap.area4_DLBCL_V2,4151,2056,1,0.337343878828595,0.264383254980972,0.130760069624698,0.0642806974684704,0.07563593611628548,0.5301172626500141,0.008959352713550136,0.42763759634142445,0.0439429566067121,0.8056799096100407,0,0.34849757229669914
AAGGAGGCACTCAATT-1,GSM8500537_Cap.area4_DLBCL_V2,3768,2483,1,0.315799920603414,0.170216508362915,0.122957828198003,0.155907411365927,0.07563593611628548,0.5301172626500141,0.008959352713550136,0.42763759634142445,0.0439429566067121,0.8056799096100407,0,0.34849757229669914
AAGGAGTGGCTACCAA-1,GSM8500537_Cap.area4_DLBCL_V2,5968,7849,1,0.136134607750328,0.127842271898686,0.414251687177451,0.165099093046691,0.07563593611628548,0.5301172626500141,0.008959352713550136,0.42763759634142445,0.0439429566067121,0.8056799096100407,0,0.34849757229669914
AAGGCATGAACAGCTC-1,GSM8500537_Cap.area4_DLBCL_V2,4840,1961,1,0.286453720951538,0.212222968435191,0.316502275017559,0.0201087122484502,0.07563593611628548,0.5301172626500141,0.008959352713550136,0.42763759634142445,0.0439429566067121,0.8056799096100407,0,0.34849757229669914
AAGGCCAGCAATCGCC-1,GSM8500537_Cap.area4_DLBCL_V2,8191,2899,1,0.0772742541301493,0.174342000063961,0.044477356704431,0.365606009710813,0.07563593611628548,0.5301172626500141,0.008959352713550136,0.42763759634142445,0.0439429566067121,0.8056799096100407,0,0.34849757229669914
AAGGCCAGTCGCAATT-1,GSM8500537_Cap.area4_DLBCL_V2,7231,4074,1,0.37713378324732,0.310051488694874,0.203133111430055,0.159358109139769,0.07563593611628548,0.5301172626500141,0.008959352713550136,0.42763759634142445,0.0439429566067121,0.8056799096100407,0,0.34849757229669914
AAGGCCGACCTACCTG-1,GSM8500537_Cap.area4_DLBCL_V2,3650,5196,1,0.381836504107246,0.234305542230324,0.117155769994198,0.092329068311601,0.07563593611628548,0.5301172626500141,0.008959352713550136,0.42763759634142445,0.0439429566067121,0.8056799096100407,0,0.34849757229669914
AAGGCCGACTATGTAA-1,GSM8500537_Cap.area4_DLBCL_V2,7184,3313,1,0.571090481570831,0.181649557069302,0.618850581732678,0.0166122087519467,0.07563593611628548,0.5301172626500141,0.008959352713550136,0.42763759634142445,0.0439429566067121,0.8056799096100407,0,0.34849757229669914
AAGGCCTCGCGAGGAA-1,GSM8500537_Cap.area4_DLBCL_V2,2049,7226,1,0.210904815708309,0.0637052671975439,0.376217668794088,0,0.07563593611628548,0.5301172626500141,0.008959352713550136,0.42763759634142445,0.0439429566067121,0.8056799096100407,0,0.34849757229669914
AAGGCGACGGTGTCGG-1,GSM8500537_Cap.area4_DLBCL_V2,4992,6743,1,0.396311112468318,0.356887012696281,0.177649861055975,0,0.07563593611628548,0.5301172626500141,0.008959352713550136,0.42763759634142445,0.0439429566067121,0.8056799096100407,0,0.34849757229669914
AAGGCGCCTAACATAG-1,GSM8500537_Cap.area4_DLBCL_V2,1716,2115,1,0.432024307570159,0.0213630112891362,0.784758909213058,0,0.07563593611628548,0.5301172626500141,0.008959352713550136,0.42763759634142445,0.0439429566067121,0.8056799096100407,0,0.34849757229669914
AAGGTGGATATGATCG-1,GSM8500537_Cap.area4_DLBCL_V2,6946,5806,1,0.106620453782026,0.103425117528543,0.044141448071579,0.313891348825847,0.07563593611628548,0.5301172626500141,0.008959352713550136,0.42763759634142445,0.0439429566067121,0.8056799096100407,0,0.34849757229669914
AAGGTTGCAGAAGCAG-1,GSM8500537_Cap.area4_DLBCL_V2,1711,2332,1,0.283674840443399,0.0452844670440372,0.67896295843894106,0.0144135340641891,0.07563593611628548,0.5301172626500141,0.008959352713550136,0.42763759634142445,0.0439429566067121,0.8056799096100407,0,0.34849757229669914
AAGTACTAAGGTTACG-1,GSM8500537_Cap.area4_DLBCL_V2,4798,7065,1,0.295782819800287,0.327976590233138,0.0960240632729715,0.0347665435001679,0.07563593611628548,0.5301172626500141,0.008959352713550136,0.42763759634142445,0.0439429566067121,0.8056799096100407,0,0.34849757229669914
AAGTACTGGATGCGCA-1,GSM8500537_Cap.area4_DLBCL_V2,3827,5742,1,0.290102910190246,0.314352873452941,0.126622286010932,0.0845115583106849,0.07563593611628548,0.5301172626500141,0.008959352713550136,0.42763759634142445,0.0439429566067121,0.8056799096100407,0,0.34849757229669914
AAGTCGCTATCCTGTC-1,GSM8500537_Cap.area4_DLBCL_V2,6496,3407,1,0.418389470791217,0.516693850139115,0.50566464103582,0.0331328060585703,0.07563593611628548,0.5301172626500141,0.008959352713550136,0.42763759634142445,0.0439429566067121,0.8056799096100407,0,0.34849757229669914
AAGTCGGACACTTCAG-1,GSM8500537_Cap.area4_DLBCL_V2,6745,3412,1,0.541713744770513,0.452173078768109,0.451171099642715,0.0195285064280697,0.07563593611628548,0.5301172626500141,0.008959352713550136,0.42763759634142445,0.0439429566067121,0.8056799096100407,0,0.34849757229669914
AAGTCTACCGGTTGGA-1,GSM8500537_Cap.area4_DLBCL_V2,3773,2266,1,0.366064066937429,0.0463718059419873,0.190612880569212,0.0789996030170703,0.07563593611628548,0.5301172626500141,0.008959352713550136,0.42763759634142445,0.0439429566067121,0.8056799096100407,0,0.34849757229669914
AAGTCTTAAGTTGCCA-1,GSM8500537_Cap.area4_DLBCL_V2,4426,3908,1,0.365835038324121,0.27460104256612,0.119033804623324,0.110040614407427,0.07563593611628548,0.5301172626500141,0.008959352713550136,0.42763759634142445,0.0439429566067121,0.8056799096100407,0,0.34849757229669914
AAGTGGTTCCTCGCGT-1,GSM8500537_Cap.area4_DLBCL_V2,4590,1956,1,0.442468012337008,0.312498001215261,0.465615170855346,0.0567532903777446,0.07563593611628548,0.5301172626500141,0.008959352713550136,0.42763759634142445,0.0439429566067121,0.8056799096100407,0,0.34849757229669914
AAGTTAAGCACTATAA-1,GSM8500537_Cap.area4_DLBCL_V2,6482,4059,1,0.485983448865545,0.47516709840417,0.142501603200293,0.0727089504382081,0.07563593611628548,0.5301172626500141,0.008959352713550136,0.42763759634142445,0.0439429566067121,0.8056799096100407,0,0.34849757229669914
AATAACGTAACTGTGA-1,GSM8500537_Cap.area4_DLBCL_V2,4620,3586,1,0.296164534155801,0.27709552592024,0.138027910953675,0.190597611994992,0.07563593611628548,0.5301172626500141,0.008959352713550136,0.42763759634142445,0.0439429566067121,0.8056799096100407,0,0.34849757229669914
AATAACTCTAATACAG-1,GSM8500537_Cap.area4_DLBCL_V2,5112,881,1,0,0.085004317375036,0.0405838702781934,0,0.07563593611628548,0.5301172626500141,0.008959352713550136,0.42763759634142445,0.0439429566067121,0.8056799096100407,0,0.34849757229669914
AATAACTCTACGATGT-1,GSM8500537_Cap.area4_DLBCL_V2,4771,2286,1,0.384630653189605,0.246170328440308,0.153296485174214,0.157632760252848,0.07563593611628548,0.5301172626500141,0.008959352713550136,0.42763759634142445,0.0439429566067121,0.8056799096100407,0,0.34849757229669914
AATACGGTACGGCCTA-1,GSM8500537_Cap.area4_DLBCL_V2,4715,1959,1,0.32190735029163,0.263247945249288,0.427138363819586,0.132760252847589,0.07563593611628548,0.5301172626500141,0.008959352713550136,0.42763759634142445,0.0439429566067121,0.8056799096100407,0,0.34849757229669914
AATACTAACCACTTAT-1,GSM8500537_Cap.area4_DLBCL_V2,6701,5584,1,0.112559929153816,0.115369855128082,0.0480960087946988,0.406510520047638,0.07563593611628548,0.5301172626500141,0.008959352713550136,0.42763759634142445,0.0439429566067121,0.8056799096100407,0,0.34849757229669914
AATAGATAGCCTAACC-1,GSM8500537_Cap.area4_DLBCL_V2,6371,3405,1,0.418954408037377,0.64172183312546,0.26104681344856,0.0523559410022292,0.07563593611628548,0.5301172626500141,0.008959352713550136,0.42763759634142445,0.0439429566067121,0.8056799096100407,0,0.34849757229669914
AATAGTATAGTTGTCG-1,GSM8500537_Cap.area4_DLBCL_V2,3599,4651,1,0.109231379973738,0.252934215996674,0.116911472806669,0.12541606864751,0.07563593611628548,0.5301172626500141,0.008959352713550136,0.42763759634142445,0.0439429566067121,0.8056799096100407,0,0.34849757229669914
AATAGTCGTTATCTAG-1,GSM8500537_Cap.area4_DLBCL_V2,7205,5377,1,0.165893058906159,0.133087083053503,0.103078144562861,0.295645402632302,0.07563593611628548,0.5301172626500141,0.008959352713550136,0.42763759634142445,0.0439429566067121,0.8056799096100407,0,0.34849757229669914
AATAGTGGAAGAGCAT-1,GSM8500537_Cap.area4_DLBCL_V2,4377,6296,1,0.317326778025468,0.236943938085644,0.103429321769933,0.110819311692674,0.07563593611628548,0.5301172626500141,0.008959352713550136,0.42763759634142445,0.0439429566067121,0.8056799096100407,0,0.34849757229669914
AATCCGCCGACCTGAG-1,GSM8500537_Cap.area4_DLBCL_V2,4553,6843,1,0.249595382783156,0.209744475358982,0.0884966561822457,0.0380492869575839,0.07563593611628548,0.5301172626500141,0.008959352713550136,0.42763759634142445,0.0439429566067121,0.8056799096100407,0,0.34849757229669914
AATCTGCGAGACGTTC-1,GSM8500537_Cap.area4_DLBCL_V2,7706,2237,1,0.111628546126363,0.171879497265662,0.496350810761291,0.211652975845116,0.07563593611628548,0.5301172626500141,0.008959352713550136,0.42763759634142445,0.0439429566067121,0.8056799096100407,0,0.34849757229669914
AATCTGCGTTCCTTAC-1,GSM8500537_Cap.area4_DLBCL_V2,8131,2789,1,0.0425229792042019,0.12170200518085,0.0444162824075488,0.329923351757413,0.07563593611628548,0.5301172626500141,0.008959352713550136,0.42763759634142445,0.0439429566067121,0.8056799096100407,0,0.34849757229669914
AATCTTAGCCTCTGTC-1,GSM8500537_Cap.area4_DLBCL_V2,4665,7497,1,0.241350352704064,0.239118615881544,0.0445231624270925,0.051302409381012,0.07563593611628548,0.5301172626500141,0.008959352713550136,0.42763759634142445,0.0439429566067121,0.8056799096100407,0,0.34849757229669914
AATGAACTACGTCCAG-1,GSM8500537_Cap.area4_DLBCL_V2,6735,6996,1,0.146043912419458,0.122917266302088,0.0430268421534797,0.275521421809631,0.07563593611628548,0.5301172626500141,0.008959352713550136,0.42763759634142445,0.0439429566067121,0.8056799096100407,0,0.34849757229669914
AATGAAGACGGTTCAG-1,GSM8500537_Cap.area4_DLBCL_V2,4167,4337,1,0.292652762085077,0.407416290895136,0.212767581763215,0.0496228662167527,0.07563593611628548,0.5301172626500141,0.008959352713550136,0.42763759634142445,0.0439429566067121,0.8056799096100407,0,0.34849757229669914
AATGCAATCACTGTCG-1,GSM8500537_Cap.area4_DLBCL_V2,4457,2388,1,0.323846459217638,0.206162653106911,0.101306989953278,0.162839344062051,0.07563593611628548,0.5301172626500141,0.008959352713550136,0.42763759634142445,0.0439429566067121,0.8056799096100407,0,0.34849757229669914
AATGGACATCCTACTC-1,GSM8500537_Cap.area4_DLBCL_V2,4533,4779,1,0.332289980761596,0.284403082925581,0.128088069136104,0.0691208354963814,0.07563593611628548,0.5301172626500141,0.008959352713550136,0.42763759634142445,0.0439429566067121,0.8056799096100407,0,0.34849757229669914
AATGGCATAGTATCAT-1,GSM8500537_Cap.area4_DLBCL_V2,3806,3678,1,0.242297004305738,0.236991908919377,0.14524994655999,0.139127248297554,0.07563593611628548,0.5301172626500141,0.008959352713550136,0.42763759634142445,0.0439429566067121,0.8056799096100407,0,0.34849757229669914
AATGGTCGATACTCGG-1,GSM8500537_Cap.area4_DLBCL_V2,5038,1422,1,0.284590954896632,0.160638331894208,0.397349375515314,0.0559440559440559,0.07563593611628548,0.5301172626500141,0.008959352713550136,0.42763759634142445,0.0439429566067121,0.8056799096100407,0,0.34849757229669914
AATGGTCTCGAGCGCT-1,GSM8500537_Cap.area4_DLBCL_V2,7748,3215,1,0.0346596634806242,0.113371070389203,0.0446453110208569,0.361758329007237,0.07563593611628548,0.5301172626500141,0.008959352713550136,0.42763759634142445,0.0439429566067121,0.8056799096100407,0,0.34849757229669914
AATGGTGCGTCCTAAC-1,GSM8500537_Cap.area4_DLBCL_V2,1495,3740,1,0.579900448896082,0.0931753493875723,0.816990869392616,0,0.07563593611628548,0.5301172626500141,0.008959352713550136,0.42763759634142445,0.0439429566067121,0.8056799096100407,0,0.34849757229669914
AATGGTTATTCTAGCT-1,GSM8500537_Cap.area4_DLBCL_V2,7013,2549,1,0.572785293309311,0.481147462342896,0.463569181909793,0,0.07563593611628548,0.5301172626500141,0.008959352713550136,0.42763759634142445,0.0439429566067121,0.8056799096100407,0,0.34849757229669914
AATGTAGTCTTACGAG-1,GSM8500537_Cap.area4_DLBCL_V2,6710,5149,1,0.1851772681467,0.149892865137996,0.103200293156625,0.325556539530339,0.07563593611628548,0.5301172626500141,0.008959352713550136,0.42763759634142445,0.0439429566067121,0.8056799096100407,0,0.34849757229669914
AATTAGCTTAGGTGTA-1,GSM8500537_Cap.area4_DLBCL_V2,3971,1727,1,0.351436772834153,0.20350826697368,0.0957950346596634,0.0282010565853361,0.07563593611628548,0.5301172626500141,0.008959352713550136,0.42763759634142445,0.0439429566067121,0.8056799096100407,0,0.34849757229669914
AATTCTCAGACGCAAC-1,GSM8500537_Cap.area4_DLBCL_V2,4835,2179,1,0.362827129202675,0.215628897630241,0.316945063669954,0.0718386417076373,0.07563593611628548,0.5301172626500141,0.008959352713550136,0.42763759634142445,0.0439429566067121,0.8056799096100407,0,0.34849757229669914
AATTCTTGGATACGGA-1,GSM8500537_Cap.area4_DLBCL_V2,4867,6741,1,0.361330808929062,0.385861396271067,0.125614560112377,0.073670870614102,0.07563593611628548,0.5301172626500141,0.008959352713550136,0.42763759634142445,0.0439429566067121,0.8056799096100407,0,0.34849757229669914
AATTGCATTGAAGAAT-1,GSM8500537_Cap.area4_DLBCL_V2,4834,5328,1,0.306150181696033,0.122389587131024,0.237808043484899,0.0378660640669374,0.07563593611628548,0.5301172626500141,0.008959352713550136,0.42763759634142445,0.0439429566067121,0.8056799096100407,0,0.34849757229669914
AATTGCGGTGCTAATA-1,GSM8500537_Cap.area4_DLBCL_V2,6750,3195,1,0.535514703636974,0.287473216284499,0.669633859590191,0,0.07563593611628548,0.5301172626500141,0.008959352713550136,0.42763759634142445,0.0439429566067121,0.8056799096100407,0,0.34849757229669914
AATTGCGTCAGACACT-1,GSM8500537_Cap.area4_DLBCL_V2,6879,2981,1,0.498610559745931,0.242092807572996,0.578022414266956,0.00964973890738086,0.07563593611628548,0.5301172626500141,0.008959352713550136,0.42763759634142445,0.0439429566067121,0.8056799096100407,0,0.34849757229669914
AATTGGACGGCATCGT-1,GSM8500537_Cap.area4_DLBCL_V2,6135,2748,1,0.289904418725379,0.18363235153027,0.210110849848841,0.262802699483922,0.07563593611628548,0.5301172626500141,0.008959352713550136,0.42763759634142445,0.0439429566067121,0.8056799096100407,0,0.34849757229669914
AATTGGCTTGAGTTGC-1,GSM8500537_Cap.area4_DLBCL_V2,4881,6089,1,0.360872751702446,0.196312641913716,0.285613949369408,0.0567532903777446,0.07563593611628548,0.5301172626500141,0.008959352713550136,0.42763759634142445,0.0439429566067121,0.8056799096100407,0,0.34849757229669914
AATTGGTTATGATACA-1,GSM8500537_Cap.area4_DLBCL_V2,3831,5525,1,0.244526216141937,0.177028366753014,0.0442483280911229,0.165282315937338,0.07563593611628548,0.5301172626500141,0.008959352713550136,0.42763759634142445,0.0439429566067121,0.8056799096100407,0,0.34849757229669914
AATTGTAGAATCCTAG-1,GSM8500537_Cap.area4_DLBCL_V2,4678,6846,1,0.361025437444651,0.262944129968979,0.130698995327816,0.075991693895624,0.07563593611628548,0.5301172626500141,0.008959352713550136,0.42763759634142445,0.0439429566067121,0.8056799096100407,0,0.34849757229669914
ACAACCTTGGTGTCAA-1,GSM8500537_Cap.area4_DLBCL_V2,4793,1200,1,0.216203010962836,0.145063801208865,0,0.0438208080129477,0.07563593611628548,0.5301172626500141,0.008959352713550136,0.42763759634142445,0.0439429566067121,0.8056799096100407,0,0.34849757229669914
ACAACGCCGATAGTAT-1,GSM8500537_Cap.area4_DLBCL_V2,6930,3525,1,0.492151952850643,0.482202820685024,0.404998931199805,0.0160778086542279,0.07563593611628548,0.5301172626500141,0.008959352713550136,0.42763759634142445,0.0439429566067121,0.8056799096100407,0,0.34849757229669914
ACAACTGTCGTGGATA-1,GSM8500537_Cap.area4_DLBCL_V2,1469,5042,1,0.156380737166763,0.224055774089354,0.735594100222921,0,0.07563593611628548,0.5301172626500141,0.008959352713550136,0.42763759634142445,0.0439429566067121,0.8056799096100407,0,0.34849757229669914
ACAATACAATCCTTAA-1,GSM8500537_Cap.area4_DLBCL_V2,1729,1464,1,0.488762329373683,0.0290063641306086,0.725669526979571,0,0.07563593611628548,0.5301172626500141,0.008959352713550136,0.42763759634142445,0.0439429566067121,0.8056799096100407,0,0.34849757229669914
ACAATATCATCCGGTA-1,GSM8500537_Cap.area4_DLBCL_V2,1466,2110,1,0.631584572632608,0.00889059451853269,0.812547714294439,0,0.07563593611628548,0.5301172626500141,0.008959352713550136,0.42763759634142445,0.0439429566067121,0.8056799096100407,0,0.34849757229669914
ACAATATGAATCATGA-1,GSM8500537_Cap.area4_DLBCL_V2,6553,584,1,0.224799218249,0.179842655665356,0.0809081747946376,0.258710721592818,0.07563593611628548,0.5301172626500141,0.008959352713550136,0.42763759634142445,0.0439429566067121,0.8056799096100407,0,0.34849757229669914
ACAGAATCTTGATAAG-1,GSM8500537_Cap.area4_DLBCL_V2,4571,5975,1,0.313967691696949,0.305670152547251,0.146425626774972,0.0809234433688583,0.07563593611628548,0.5301172626500141,0.008959352713550136,0.42763759634142445,0.0439429566067121,0.8056799096100407,0,0.34849757229669914
ACAGATCTGAAGTATC-1,GSM8500537_Cap.area4_DLBCL_V2,8174,3767,1,0.0691361040706019,0.0724039783811443,0.0935352856750237,0.0243991816044218,0.07563593611628548,0.5301172626500141,0.008959352713550136,0.42763759634142445,0.0439429566067121,0.8056799096100407,0,0.34849757229669914
ACAGGACTGAGCCGAT-1,GSM8500537_Cap.area4_DLBCL_V2,4123,6508,1,0.217073319693407,0.222616649077361,0.0479585916267139,0.0733502305554707,0.07563593611628548,0.5301172626500141,0.008959352713550136,0.42763759634142445,0.0439429566067121,0.8056799096100407,0,0.34849757229669914
ACAGGCATTGAACCAT-1,GSM8500537_Cap.area4_DLBCL_V2,4354,1300,1,0.12628637737808,0.149653010969331,0.0826793294042202,0.0911075823739579,0.07563593611628548,0.5301172626500141,0.008959352713550136,0.42763759634142445,0.0439429566067121,0.8056799096100407,0,0.34849757229669914
ACATCGCCACAAGAGG-1,GSM8500537_Cap.area4_DLBCL_V2,4646,2283,1,0.34540568601704,0.19853529054335,0.116315998412068,0.124759519956027,0.07563593611628548,0.5301172626500141,0.008959352713550136,0.42763759634142445,0.0439429566067121,0.8056799096100407,0,0.34849757229669914
ACATCGTAGACAGGTT-1,GSM8500537_Cap.area4_DLBCL_V2,6977,4286,1,0.189727303264421,0.180562218171352,0.0724646532506794,0.244358261825511,0.07563593611628548,0.5301172626500141,0.008959352713550136,0.42763759634142445,0.0439429566067121,0.8056799096100407,0,0.34849757229669914
ACATGTTCACCGGCAG-1,GSM8500537_Cap.area4_DLBCL_V2,2053,7009,1,0.238632546492809,0,0.400708461843833,0.0298347940269338,0.07563593611628548,0.5301172626500141,0.008959352713550136,0.42763759634142445,0.0439429566067121,0.8056799096100407,0,0.34849757229669914
ACATGTTCCAGGACGT-1,GSM8500537_Cap.area4_DLBCL_V2,4751,6304,1,0.421595871377531,0.271323035594359,0.174748831954072,0.0238953186551439,0.07563593611628548,0.5301172626500141,0.008959352713550136,0.42763759634142445,0.0439429566067121,0.8056799096100407,0,0.34849757229669914
ACATGTTGCTTGATCT-1,GSM8500537_Cap.area4_DLBCL_V2,7011,5698,1,0.0982838122576114,0.096741181361732,0.0446453110208569,0.380828778208691,0.07563593611628548,0.5301172626500141,0.008959352713550136,0.42763759634142445,0.0439429566067121,0.8056799096100407,0,0.34849757229669914
ACATTCCTGAGTTCCG-1,GSM8500537_Cap.area4_DLBCL_V2,5478,7405,1,0.320182001404709,0.146279062330103,0.188093565822823,0.0575625248114331,0.07563593611628548,0.5301172626500141,0.008959352713550136,0.42763759634142445,0.0439429566067121,0.8056799096100407,0,0.34849757229669914
ACATTGAAGGCGGTGC-1,GSM8500537_Cap.area4_DLBCL_V2,6819,2871,1,0.529788988304272,0.228533051904442,0.5707698415122,0,0.07563593611628548,0.5301172626500141,0.008959352713550136,0.42763759634142445,0.0439429566067121,0.8056799096100407,0,0.34849757229669914
ACATTGAATACGCATA-1,GSM8500537_Cap.area4_DLBCL_V2,5358,7185,1,0.3414358567197,0.235440851962007,0.253152960576541,0.0208874095336977,0.07563593611628548,0.5301172626500141,0.008959352713550136,0.42763759634142445,0.0439429566067121,0.8056799096100407,0,0.34849757229669914
ACATTGTACATTCTTG-1,GSM8500537_Cap.area4_DLBCL_V2,4765,5653,1,0.330870003359086,0.194233905785283,0.251488685986503,0.0616392341283171,0.07563593611628548,0.5301172626500141,0.008959352713550136,0.42763759634142445,0.0439429566067121,0.8056799096100407,0,0.34849757229669914
ACCAAGTGGCTGTATG-1,GSM8500537_Cap.area4_DLBCL_V2,4245,3579,1,0.328503374354903,0.253829671559692,0.079671420282774,0.0352704064494458,0.07563593611628548,0.5301172626500141,0.008959352713550136,0.42763759634142445,0.0439429566067121,0.8056799096100407,0,0.34849757229669914
ACCAATGAGCCTCATC-1,GSM8500537_Cap.area4_DLBCL_V2,3809,6611,1,0.15657922863163,0.0889219354632383,0.0449201453568265,0.0941765657922863,0.07563593611628548,0.5301172626500141,0.008959352713550136,0.42763759634142445,0.0439429566067121,0.8056799096100407,0,0.34849757229669914
ACCACGGCCTCGCACC-1,GSM8500537_Cap.area4_DLBCL_V2,1478,4608,1,0.398418175710752,0.107918385621542,0.80576846734052,0,0.07563593611628548,0.5301172626500141,0.008959352713550136,0.42763759634142445,0.0439429566067121,0.8056799096100407,0,0.34849757229669914
ACCAGTATGAAGTTCC-1,GSM8500537_Cap.area4_DLBCL_V2,4564,3259,1,0.457186917885608,0.255732514631104,0.257580847100498,0.0238189757840412,0.07563593611628548,0.5301172626500141,0.008959352713550136,0.42763759634142445,0.0439429566067121,0.8056799096100407,0,0.34849757229669914
ACCATCCGTTCGAGTG-1,GSM8500537_Cap.area4_DLBCL_V2,5977,7415,1,0.090542645127798,0.113483002334581,0.170488899746542,0.100268726906282,0.07563593611628548,0.5301172626500141,0.008959352713550136,0.42763759634142445,0.0439429566067121,0.8056799096100407,0,0.34849757229669914
ACCGAAGCCGAATTAA-1,GSM8500537_Cap.area4_DLBCL_V2,3762,5849,1,0.258252664366202,0.207825642009658,0.160304760741442,0.0672733380156961,0.07563593611628548,0.5301172626500141,0.008959352713550136,0.42763759634142445,0.0439429566067121,0.8056799096100407,0,0.34849757229669914
ACCGAGAACGTGTTGG-1,GSM8500537_Cap.area4_DLBCL_V2,6278,7964,1,0.100482486945369,0.129073523297835,0.0371637096527926,0.380599749595383,0.07563593611628548,0.5301172626500141,0.008959352713550136,0.42763759634142445,0.0439429566067121,0.8056799096100407,0,0.34849757229669914
ACCGAGGTGATACCGA-1,GSM8500537_Cap.area4_DLBCL_V2,6942,6023,1,0.0872751702446025,0.0875787521187118,0.0414999847314258,0.332580083671787,0.07563593611628548,0.5301172626500141,0.008959352713550136,0.42763759634142445,0.0439429566067121,0.8056799096100407,0,0.34849757229669914
ACCGATTGAGGATCTG-1,GSM8500537_Cap.area4_DLBCL_V2,1264,2866,1,0.320243075701591,0,0.867896295843894,0,0.07563593611628548,0.5301172626500141,0.008959352713550136,0.42763759634142445,0.0439429566067121,0.8056799096100407,0,0.34849757229669914
ACCGGCCTCAGGAGTT-1,GSM8500537_Cap.area4_DLBCL_V2,1366,3954,1,0.507267841328977,0.0402155489462407,0.831587626347452,0,0.07563593611628548,0.5301172626500141,0.008959352713550136,0.42763759634142445,0.0439429566067121,0.8056799096100407,0,0.34849757229669914
ACCGTAGGCGGAGGTT-1,GSM8500537_Cap.area4_DLBCL_V2,4156,1839,1,0.350764955568449,0.135501615018069,0.335755947109659,0.013192048126546,0.07563593611628548,0.5301172626500141,0.008959352713550136,0.42763759634142445,0.0439429566067121,0.8056799096100407,0,0.34849757229669914
ACCTAAGTAGAACAGA-1,GSM8500537_Cap.area4_DLBCL_V2,1001,3512,1,0.355971539377653,0.101026575841888,0.759077167374111,0,0.07563593611628548,0.5301172626500141,0.008959352713550136,0.42763759634142445,0.0439429566067121,0.8056799096100407,0,0.34849757229669914
ACCTCCTAGAGGCATG-1,GSM8500537_Cap.area4_DLBCL_V2,6444,2863,1,0.278911045286591,0.426860468834948,0.467477936910251,0.0568601703972883,0.07563593611628548,0.5301172626500141,0.008959352713550136,0.42763759634142445,0.0439429566067121,0.8056799096100407,0,0.34849757229669914
ACCTGCACTAGATGGC-1,GSM8500537_Cap.area4_DLBCL_V2,6359,906,1,0.200659602406327,0.185263359877195,0.172107368613919,0.101200109933734,0.07563593611628548,0.5301172626500141,0.008959352713550136,0.42763759634142445,0.0439429566067121,0.8056799096100407,0,0.34849757229669914
ACCTGCCACTATCAAT-1,GSM8500537_Cap.area4_DLBCL_V2,1564,3415,1,0.486777414725013,0.138124020595478,0.744923199071671,0,0.07563593611628548,0.5301172626500141,0.008959352713550136,0.42763759634142445,0.0439429566067121,0.8056799096100407,0,0.34849757229669914
ACCTGCTTATAGTTCG-1,GSM8500537_Cap.area4_DLBCL_V2,4891,2506,1,0.301019940757932,0.197240078032556,0.286560600971081,0,0.07563593611628548,0.5301172626500141,0.008959352713550136,0.42763759634142445,0.0439429566067121,0.8056799096100407,0,0.34849757229669914
ACCTGCTTCCACATTG-1,GSM8500537_Cap.area4_DLBCL_V2,8187,3116,1,0.0900540507527408,0.129665163580543,0.07304485907106,0.326060402479616,0.07563593611628548,0.5301172626500141,0.008959352713550136,0.42763759634142445,0.0439429566067121,0.8056799096100407,0,0.34849757229669914
ACCTGTAACCGAATAA-1,GSM8500537_Cap.area4_DLBCL_V2,6024,8176,1,0.160671206522735,0.1643960472033,0.427016215225822,0.127278834702416,0.07563593611628548,0.5301172626500141,0.008959352713550136,0.42763759634142445,0.0439429566067121,0.8056799096100407,0,0.34849757229669914
ACCTTCGGTGCTACGA-1,GSM8500537_Cap.area4_DLBCL_V2,8114,3657,1,0.112575197728036,0.119495346829128,0.185604788224876,0.189376126057349,0.07563593611628548,0.5301172626500141,0.008959352713550136,0.42763759634142445,0.0439429566067121,0.8056799096100407,0,0.34849757229669914
ACGAAGCCACCTGAGG-1,GSM8500537_Cap.area4_DLBCL_V2,3799,963,1,0.128011726265001,0.0874028590616905,0.5017100803127,0.071518001649006,0.07563593611628548,0.5301172626500141,0.008959352713550136,0.42763759634142445,0.0439429566067121,0.8056799096100407,0,0.34849757229669914
ACGAAGCTCATCCTCG-1,GSM8500537_Cap.area4_DLBCL_V2,4595,1739,1,0.465874736617095,0.158751479100707,0.634943658961126,0.0203224722875378,0.07563593611628548,0.5301172626500141,0.008959352713550136,0.42763759634142445,0.0439429566067121,0.8056799096100407,0,0.34849757229669914
ACGAGGACCTGCTAGT-1,GSM8500537_Cap.area4_DLBCL_V2,1284,4930,1,0.267169511710996,0.0316447599859285,0.509268024551867,0,0.07563593611628548,0.5301172626500141,0.008959352713550136,0.42763759634142445,0.0439429566067121,0.8056799096100407,0,0.34849757229669914
ACGAGGCTAGGTGGCT-1,GSM8500537_Cap.area4_DLBCL_V2,6863,699,1,0.290942681772376,0.204707537817007,0.174764100528293,0.182566341954988,0.07563593611628548,0.5301172626500141,0.008959352713550136,0.42763759634142445,0.0439429566067121,0.8056799096100407,0,0.34849757229669914
ACGAGTGCGTGCGTTC-1,GSM8500537_Cap.area4_DLBCL_V2,5672,7083,1,0.231212019421626,0.194249896063194,0.0528292668030659,0.0211317067212263,0.07563593611628548,0.5301172626500141,0.008959352713550136,0.42763759634142445,0.0439429566067121,0.8056799096100407,0,0.34849757229669914
ACGATGTTACCTCATT-1,GSM8500537_Cap.area4_DLBCL_V2,4769,5436,1,0.391257214401319,0.170696216700246,0.181818181818182,0.00926802455186737,0.07563593611628548,0.5301172626500141,0.008959352713550136,0.42763759634142445,0.0439429566067121,0.8056799096100407,0,0.34849757229669914
ACGCAAGCTCCGCTTA-1,GSM8500537_Cap.area4_DLBCL_V2,4182,536,1,0.115705255443247,0.0279190252326585,0.0133294652945308,0.105780682199896,0.07563593611628548,0.5301172626500141,0.008959352713550136,0.42763759634142445,0.0439429566067121,0.8056799096100407,0,0.34849757229669914
ACGCAAGGCATAAGTC-1,GSM8500537_Cap.area4_DLBCL_V2,6574,2648,1,0.399028918679574,0.655889219354632,0.392310746022536,0.0535010840687696,0.07563593611628548,0.5301172626500141,0.008959352713550136,0.42763759634142445,0.0439429566067121,0.8056799096100407,0,0.34849757229669914
ACGCATCGTCGAGCAG-1,GSM8500537_Cap.area4_DLBCL_V2,6304,579,1,0.147586038415733,0.169496945856919,0.0841756496778331,0.385455156197514,0.07563593611628548,0.5301172626500141,0.008959352713550136,0.42763759634142445,0.0439429566067121,0.8056799096100407,0,0.34849757229669914
ACGCGGAAGAGTTCCG-1,GSM8500537_Cap.area4_DLBCL_V2,6641,5474,1,0.127477326167282,0.139994883111068,0.0708309158090817,0.298225791675573,0.07563593611628548,0.5301172626500141,0.008959352713550136,0.42763759634142445,0.0439429566067121,0.8056799096100407,0,0.34849757229669914
ACGCGTAGACTCAACT-1,GSM8500537_Cap.area4_DLBCL_V2,4668,1198,1,0.174947323418939,0.150436534586971,0.0849238098146395,0.0676245152227685,0.07563593611628548,0.5301172626500141,0.008959352713550136,0.42763759634142445,0.0439429566067121,0.8056799096100407,0,0.34849757229669914
ACGCGTTCGCGATCAT-1,GSM8500537_Cap.area4_DLBCL_V2,7882,2784,1,0.0995816410663573,0.111851993987656,0.082984700888631,0.314517360368889,0.07563593611628548,0.5301172626500141,0.008959352713550136,0.42763759634142445,0.0439429566067121,0.8056799096100407,0,0.34849757229669914
ACGCTCAGTGCTATTC-1,GSM8500537_Cap.area4_DLBCL_V2,6645,5257,1,0.139783796989037,0.14979692347053,0.0448896082083855,0.394784255046264,0.07563593611628548,0.5301172626500141,0.008959352713550136,0.42763759634142445,0.0439429566067121,0.8056799096100407,0,0.34849757229669914
ACGGCCGGAACGCTAG-1,GSM8500537_Cap.area4_DLBCL_V2,8118,3440,1,0.0698231899105262,0.110284946752375,0.0446300424466364,0.356933459553547,0.07563593611628548,0.5301172626500141,0.008959352713550136,0.42763759634142445,0.0439429566067121,0.8056799096100407,0,0.34849757229669914
ACGGCTATGGCATACC-1,GSM8500537_Cap.area4_DLBCL_V2,4812,6414,1,0.361040706018872,0.19714413636509,0.20412556875439,0.0648303661404098,0.07563593611628548,0.5301172626500141,0.008959352713550136,0.42763759634142445,0.0439429566067121,0.8056799096100407,0,0.34849757229669914
ACGGCTTAACGATAGT-1,GSM8500537_Cap.area4_DLBCL_V2,4526,2064,1,0.316380126423795,0.335076273625636,0.254878309463462,0.117186307142639,0.07563593611628548,0.5301172626500141,0.008959352713550136,0.42763759634142445,0.0439429566067121,0.8056799096100407,0,0.34849757229669914
ACGGCTTACGTATGCC-1,GSM8500537_Cap.area4_DLBCL_V2,3652,2046,1,0.242800867255016,0.0551664587930538,0.204507283109903,0,0.07563593611628548,0.5301172626500141,0.008959352713550136,0.42763759634142445,0.0439429566067121,0.8056799096100407,0,0.34849757229669914
ACGGCTTATTGGTATG-1,GSM8500537_Cap.area4_DLBCL_V2,7140,5484,1,0.108193116926741,0.152355367936295,0.0665557150273307,0.328045317128287,0.07563593611628548,0.5301172626500141,0.008959352713550136,0.42763759634142445,0.0439429566067121,0.8056799096100407,0,0.34849757229669914
ACGGCTTCAGGTACCG-1,GSM8500537_Cap.area4_DLBCL_V2,6703,2434,1,0.481219653708737,0.650404554031149,0.50196964607445,0.00529819525452713,0.07563593611628548,0.5301172626500141,0.008959352713550136,0.42763759634142445,0.0439429566067121,0.8056799096100407,0,0.34849757229669914
ACGGCTTCCATCGGAA-1,GSM8500537_Cap.area4_DLBCL_V2,4004,3139,1,0.388569945338504,0.164444018037033,0.133004550035118,0.0238189757840412,0.07563593611628548,0.5301172626500141,0.008959352713550136,0.42763759634142445,0.0439429566067121,0.8056799096100407,0,0.34849757229669914
ACGGCTTGTTCAATCG-1,GSM8500537_Cap.area4_DLBCL_V2,3699,2807,1,0.306501358903106,0.157440276312002,0.431795278956851,0.0275292393196324,0.07563593611628548,0.5301172626500141,0.008959352713550136,0.42763759634142445,0.0439429566067121,0.8056799096100407,0,0.34849757229669914
ACGGTCGCATCTAGAA-1,GSM8500537_Cap.area4_DLBCL_V2,1618,810,1,0.24319785018475,0.0586203588218364,0.60249793874248,0.0279872965462485,0.07563593611628548,0.5301172626500141,0.008959352713550136,0.42763759634142445,0.0439429566067121,0.8056799096100407,0,0.34849757229669914
ACGGTCGGACAGGCGA-1,GSM8500537_Cap.area4_DLBCL_V2,4471,7819,1,0.246465325067945,0.13831590393041,0.087229364521941,0.023330381408984,0.07563593611628548,0.5301172626500141,0.008959352713550136,0.42763759634142445,0.0439429566067121,0.8056799096100407,0,0.34849757229669914
ACGGTGTACGGTGCCA-1,GSM8500537_Cap.area4_DLBCL_V2,6629,2975,1,0.404495068250527,0.478908823435351,0.62118667358842,0.0425840535010841,0.07563593611628548,0.5301172626500141,0.008959352713550136,0.42763759634142445,0.0439429566067121,0.8056799096100407,0,0.34849757229669914
ACGGTTACATCCGAAG-1,GSM8500537_Cap.area4_DLBCL_V2,4396,2278,1,0.40034201606254,0.384454251814897,0.149051821540904,0.0417290133447339,0.07563593611628548,0.5301172626500141,0.008959352713550136,0.42763759634142445,0.0439429566067121,0.8056799096100407,0,0.34849757229669914
ACGGTTCGCAAGTAAC-1,GSM8500537_Cap.area4_DLBCL_V2,5177,6856,1,0.380324915259413,0.247305638171991,0.112865300638226,0.0297584511558311,0.07563593611628548,0.5301172626500141,0.008959352713550136,0.42763759634142445,0.0439429566067121,0.8056799096100407,0,0.34849757229669914
ACGGTTCGTCCGACCG-1,GSM8500537_Cap.area4_DLBCL_V2,4082,2380,1,0.351971172931872,0.125043973264255,0.101627630011909,0.0814883806150182,0.07563593611628548,0.5301172626500141,0.008959352713550136,0.42763759634142445,0.0439429566067121,0.8056799096100407,0,0.34849757229669914
ACGTCAGATTACTTCG-1,GSM8500537_Cap.area4_DLBCL_V2,1578,2764,1,0.419977402510154,0,0.677756741075518,0,0.07563593611628548,0.5301172626500141,0.008959352713550136,0.42763759634142445,0.0439429566067121,0.8056799096100407,0,0.34849757229669914
ACGTGCAATTATTCGG-1,GSM8500537_Cap.area4_DLBCL_V2,7227,4291,1,0.338473753320915,0.173638427835876,0.441628240754878,0.213668427642227,0.07563593611628548,0.5301172626500141,0.008959352713550136,0.42763759634142445,0.0439429566067121,0.8056799096100407,0,0.34849757229669914
ACGTTACGCAGACAGC-1,GSM8500537_Cap.area4_DLBCL_V2,1087,2319,1,0.299951140562494,0.00340592919504945,0.82332732769414,0,0.07563593611628548,0.5301172626500141,0.008959352713550136,0.42763759634142445,0.0439429566067121,0.8056799096100407,0,0.34849757229669914
ACTACGCCTCATGATT-1,GSM8500537_Cap.area4_DLBCL_V2,1397,2434,1,0.40600665709836,0.0241293293677444,0.839130302012398,0,0.07563593611628548,0.5301172626500141,0.008959352713550136,0.42763759634142445,0.0439429566067121,0.8056799096100407,0,0.34849757229669914
ACTACGTCTAATGGCC-1,GSM8500537_Cap.area4_DLBCL_V2,8265,2357,1,0.132531224234281,0.147574274840897,0.1851772681467,0.322426481815128,0.07563593611628548,0.5301172626500141,0.008959352713550136,0.42763759634142445,0.0439429566067121,0.8056799096100407,0,0.34849757229669914
ACTAGATCTGAAGCGG-1,GSM8500537_Cap.area4_DLBCL_V2,4887,2723,1,0.318074938162274,0.254133486840001,0.312333954255352,0.0685558982502213,0.07563593611628548,0.5301172626500141,0.008959352713550136,0.42763759634142445,0.0439429566067121,0.8056799096100407,0,0.34849757229669914
ACTATTGCGAGCTAGA-1,GSM8500537_Cap.area4_DLBCL_V2,4414,1410,1,0.112162946224082,0.0820141354056734,0.27434574159465003,0.0523712095764498,0.07563593611628548,0.5301172626500141,0.008959352713550136,0.42763759634142445,0.0439429566067121,0.8056799096100407,0,0.34849757229669914
ACTCAGCTCGAGTGTC-1,GSM8500537_Cap.area4_DLBCL_V2,7064,3093,1,0.52774299935872,0.188381464069846,0.699209087855376,0.012062173634226,0.07563593611628548,0.5301172626500141,0.008959352713550136,0.42763759634142445,0.0439429566067121,0.8056799096100407,0,0.34849757229669914
ACTCAGGCCTGCAACT-1,GSM8500537_Cap.area4_DLBCL_V2,3586,5303,1,0.306837267535958,0.238974703380345,0.0848169297950957,0.0932451827648334,0.07563593611628548,0.5301172626500141,0.008959352713550136,0.42763759634142445,0.0439429566067121,0.8056799096100407,0,0.34849757229669914
ACTCAGTGAGCCTCCA-1,GSM8500537_Cap.area4_DLBCL_V2,4649,5216,1,0.370201850551195,0.129137484409479,0.344031514337191,0,0.07563593611628548,0.5301172626500141,0.008959352713550136,0.42763759634142445,0.0439429566067121,0.8056799096100407,0,0.34849757229669914
ACTCCAGTAGCTCCAG-1,GSM8500537_Cap.area4_DLBCL_V2,1190,3408,1,0.498625828320151,0.121733985736672,0.864002809417657,0,0.07563593611628548,0.5301172626500141,0.008959352713550136,0.42763759634142445,0.0439429566067121,0.8056799096100407,0,0.34849757229669914
ACTCCTATGTTCCTAC-1,GSM8500537_Cap.area4_DLBCL_V2,7002,6133,1,0.118865850306898,0.18985256963766,0.0750145051455096,0.267093168839894,0.07563593611628548,0.5301172626500141,0.008959352713550136,0.42763759634142445,0.0439429566067121,0.8056799096100407,0,0.34849757229669914
ACTCCTGCGGCAACCA-1,GSM8500537_Cap.area4_DLBCL_V2,4677,763,1,0.340229639356277,0.0776327992580511,0.0476532201423031,0.100925275597765,0.07563593611628548,0.5301172626500141,0.008959352713550136,0.42763759634142445,0.0439429566067121,0.8056799096100407,0,0.34849757229669914
ACTCGAACGTTCGTTA-1,GSM8500537_Cap.area4_DLBCL_V2,6961,2005,1,0.428909518429169,0.662333301352777,0.397257764069991,0.0486762146150792,0.07563593611628548,0.5301172626500141,0.008959352713550136,0.42763759634142445,0.0439429566067121,0.8056799096100407,0,0.34849757229669914
ACTCGATTGATATCCA-1,GSM8500537_Cap.area4_DLBCL_V2,4013,2705,1,0.323357864842581,0.194329847452749,0.084740586923993,0.178016306837268,0.07563593611628548,0.5301172626500141,0.008959352713550136,0.42763759634142445,0.0439429566067121,0.8056799096100407,0,0.34849757229669914
ACTCGTATTGTCAGAA-1,GSM8500537_Cap.area4_DLBCL_V2,3947,5962,1,0.252145234677986,0.0924877674373981,0.144226952087214,0.00366445781292946,0.07563593611628548,0.5301172626500141,0.008959352713550136,0.42763759634142445,0.0439429566067121,0.8056799096100407,0,0.34849757229669914
ACTCTGACCTTACTGA-1,GSM8500537_Cap.area4_DLBCL_V2,6398,8184,1,0.0699453385042905,0.16562729860245,0.104024796164534,0.277033010657465,0.07563593611628548,0.5301172626500141,0.008959352713550136,0.42763759634142445,0.0439429566067121,0.8056799096100407,0,0.34849757229669914
ACTGACTGTCATCTAC-1,GSM8500537_Cap.area4_DLBCL_V2,6374,6337,1,0.0680673038751641,0.146886692890722,0.044141448071579,0.344657525880233,0.07563593611628548,0.5301172626500141,0.008959352713550136,0.42763759634142445,0.0439429566067121,0.8056799096100407,0,0.34849757229669914
ACTGAGACCTTAGCAC-1,GSM8500537_Cap.area4_DLBCL_V2,6282,7747,1,0.0998717439765475,0.0720681825450127,0.0813204262985923,0.282896143158152,0.07563593611628548,0.5301172626500141,0.008959352713550136,0.42763759634142445,0.0439429566067121,0.8056799096100407,0,0.34849757229669914
ACTGAGCAAGAACACG-1,GSM8500537_Cap.area4_DLBCL_V2,6682,370,1,0.103948453293431,0.164843774984809,0.0568296332488473,0.367468775765719,0.07563593611628548,0.5301172626500141,0.008959352713550136,0.42763759634142445,0.0439429566067121,0.8056799096100407,0,0.34849757229669914
ACTGAGCGCAACTCAT-1,GSM8500537_Cap.area4_DLBCL_V2,5242,6749,1,0.359971905823434,0.347436758450862,0.203545362934009,0.0621583656518154,0.07563593611628548,0.5301172626500141,0.008959352713550136,0.42763759634142445,0.0439429566067121,0.8056799096100407,0,0.34849757229669914
ACTGAGGATAGGCGCT-1,GSM8500537_Cap.area4_DLBCL_V2,4363,866,1,0.131340275445079,0.160766254117497,0.143570403395731,0.0627233028979753,0.07563593611628548,0.5301172626500141,0.008959352713550136,0.42763759634142445,0.0439429566067121,0.8056799096100407,0,0.34849757229669914
ACTGATACTCCATTAC-1,GSM8500537_Cap.area4_DLBCL_V2,4733,1090,1,0.14608971814212,0.149237263743644,0.0635172687574435,0.0721898189147098,0.07563593611628548,0.5301172626500141,0.008959352713550136,0.42763759634142445,0.0439429566067121,0.8056799096100407,0,0.34849757229669914
ACTGGTGATTCCGATC-1,GSM8500537_Cap.area4_DLBCL_V2,7068,2876,1,0.552920878248389,0.348220282068502,0.54643173420466,0.00691666412190428,0.07563593611628548,0.5301172626500141,0.008959352713550136,0.42763759634142445,0.0439429566067121,0.8056799096100407,0,0.34849757229669914
ACTGGTTCTGAACGAT-1,GSM8500537_Cap.area4_DLBCL_V2,6565,3083,1,0.419458270986655,0.397358406089098,0.61184230616545,0,0.07563593611628548,0.5301172626500141,0.008959352713550136,0.42763759634142445,0.0439429566067121,0.8056799096100407,0,0.34849757229669914
ACTGTACAATTCTACT-1,GSM8500537_Cap.area4_DLBCL_V2,6328,2426,1,0.240251015360186,0.175285426460712,0.144578129294286,0.281506702904083,0.07563593611628548,0.5301172626500141,0.008959352713550136,0.42763759634142445,0.0439429566067121,0.8056799096100407,0,0.34849757229669914
ACTGTAGACAAGGAAT-1,GSM8500537_Cap.area4_DLBCL_V2,6870,3415,1,0.441979417961951,0.493284083277367,0.529040828167466,0.0125507680092833,0.07563593611628548,0.5301172626500141,0.008959352713550136,0.42763759634142445,0.0439429566067121,0.8056799096100407,0,0.34849757229669914
ACTTAAGCCAGTAGGA-1,GSM8500537_Cap.area4_DLBCL_V2,4673,7063,1,0.251244388798974,0.386085260161822,0.0453476654350017,0.139203591168657,0.07563593611628548,0.5301172626500141,0.008959352713550136,0.42763759634142445,0.0439429566067121,0.8056799096100407,0,0.34849757229669914
ACTTGAAGCGAGCGGT-1,GSM8500537_Cap.area4_DLBCL_V2,3526,5193,1,0.290255595932452,0.150484505420704,0.123797599780132,0.117262650013742,0.07563593611628548,0.5301172626500141,0.008959352713550136,0.42763759634142445,0.0439429566067121,0.8056799096100407,0,0.34849757229669914
ACTTGAATTAGCCGGT-1,GSM8500537_Cap.area4_DLBCL_V2,7955,2242,1,0.13053104101139,0.121510121845918,0.0446453110208569,0.364857849574007,0.07563593611628548,0.5301172626500141,0.008959352713550136,0.42763759634142445,0.0439429566067121,0.8056799096100407,0,0.34849757229669914
ACTTGAGCACGAACAT-1,GSM8500537_Cap.area4_DLBCL_V2,5929,572,1,0.0727852933093108,0.058428475486904,0.0278956851009253,0.122560845268269,0.07563593611628548,0.5301172626500141,0.008959352713550136,0.42763759634142445,0.0439429566067121,0.8056799096100407,0,0.34849757229669914
ACTTGAGCCGTTCTTA-1,GSM8500537_Cap.area4_DLBCL_V2,5135,5877,1,0.136852230738694,0.176932425085548,0.181176901700919,0.0616850398509787,0.07563593611628548,0.5301172626500141,0.008959352713550136,0.42763759634142445,0.0439429566067121,0.8056799096100407,0,0.34849757229669914
AGAAGCAGCCTAAGCT-1,GSM8500537_Cap.area4_DLBCL_V2,3728,4437,1,0.244694170458363,0.158527615209952,0.0850306898341833,0.0476837572907441,0.07563593611628548,0.5301172626500141,0.008959352713550136,0.42763759634142445,0.0439429566067121,0.8056799096100407,0,0.34849757229669914
AGAAGCTGGCCTAGTG-1,GSM8500537_Cap.area4_DLBCL_V2,1673,1137,1,0.346092771856964,0.0543349643416803,0.741319815555623,0,0.07563593611628548,0.5301172626500141,0.008959352713550136,0.42763759634142445,0.0439429566067121,0.8056799096100407,0,0.34849757229669914
AGAAGCTTGCCTCCGC-1,GSM8500537_Cap.area4_DLBCL_V2,8196,2682,1,0.112773689192903,0.136461031692731,0.050706934986411,0.421550065654869,0.07563593611628548,0.5301172626500141,0.008959352713550136,0.42763759634142445,0.0439429566067121,0.8056799096100407,0,0.34849757229669914
AGAAGTTGAGCGCAAG-1,GSM8500537_Cap.area4_DLBCL_V2,4267,2493,1,0.262344642257306,0.148037992900317,0.145036186520903,0.135875041988579,0.07563593611628548,0.5301172626500141,0.008959352713550136,0.42763759634142445,0.0439429566067121,0.8056799096100407,0,0.34849757229669914
AGAATTCTGTTGACAA-1,GSM8500537_Cap.area4_DLBCL_V2,6273,2099,1,0.168412373652548,0.174965620902491,0.101948270070541,0.16987815677772,0.07563593611628548,0.5301172626500141,0.008959352713550136,0.42763759634142445,0.0439429566067121,0.8056799096100407,0,0.34849757229669914
AGACCGACCGCAGACA-1,GSM8500537_Cap.area4_DLBCL_V2,3784,4764,1,0.186597245549211,0.198935047491125,0.0697010413167618,0.074037316395395,0.07563593611628548,0.5301172626500141,0.008959352713550136,0.42763759634142445,0.0439429566067121,0.8056799096100407,0,0.34849757229669914
AGACCGCCGGCCAATG-1,GSM8500537_Cap.area4_DLBCL_V2,5130,6095,1,0.292805447827282,0.113355080111292,0.249900754267567,0.0211317067212263,0.07563593611628548,0.5301172626500141,0.008959352713550136,0.42763759634142445,0.0439429566067121,0.8056799096100407,0,0.34849757229669914
AGACCGGACTGTCCAT-1,GSM8500537_Cap.area4_DLBCL_V2,2487,7127,1,0.0283232051791004,0,0.386432344947629,0.0283232051791004,0.07563593611628548,0.5301172626500141,0.008959352713550136,0.42763759634142445,0.0439429566067121,0.8056799096100407,0,0.34849757229669914
AGACCGGAGCAACGCT-1,GSM8500537_Cap.area4_DLBCL_V2,5173,7073,1,0.42243564295966,0.274521091176565,0.266314471554646,0.031880782972486,0.07563593611628548,0.5301172626500141,0.008959352713550136,0.42763759634142445,0.0439429566067121,0.8056799096100407,0,0.34849757229669914
AGACCGGTATCCGTGG-1,GSM8500537_Cap.area4_DLBCL_V2,2238,7122,1,0.394036094909457,0.02126706962167,0.636119339176108,0.0101536018566586,0.07563593611628548,0.5301172626500141,0.008959352713550136,0.42763759634142445,0.0439429566067121,0.8056799096100407,0,0.34849757229669914
AGACCTATCCTTATAG-1,GSM8500537_Cap.area4_DLBCL_V2,6258,5900,1,0.140028094176566,0.134350315008475,0.086099490029621,0.178291141173237,0.07563593611628548,0.5301172626500141,0.008959352713550136,0.42763759634142445,0.0439429566067121,0.8056799096100407,0,0.34849757229669914
AGACCTGATAACAGTG-1,GSM8500537_Cap.area4_DLBCL_V2,6239,687,1,0.149189238708889,0.129137484409479,0.101276452804837,0.154548508260299,0.07563593611628548,0.5301172626500141,0.008959352713550136,0.42763759634142445,0.0439429566067121,0.8056799096100407,0,0.34849757229669914
AGACCTTCGCGTGAAC-1,GSM8500537_Cap.area4_DLBCL_V2,6180,6659,1,0.271689009680276,0.167690044452973,0.303356032613674,0.194262069807921,0.07563593611628548,0.5301172626500141,0.008959352713550136,0.42763759634142445,0.0439429566067121,0.8056799096100407,0,0.34849757229669914
AGACGGCCTTACGGAG-1,GSM8500537_Cap.area4_DLBCL_V2,4847,4677,1,0.2825602345253,0.260897374396367,0.147586038415733,0.0308577884997099,0.07563593611628548,0.5301172626500141,0.008959352713550136,0.42763759634142445,0.0439429566067121,0.8056799096100407,0,0.34849757229669914
AGACTCATTGCGGACA-1,GSM8500537_Cap.area4_DLBCL_V2,3969,4876,1,0.199346505023361,0.160414468003454,0.100406144074266,0.0785262772162335,0.07563593611628548,0.5301172626500141,0.008959352713550136,0.42763759634142445,0.0439429566067121,0.8056799096100407,0,0.34849757229669914
AGACTCCGCTTCGTAT-1,GSM8500537_Cap.area4_DLBCL_V2,983,4381,1,0.461675878706446,0.154945792957882,0.524215958713775,0,0.07563593611628548,0.5301172626500141,0.008959352713550136,0.42763759634142445,0.0439429566067121,0.8056799096100407,0,0.34849757229669914
AGACTCCTGTATGGCG-1,GSM8500537_Cap.area4_DLBCL_V2,4270,5425,1,0.191086206370049,0.190811986312322,0.0440651052004764,0.114651723822029,0.07563593611628548,0.5301172626500141,0.008959352713550136,0.42763759634142445,0.0439429566067121,0.8056799096100407,0,0.34849757229669914
AGACTCTATTAGCGCT-1,GSM8500537_Cap.area4_DLBCL_V2,1776,2225,1,0.244495678993496,0.054207042118392,0.653433902342199,0.0258802333038141,0.07563593611628548,0.5301172626500141,0.008959352713550136,0.42763759634142445,0.0439429566067121,0.8056799096100407,0,0.34849757229669914
AGATAAGCCACTCATA-1,GSM8500537_Cap.area4_DLBCL_V2,3891,5635,1,0.318334503924024,0.324058972144936,0.0977036064372309,0.0573640333465661,0.07563593611628548,0.5301172626500141,0.008959352713550136,0.42763759634142445,0.0439429566067121,0.8056799096100407,0,0.34849757229669914
AGATAAGTGCTACGAC-1,GSM8500537_Cap.area4_DLBCL_V2,1092,2102,1,0.326625339725776,0,0.784117629095795,0,0.07563593611628548,0.5301172626500141,0.008959352713550136,0.42763759634142445,0.0439429566067121,0.8056799096100407,0,0.34849757229669914
AGATACAAGGATGGTG-1,GSM8500537_Cap.area4_DLBCL_V2,7040,7328,1,0.0575319876629921,0.177747929259011,0.0255595932451828,0.288194338412679,0.07563593611628548,0.5301172626500141,0.008959352713550136,0.42763759634142445,0.0439429566067121,0.8056799096100407,0,0.34849757229669914
AGATCAGTCGATAGAA-1,GSM8500537_Cap.area4_DLBCL_V2,4889,5655,1,0.378034629126332,0.206354536441843,0.310181085290256,0.0329801203163649,0.07563593611628548,0.5301172626500141,0.008959352713550136,0.42763759634142445,0.0439429566067121,0.8056799096100407,0,0.34849757229669914
AGATCTCCGCCTTATT-1,GSM8500537_Cap.area4_DLBCL_V2,6271,5249,1,0.153937765291477,0.144184335923758,0.0443552081106666,0.197468470394235,0.07563593611628548,0.5301172626500141,0.008959352713550136,0.42763759634142445,0.0439429566067121,0.8056799096100407,0,0.34849757229669914
AGATGAGGCGCCTCCA-1,GSM8500537_Cap.area4_DLBCL_V2,4604,1305,1,0.253977463584451,0.116137388467812,0.167374110605552,0.0838702781934223,0.07563593611628548,0.5301172626500141,0.008959352713550136,0.42763759634142445,0.0439429566067121,0.8056799096100407,0,0.34849757229669914
AGCACGAGATAACGGT-1,GSM8500537_Cap.area4_DLBCL_V2,1306,3844,1,0.478379698903716,0.0186446640442611,0.785232235013894,0,0.07563593611628548,0.5301172626500141,0.008959352713550136,0.42763759634142445,0.0439429566067121,0.8056799096100407,0,0.34849757229669914
AGCACGGAGGCAGTCA-1,GSM8500537_Cap.area4_DLBCL_V2,4087,2163,1,0.305905884508505,0.2478972784547,0.131294469722417,0.0544019299477815,0.07563593611628548,0.5301172626500141,0.008959352713550136,0.42763759634142445,0.0439429566067121,0.8056799096100407,0,0.34849757229669914
AGCAGGTATGCCATTG-1,GSM8500537_Cap.area4_DLBCL_V2,7118,6570,1,0.157281583045775,0.101090536953532,0.101780315754115,0.265963294347574,0.07563593611628548,0.5301172626500141,0.008959352713550136,0.42763759634142445,0.0439429566067121,0.8056799096100407,0,0.34849757229669914
AGCAGGTGCAATGGTT-1,GSM8500537_Cap.area4_DLBCL_V2,2862,7134,1,0.289415824350322,0,0.391012917213791,0.0974593092497023,0.07563593611628548,0.5301172626500141,0.008959352713550136,0.42763759634142445,0.0439429566067121,0.8056799096100407,0,0.34849757229669914
AGCATCCTGACAGCCG-1,GSM8500537_Cap.area4_DLBCL_V2,3989,858,1,0.194628515589214,0.0945984841216541,0.206614346352338,0,0.07563593611628548,0.5301172626500141,0.008959352713550136,0.42763759634142445,0.0439429566067121,0.8056799096100407,0,0.34849757229669914
AGCCATCCGTCAACTC-1,GSM8500537_Cap.area4_DLBCL_V2,664,4700,1,0.0425229792042019,0.0445329239822189,0.258313738663084,0,0.07563593611628548,0.5301172626500141,0.008959352713550136,0.42763759634142445,0.0439429566067121,0.8056799096100407,0,0.34849757229669914
AGCCGGCCTATTCCAG-1,GSM8500537_Cap.area4_DLBCL_V2,4335,5318,1,0.232387699636608,0.24247657424286,0.0933062570617156,0.0381714355513482,0.07563593611628548,0.5301172626500141,0.008959352713550136,0.42763759634142445,0.0439429566067121,0.8056799096100407,0,0.34849757229669914
AGCCGTAGTGGAGTGC-1,GSM8500537_Cap.area4_DLBCL_V2,4368,6731,1,0.293003939292149,0.217595701813297,0.0655479891287751,0.0620209484838306,0.07563593611628548,0.5301172626500141,0.008959352713550136,0.42763759634142445,0.0439429566067121,0.8056799096100407,0,0.34849757229669914
AGCCGTATCTTCGTCT-1,GSM8500537_Cap.area4_DLBCL_V2,4951,2615,1,0.3301371117965,0.191851354376539,0.254695086572816,0.0764344825480197,0.07563593611628548,0.5301172626500141,0.008959352713550136,0.42763759634142445,0.0439429566067121,0.8056799096100407,0,0.34849757229669914
AGCCGTTGCATCCTAG-1,GSM8500537_Cap.area4_DLBCL_V2,7951,2459,1,0.0775185513176779,0.126994787169401,0.0447521910404006,0.30775338198919,0.07563593611628548,0.5301172626500141,0.008959352713550136,0.42763759634142445,0.0439429566067121,0.8056799096100407,0,0.34849757229669914
AGCCTCCGAACTACCA-1,GSM8500537_Cap.area4_DLBCL_V2,4258,2927,1,0.386081167740556,0.166762608334133,0.262665282315937,0.074037316395395,0.07563593611628548,0.5301172626500141,0.008959352713550136,0.42763759634142445,0.0439429566067121,0.8056799096100407,0,0.34849757229669914
AGCGACTATGTATCTT-1,GSM8500537_Cap.area4_DLBCL_V2,5603,7408,1,0.355742510764345,0.223272250471713,0.181268513146242,0,0.07563593611628548,0.5301172626500141,0.008959352713550136,0.42763759634142445,0.0439429566067121,0.8056799096100407,0,0.34849757229669914
AGCGAGAACAGATTCT-1,GSM8500537_Cap.area4_DLBCL_V2,4550,3911,1,0.341008336641524,0.387988103233234,0.0916877881943384,0.132057898433444,0.07563593611628548,0.5301172626500141,0.008959352713550136,0.42763759634142445,0.0439429566067121,0.8056799096100407,0,0.34849757229669914
AGCGGCGAATAATCTT-1,GSM8500537_Cap.area4_DLBCL_V2,6726,7430,1,0.0949552630775338,0.132623364994084,0.0426756649464073,0.336840015879317,0.07563593611628548,0.5301172626500141,0.008959352713550136,0.42763759634142445,0.0439429566067121,0.8056799096100407,0,0.34849757229669914
AGCGGTACGCCGAGAA-1,GSM8500537_Cap.area4_DLBCL_V2,6358,4056,1,0.280697468470394,0.308404490070037,0.18374202216997,0.0970775948941888,0.07563593611628548,0.5301172626500141,0.008959352713550136,0.42763759634142445,0.0439429566067121,0.8056799096100407,0,0.34849757229669914
AGCGGTGAGTGACATG-1,GSM8500537_Cap.area4_DLBCL_V2,4089,5096,1,0.222127217760406,0.204867440596118,0.129599657983937,0.0973218920817174,0.07563593611628548,0.5301172626500141,0.008959352713550136,0.42763759634142445,0.0439429566067121,0.8056799096100407,0,0.34849757229669914
AGCGGTGCAGGCATCT-1,GSM8500537_Cap.area4_DLBCL_V2,6465,4927,1,0.219928543072648,0.175765134798043,0.112010260481876,0.262191956515101,0.07563593611628548,0.5301172626500141,0.008959352713550136,0.42763759634142445,0.0439429566067121,0.8056799096100407,0,0.34849757229669914
AGCGTGCGCCTGATCG-1,GSM8500537_Cap.area4_DLBCL_V2,3634,2914,1,0.303722478394967,0.166730627778311,0.264314288331756,0,0.07563593611628548,0.5301172626500141,0.008959352713550136,0.42763759634142445,0.0439429566067121,0.8056799096100407,0,0.34849757229669914
AGCTAGCGTACAGTAA-1,GSM8500537_Cap.area4_DLBCL_V2,1250,3517,1,0.398586130027178,0.180977965397039,0.847634897853238,0,0.07563593611628548,0.5301172626500141,0.008959352713550136,0.42763759634142445,0.0439429566067121,0.8056799096100407,0,0.34849757229669914
AGCTATAAGTCCAGCA-1,GSM8500537_Cap.area4_DLBCL_V2,7352,4293,1,0.308806913610407,0.265774409159231,0.529743182581611,0.112086603352979,0.07563593611628548,0.5301172626500141,0.008959352713550136,0.42763759634142445,0.0439429566067121,0.8056799096100407,0,0.34849757229669914
AGCTATAGAATAGTCT-1,GSM8500537_Cap.area4_DLBCL_V2,7131,5918,1,0.124194582709867,0.107710512008699,0.0497908205331786,0.305966958805387,0.07563593611628548,0.5301172626500141,0.008959352713550136,0.42763759634142445,0.0439429566067121,0.8056799096100407,0,0.34849757229669914
AGCTCAACATCGTCCG-1,GSM8500537_Cap.area4_DLBCL_V2,7334,5162,1,0.16137356093688,0.0705650964213758,0.116209118392524,0.217653525513787,0.07563593611628548,0.5301172626500141,0.008959352713550136,0.42763759634142445,0.0439429566067121,0.8056799096100407,0,0.34849757229669914
AGCTCGACAGGCGATA-1,GSM8500537_Cap.area4_DLBCL_V2,3873,6503,1,0.318334503924024,0.185567175157504,0.141310654411091,0.106070785110086,0.07563593611628548,0.5301172626500141,0.008959352713550136,0.42763759634142445,0.0439429566067121,0.8056799096100407,0,0.34849757229669914
AGCTGTCCAGATGCTA-1,GSM8500537_Cap.area4_DLBCL_V2,1130,3298,1,0.56313555440193,0.0224023793533532,0.821678321678322,0,0.07563593611628548,0.5301172626500141,0.008959352713550136,0.42763759634142445,0.0439429566067121,0.8056799096100407,0,0.34849757229669914
AGCTTCGCTGCGGTCA-1,GSM8500537_Cap.area4_DLBCL_V2,5904,7957,1,0.107551836809479,0.0900572451949215,0.215439582251809,0.101765047179894,0.07563593611628548,0.5301172626500141,0.008959352713550136,0.42763759634142445,0.0439429566067121,0.8056799096100407,0,0.34849757229669914
AGCTTGAGTCAGGCCG-1,GSM8500537_Cap.area4_DLBCL_V2,5074,5768,1,0.0935352856750237,0.0907608174230068,0.143738357712157,0,0.07563593611628548,0.5301172626500141,0.008959352713550136,0.42763759634142445,0.0439429566067121,0.8056799096100407,0,0.34849757229669914
AGGACCAGTAACCTAA-1,GSM8500537_Cap.area4_DLBCL_V2,7124,3203,1,0.548813631783064,0.197224087754645,0.551287140806791,0.034400097718875,0.07563593611628548,0.5301172626500141,0.008959352713550136,0.42763759634142445,0.0439429566067121,0.8056799096100407,0,0.34849757229669914
AGGACCGCAATAGTTA-1,GSM8500537_Cap.area4_DLBCL_V2,7162,4398,1,0.239869301004672,0.135133838626115,0.483784774177787,0.328503374354903,0.07563593611628548,0.5301172626500141,0.008959352713550136,0.42763759634142445,0.0439429566067121,0.8056799096100407,0,0.34849757229669914
AGGACGTCGGCACGAA-1,GSM8500537_Cap.area4_DLBCL_V2,3987,4008,1,0.27152105536385,0.22523905465477,0.0909854337801936,0,0.07563593611628548,0.5301172626500141,0.008959352713550136,0.42763759634142445,0.0439429566067121,0.8056799096100407,0,0.34849757229669914
AGGACTGGATGAAGAC-1,GSM8500537_Cap.area4_DLBCL_V2,4138,2707,1,0.293538339389868,0.098851898045988,0.167496259199316,0.163129446972242,0.07563593611628548,0.5301172626500141,0.008959352713550136,0.42763759634142445,0.0439429566067121,0.8056799096100407,0,0.34849757229669914
AGGAGCAGCGTTAATA-1,GSM8500537_Cap.area4_DLBCL_V2,4109,1078,1,0.144272757809876,0.178707345933672,0.201621522582221,0.164763184413839,0.07563593611628548,0.5301172626500141,0.008959352713550136,0.42763759634142445,0.0439429566067121,0.8056799096100407,0,0.34849757229669914
AGGAGCCGCTGAGTAG-1,GSM8500537_Cap.area4_DLBCL_V2,4045,7267,1,0.213927993403976,0.119415395439573,0.111445323235716,0.0291171710385684,0.07563593611628548,0.5301172626500141,0.008959352713550136,0.42763759634142445,0.0439429566067121,0.8056799096100407,0,0.34849757229669914
AGGATAACCGGTCGGA-1,GSM8500537_Cap.area4_DLBCL_V2,3581,5520,1,0.246969188017223,0.0424062170200518,0.121812685131462,0.0134974196109567,0.07563593611628548,0.5301172626500141,0.008959352713550136,0.42763759634142445,0.0439429566067121,0.8056799096100407,0,0.34849757229669914
AGGATACCTCCGAGCG-1,GSM8500537_Cap.area4_DLBCL_V2,5043,1205,1,0.170534705469203,0.120598676004989,0.222951720768315,0.00910007023544146,0.07563593611628548,0.5301172626500141,0.008959352713550136,0.42763759634142445,0.0439429566067121,0.8056799096100407,0,0.34849757229669914
AGGATCAACATTCGTT-1,GSM8500537_Cap.area4_DLBCL_V2,1638,2874,1,0.362369071976059,0.0121206306565608,0.681986136134608,0.0462943170366751,0.07563593611628548,0.5301172626500141,0.008959352713550136,0.42763759634142445,0.0439429566067121,0.8056799096100407,0,0.34849757229669914
AGGATCCGTGAGGCGG-1,GSM8500537_Cap.area4_DLBCL_V2,1348,4823,1,0.431917427550615,0.184016118200134,0.772589855559288,0.0140165511344551,0.07563593611628548,0.5301172626500141,0.008959352713550136,0.42763759634142445,0.0439429566067121,0.8056799096100407,0,0.34849757229669914
AGGCAACTAGCGTACC-1,GSM8500537_Cap.area4_DLBCL_V2,4511,5865,1,0.309921519528506,0.248345006236208,0.108513756985373,0.138150059547439,0.07563593611628548,0.5301172626500141,0.008959352713550136,0.42763759634142445,0.0439429566067121,0.8056799096100407,0,0.34849757229669914
AGGCATTAAGTCTGGC-1,GSM8500537_Cap.area4_DLBCL_V2,4929,3701,1,0.330427214706691,0.316847356807061,0.288850887104162,0.0863895929398113,0.07563593611628548,0.5301172626500141,0.008959352713550136,0.42763759634142445,0.0439429566067121,0.8056799096100407,0,0.34849757229669914
AGGTACAGCTATGATA-1,GSM8500537_Cap.area4_DLBCL_V2,6578,2431,1,0.45355299722112,0.567462982506636,0.42242037438544,0.0904204965340336,0.07563593611628548,0.5301172626500141,0.008959352713550136,0.42763759634142445,0.0439429566067121,0.8056799096100407,0,0.34849757229669914
AGGTACCAGACGCCAG-1,GSM8500537_Cap.area4_DLBCL_V2,7697,2671,1,0.0631966286988122,0.126227253829672,0.0979020979020979,0.28001038263047,0.07563593611628548,0.5301172626500141,0.008959352713550136,0.42763759634142445,0.0439429566067121,0.8056799096100407,0,0.34849757229669914
AGGTCTTCCATCGCCG-1,GSM8500537_Cap.area4_DLBCL_V2,4963,5114,1,0.214538736372798,0.118264095429979,0.112346169114728,0.0545393471157664,0.07563593611628548,0.5301172626500141,0.008959352713550136,0.42763759634142445,0.0439429566067121,0.8056799096100407,0,0.34849757229669914
AGGTGGACTTGCCACC-1,GSM8500537_Cap.area4_DLBCL_V2,8200,2464,1,0.0912602681161633,0.137932137260546,0.150151158884783,0.330900540507527,0.07563593611628548,0.5301172626500141,0.008959352713550136,0.42763759634142445,0.0439429566067121,0.8056799096100407,0,0.34849757229669914
AGGTGGCTGTCGCCAA-1,GSM8500537_Cap.area4_DLBCL_V2,992,3947,1,0.490579289705927,0.37519588090441,0.732509848230372,0,0.07563593611628548,0.5301172626500141,0.008959352713550136,0.42763759634142445,0.0439429566067121,0.8056799096100407,0,0.34849757229669914
AGGTTCCACGCCGAAG-1,GSM8500537_Cap.area4_DLBCL_V2,7209,5159,1,0.15457904540874,0.119815152387349,0.109887928665221,0.36722447857819,0.07563593611628548,0.5301172626500141,0.008959352713550136,0.42763759634142445,0.0439429566067121,0.8056799096100407,0,0.34849757229669914
AGGTTGAGTAGGAGAT-1,GSM8500537_Cap.area4_DLBCL_V2,6211,5139,1,0.133554218707057,0.092455786881576,0.110651357376248,0.144501786423184,0.07563593611628548,0.5301172626500141,0.008959352713550136,0.42763759634142445,0.0439429566067121,0.8056799096100407,0,0.34849757229669914
AGTACCGTTGTACGCC-1,GSM8500537_Cap.area4_DLBCL_V2,3880,3137,1,0.324380859315357,0.186686494611276,0.114468500931383,0.0580816563349315,0.07563593611628548,0.5301172626500141,0.008959352713550136,0.42763759634142445,0.0439429566067121,0.8056799096100407,0,0.34849757229669914
AGTAGACAGTAAGGAG-1,GSM8500537_Cap.area4_DLBCL_V2,4851,4460,1,0.183390844962897,0.258179027151492,0.0890921305768467,0.112025529056097,0.07563593611628548,0.5301172626500141,0.008959352713550136,0.42763759634142445,0.0439429566067121,0.8056799096100407,0,0.34849757229669914
AGTATTACGGTATTCG-1,GSM8500537_Cap.area4_DLBCL_V2,6868,6564,1,0.114468500931383,0.117064824586651,0.0399883958835924,0.342077136836962,0.07563593611628548,0.5301172626500141,0.008959352713550136,0.42763759634142445,0.0439429566067121,0.8056799096100407,0,0.34849757229669914
AGTATTCGTCGGTATC-1,GSM8500537_Cap.area4_DLBCL_V2,4822,2830,1,0.277323113567655,0.245754581214621,0.338992884844413,0.0366445781292943,0.07563593611628548,0.5301172626500141,0.008959352713550136,0.42763759634142445,0.0439429566067121,0.8056799096100407,0,0.34849757229669914
AGTATTGGTATGTCTA-1,GSM8500537_Cap.area4_DLBCL_V2,1065,3405,1,0.568784926863529,0.0929994563305511,0.820685864353987,0.0229944727761322,0.07563593611628548,0.5301172626500141,0.008959352713550136,0.42763759634142445,0.0439429566067121,0.8056799096100407,0,0.34849757229669914
AGTCACTTATTCAAGG-1,GSM8500537_Cap.area4_DLBCL_V2,6451,5578,1,0.272498244113965,0.190188365473792,0.0855345527834611,0.285812440834275,0.07563593611628548,0.5301172626500141,0.008959352713550136,0.42763759634142445,0.0439429566067121,0.8056799096100407,0,0.34849757229669914
AGTCCGTGATCACTAC-1,GSM8500537_Cap.area4_DLBCL_V2,6632,5908,1,0.101871927199438,0.140378649780933,0.0440956423489175,0.369743793324579,0.07563593611628548,0.5301172626500141,0.008959352713550136,0.42763759634142445,0.0439429566067121,0.8056799096100407,0,0.34849757229669914
AGTCGCAGGAACGAGT-1,GSM8500537_Cap.area4_DLBCL_V2,8238,3660,1,0.107078511008642,0.0429338961911158,0.242159587137753,0.229166030476074,0.07563593611628548,0.5301172626500141,0.008959352713550136,0.42763759634142445,0.0439429566067121,0.8056799096100407,0,0.34849757229669914
AGTCGCCACTCGGCGA-1,GSM8500537_Cap.area4_DLBCL_V2,4343,4884,1,0.209332152563594,0.213342287888963,0.0646929489724249,0.0991235838397411,0.07563593611628548,0.5301172626500141,0.008959352713550136,0.42763759634142445,0.0439429566067121,0.8056799096100407,0,0.34849757229669914
AGTCGGTCTAATCTGT-1,GSM8500537_Cap.area4_DLBCL_V2,4339,5101,1,0.264176871163771,0.221929067127187,0.0879011817876447,0.0924817540538064,0.07563593611628548,0.5301172626500141,0.008959352713550136,0.42763759634142445,0.0439429566067121,0.8056799096100407,0,0.34849757229669914
AGTCGGTTATACATAG-1,GSM8500537_Cap.area4_DLBCL_V2,6805,3522,1,0.399960301707027,0.544612875371774,0.458835923901426,0.0277124622102788,0.07563593611628548,0.5301172626500141,0.008959352713550136,0.42763759634142445,0.0439429566067121,0.8056799096100407,0,0.34849757229669914
AGTCGGTTGGTTGGCG-1,GSM8500537_Cap.area4_DLBCL_V2,6892,2329,1,0.451705499740434,0.634909974735361,0.327480379882127,0.0367361895746176,0.07563593611628548,0.5301172626500141,0.008959352713550136,0.42763759634142445,0.0439429566067121,0.8056799096100407,0,0.34849757229669914
AGTCGTTGCCTTACCT-1,GSM8500537_Cap.area4_DLBCL_V2,4350,7599,1,0.199667145081992,0.117656464869359,0.041591596176749,0.0643723089137936,0.07563593611628548,0.5301172626500141,0.008959352713550136,0.42763759634142445,0.0439429566067121,0.8056799096100407,0,0.34849757229669914
AGTGAGGTCTGTGCTC-1,GSM8500537_Cap.area4_DLBCL_V2,6799,6889,1,0.0839924267871867,0.138635709488631,0.0414541790087641,0.320273612850032,0.07563593611628548,0.5301172626500141,0.008959352713550136,0.42763759634142445,0.0439429566067121,0.8056799096100407,0,0.34849757229669914
AGTGAGTATTCTAAGT-1,GSM8500537_Cap.area4_DLBCL_V2,3539,4542,1,0.271307295324763,0.228884838018485,0.0833053409472624,0.0993526124530492,0.07563593611628548,0.5301172626500141,0.008959352713550136,0.42763759634142445,0.0439429566067121,0.8056799096100407,0,0.34849757229669914
AGTGCGCAACATGCGT-1,GSM8500537_Cap.area4_DLBCL_V2,4141,5640,1,0.228158304577519,0.220649844894304,0.0849696155373011,0.0316059486365163,0.07563593611628548,0.5301172626500141,0.008959352713550136,0.42763759634142445,0.0439429566067121,0.8056799096100407,0,0.34849757229669914
AGTGTACCTCTGTATG-1,GSM8500537_Cap.area4_DLBCL_V2,1117,3949,1,0.534720737777506,0.246426172886885,0.803966775582496,0,0.07563593611628548,0.5301172626500141,0.008959352713550136,0.42763759634142445,0.0439429566067121,0.8056799096100407,0,0.34849757229669914
AGTGTAGCTCTTATCT-1,GSM8500537_Cap.area4_DLBCL_V2,1733,1247,1,0.3771185146731,0.048354600402955,0.492976455858552,0,0.07563593611628548,0.5301172626500141,0.008959352713550136,0.42763759634142445,0.0439429566067121,0.8056799096100407,0,0.34849757229669914
AGTGTCTGAACTGTGG-1,GSM8500537_Cap.area4_DLBCL_V2,6841,1785,1,0.374690811372034,0.338082445872909,0.165465538827984,0.101001618468867,0.07563593611628548,0.5301172626500141,0.008959352713550136,0.42763759634142445,0.0439429566067121,0.8056799096100407,0,0.34849757229669914
AGTGTCTTAAGCTTGT-1,GSM8500537_Cap.area4_DLBCL_V2,6883,2763,1,0.494533850429047,0.255812466020659,0.512016367911564,0.00734418420007943,0.07563593611628548,0.5301172626500141,0.008959352713550136,0.42763759634142445,0.0439429566067121,0.8056799096100407,0,0.34849757229669914
AGTGTTCGAGGATGAA-1,GSM8500537_Cap.area4_DLBCL_V2,2363,7124,1,0.219531560142914,0.0522562282132464,0.569670504168321,0.0249488502763612,0.07563593611628548,0.5301172626500141,0.008959352713550136,0.42763759634142445,0.0439429566067121,0.8056799096100407,0,0.34849757229669914
AGTTATCCTGAACGAA-1,GSM8500537_Cap.area4_DLBCL_V2,4865,3808,1,0.337588176016124,0.277079535642329,0.158671023299844,0.0950621430970776,0.07563593611628548,0.5301172626500141,0.008959352713550136,0.42763759634142445,0.0439429566067121,0.8056799096100407,0,0.34849757229669914
AGTTCGTCTAGTGCAG-1,GSM8500537_Cap.area4_DLBCL_V2,6512,5688,1,0.130378355269185,0.146359013719658,0.0522948667053471,0.372858582465569,0.07563593611628548,0.5301172626500141,0.008959352713550136,0.42763759634142445,0.0439429566067121,0.8056799096100407,0,0.34849757229669914
AGTTCGTGCATGTCGA-1,GSM8500537_Cap.area4_DLBCL_V2,1048,4274,1,0.541927504809601,0.341312482010937,0.596115674718295,0,0.07563593611628548,0.5301172626500141,0.008959352713550136,0.42763759634142445,0.0439429566067121,0.8056799096100407,0,0.34849757229669914
AGTTGGCACCAGTTAC-1,GSM8500537_Cap.area4_DLBCL_V2,4446,5972,1,0.270131615109781,0.265902331382519,0.129889760894128,0.133019818609338,0.07563593611628548,0.5301172626500141,0.008959352713550136,0.42763759634142445,0.0439429566067121,0.8056799096100407,0,0.34849757229669914
AGTTGTACTTAATGGA-1,GSM8500537_Cap.area4_DLBCL_V2,4481,4235,1,0.194246801233701,0.322156129073523,0.0920084282529697,0.147158518337558,0.07563593611628548,0.5301172626500141,0.008959352713550136,0.42763759634142445,0.0439429566067121,0.8056799096100407,0,0.34849757229669914
ATAACCTAGAACCTGC-1,GSM8500537_Cap.area4_DLBCL_V2,4675,3913,1,0.30465386142242,0.297754964981291,0.115079243900205,0.274422084465753,0.07563593611628548,0.5301172626500141,0.008959352713550136,0.42763759634142445,0.0439429566067121,0.8056799096100407,0,0.34849757229669914
ATAACTGAACTCCTGG-1,GSM8500537_Cap.area4_DLBCL_V2,1664,1571,1,0.673374660274224,0.0638971505324762,0.824609887928665,0,0.07563593611628548,0.5301172626500141,0.008959352713550136,0.42763759634142445,0.0439429566067121,0.8056799096100407,0,0.34849757229669914
ATAAGGCGGACAAGTT-1,GSM8500537_Cap.area4_DLBCL_V2,6948,2656,1,0.513329465294531,0.410390482586587,0.503725532109812,0,0.07563593611628548,0.5301172626500141,0.008959352713550136,0.42763759634142445,0.0439429566067121,0.8056799096100407,0,0.34849757229669914
ATAATCCGTTCCGTTC-1,GSM8500537_Cap.area4_DLBCL_V2,1526,2220,1,0.535407823617431,0.0214109821228693,0.831434940605246,0,0.07563593611628548,0.5301172626500141,0.008959352713550136,0.42763759634142445,0.0439429566067121,0.8056799096100407,0,0.34849757229669914
ATAATTAGTTCTACGG-1,GSM8500537_Cap.area4_DLBCL_V2,4923,7068,1,0.286911778178154,0.261680898014008,0.0911839252450606,0.0861452957522827,0.07563593611628548,0.5301172626500141,0.008959352713550136,0.42763759634142445,0.0439429566067121,0.8056799096100407,0,0.34849757229669914
ATAATTATCGACCACG-1,GSM8500537_Cap.area4_DLBCL_V2,8011,2569,1,0.098497572296699,0.119719210719882,0.0702965157113629,0.311463645524781,0.07563593611628548,0.5301172626500141,0.008959352713550136,0.42763759634142445,0.0439429566067121,0.8056799096100407,0,0.34849757229669914
ATACATCAAGGATTGC-1,GSM8500537_Cap.area4_DLBCL_V2,4468,4886,1,0.263291293858979,0.181745498736768,0.0984059608513757,0.0581121934833725,0.07563593611628548,0.5301172626500141,0.008959352713550136,0.42763759634142445,0.0439429566067121,0.8056799096100407,0,0.34849757229669914
ATACATCATGCACCAA-1,GSM8500537_Cap.area4_DLBCL_V2,1061,3622,1,0.715668610865117,0.0760977325785922,0.763245488136318,0,0.07563593611628548,0.5301172626500141,0.008959352713550136,0.42763759634142445,0.0439429566067121,0.8056799096100407,0,0.34849757229669914
ATACGCTGAGATCAGA-1,GSM8500537_Cap.area4_DLBCL_V2,4227,4447,1,0.214157022017284,0.293453580223224,0.107490762512597,0.0574556447918894,0.07563593611628548,0.5301172626500141,0.008959352713550136,0.42763759634142445,0.0439429566067121,0.8056799096100407,0,0.34849757229669914
ATACTAGTAACTGAGT-1,GSM8500537_Cap.area4_DLBCL_V2,1052,4056,1,0.554478272818884,0.313281524832902,0.779277491067884,0,0.07563593611628548,0.5301172626500141,0.008959352713550136,0.42763759634142445,0.0439429566067121,0.8056799096100407,0,0.34849757229669914
ATACTCGTCCAACTGC-1,GSM8500537_Cap.area4_DLBCL_V2,6803,590,1,0.171985220020154,0.147734177620007,0.053653769810975,0.23255565395303401,0.07563593611628548,0.5301172626500141,0.008959352713550136,0.42763759634142445,0.0439429566067121,0.8056799096100407,0,0.34849757229669914
ATACTGACTTCGGCAC-1,GSM8500537_Cap.area4_DLBCL_V2,5293,7293,1,0.209423764008917,0.214285714285714,0.257870950010688,0.0371942468012337,0.07563593611628548,0.5301172626500141,0.008959352713550136,0.42763759634142445,0.0439429566067121,0.8056799096100407,0,0.34849757229669914
ATACTGGACCACAGCC-1,GSM8500537_Cap.area4_DLBCL_V2,4918,1203,1,0.178718661251412,0.0784483034315137,0.106941093840657,0.0520353009435979,0.07563593611628548,0.5301172626500141,0.008959352713550136,0.42763759634142445,0.0439429566067121,0.8056799096100407,0,0.34849757229669914
ATACTGGAGGATAACG-1,GSM8500537_Cap.area4_DLBCL_V2,4878,3157,1,0.282071640150243,0.206626371166331,0.213424130454698,0.0176810089473844,0.07563593611628548,0.5301172626500141,0.008959352713550136,0.42763759634142445,0.0439429566067121,0.8056799096100407,0,0.34849757229669914
ATAGAACCTCTACCGA-1,GSM8500537_Cap.area4_DLBCL_V2,1582,2547,1,0.383012184322228,0.0182289168185743,0.615751061165908,0.00435154365285373,0.07563593611628548,0.5301172626500141,0.008959352713550136,0.42763759634142445,0.0439429566067121,0.8056799096100407,0,0.34849757229669914
ATAGAATTCTAGGCCG-1,GSM8500537_Cap.area4_DLBCL_V2,6638,2541,1,0.398967844382692,0.62387668297675,0.54870675176352,0.031880782972486,0.07563593611628548,0.5301172626500141,0.008959352713550136,0.42763759634142445,0.0439429566067121,0.8056799096100407,0,0.34849757229669914
ATAGCTATTCGCACTC-1,GSM8500537_Cap.area4_DLBCL_V2,3637,5847,1,0.241151861239198,0.0719242700438134,0.0791522887592757,0.068601703972883,0.07563593611628548,0.5301172626500141,0.008959352713550136,0.42763759634142445,0.0439429566067121,0.8056799096100407,0,0.34849757229669914
ATAGCTGTGAATCGGC-1,GSM8500537_Cap.area4_DLBCL_V2,4303,756,1,0.174535071914985,0.124724167706035,0.0806486090328885,0.112269826243625,0.07563593611628548,0.5301172626500141,0.008959352713550136,0.42763759634142445,0.0439429566067121,0.8056799096100407,0,0.34849757229669914
ATAGCTTCACAACCGT-1,GSM8500537_Cap.area4_DLBCL_V2,6474,4493,1,0.178718661251412,0.154018356839042,0.0805875347360063,0.255489052432284,0.07563593611628548,0.5301172626500141,0.008959352713550136,0.42763759634142445,0.0439429566067121,0.8056799096100407,0,0.34849757229669914
ATAGCTTCGTGGAACG-1,GSM8500537_Cap.area4_DLBCL_V2,6864,6782,1,0.083549638134791,0.113722856503246,0.0580053134638288,0.3414358567197,0.07563593611628548,0.5301172626500141,0.008959352713550136,0.42763759634142445,0.0439429566067121,0.8056799096100407,0,0.34849757229669914
ATAGGCCGGTAATTCT-1,GSM8500537_Cap.area4_DLBCL_V2,6343,7857,1,0.0803279689742572,0.151731747097765,0.04162213332519,0.287629401166519,0.07563593611628548,0.5301172626500141,0.008959352713550136,0.42763759634142445,0.0439429566067121,0.8056799096100407,0,0.34849757229669914
ATAGTTAAGCCTGCCG-1,GSM8500537_Cap.area4_DLBCL_V2,4669,7280,1,0.265215134210767,0.41462790623301,0.0803585061226982,0.164579961523193,0.07563593611628548,0.5301172626500141,0.008959352713550136,0.42763759634142445,0.0439429566067121,0.8056799096100407,0,0.34849757229669914
ATAGTTCATCGGATCT-1,GSM8500537_Cap.area4_DLBCL_V2,4539,1412,1,0.241564112743152,0.12200582046116,0.120713347787584,0.0955507374721348,0.07563593611628548,0.5301172626500141,0.008959352713550136,0.42763759634142445,0.0439429566067121,0.8056799096100407,0,0.34849757229669914
ATAGTTCGCAGCCGTG-1,GSM8500537_Cap.area4_DLBCL_V2,4898,5221,1,0.312975234372614,0.100706770283667,0.247213485204752,0.0333465660976578,0.07563593611628548,0.5301172626500141,0.008959352713550136,0.42763759634142445,0.0439429566067121,0.8056799096100407,0,0.34849757229669914
ATAGTTCGGTTCCAGA-1,GSM8500537_Cap.area4_DLBCL_V2,6804,6672,1,0.121476776498611,0.127074738558956,0.0438208080129477,0.331083763398174,0.07563593611628548,0.5301172626500141,0.008959352713550136,0.42763759634142445,0.0439429566067121,0.8056799096100407,0,0.34849757229669914
ATCAAGTGGTGATGGC-1,GSM8500537_Cap.area4_DLBCL_V2,1156,1995,1,0.523101352795676,0.0477629601202469,0.822563898983113,0,0.07563593611628548,0.5301172626500141,0.008959352713550136,0.42763759634142445,0.0439429566067121,0.8056799096100407,0,0.34849757229669914
ATCAATGTCAACTCGG-1,GSM8500537_Cap.area4_DLBCL_V2,4617,654,1,0.249793874248023,0.157056509642138,0.14297492900113,0.0635172687574435,0.07563593611628548,0.5301172626500141,0.008959352713550136,0.42763759634142445,0.0439429566067121,0.8056799096100407,0,0.34849757229669914
ATCACCAGTTCGGCGA-1,GSM8500537_Cap.area4_DLBCL_V2,1874,3530,1,0.355238647815067,0.0773769548114747,0.573075396219501,0,0.07563593611628548,0.5301172626500141,0.008959352713550136,0.42763759634142445,0.0439429566067121,0.8056799096100407,0,0.34849757229669914
ATCACGTTCAATGATA-1,GSM8500537_Cap.area4_DLBCL_V2,6365,6771,1,0.108498488411152,0.102705555022546,0.0805875347360063,0.36665954133203,0.07563593611628548,0.5301172626500141,0.008959352713550136,0.42763759634142445,0.0439429566067121,0.8056799096100407,0,0.34849757229669914
ATCAGATACCAGCTGT-1,GSM8500537_Cap.area4_DLBCL_V2,4317,6187,1,0.275109170305677,0.168649461127634,0.20979020979021,0.0585702507099887,0.07563593611628548,0.5301172626500141,0.008959352713550136,0.42763759634142445,0.0439429566067121,0.8056799096100407,0,0.34849757229669914
ATCATTCACCAGATTG-1,GSM8500537_Cap.area4_DLBCL_V2,4749,3372,1,0.27011634653556,0.237631520035818,0.132729715699148,0.131783064097475,0.07563593611628548,0.5301172626500141,0.008959352713550136,0.42763759634142445,0.0439429566067121,0.8056799096100407,0,0.34849757229669914
ATCCAACGCCACATCG-1,GSM8500537_Cap.area4_DLBCL_V2,6509,2756,1,0.293339847925001,0.572148133934568,0.432528170519437,0.0733654991296913,0.07563593611628548,0.5301172626500141,0.008959352713550136,0.42763759634142445,0.0439429566067121,0.8056799096100407,0,0.34849757229669914
ATCCGATGTCTGTCAC-1,GSM8500537_Cap.area4_DLBCL_V2,7062,6243,1,0.191070937795829,0.163916338865969,0.134119155953217,0.272971569914801,0.07563593611628548,0.5301172626500141,0.008959352713550136,0.42763759634142445,0.0439429566067121,0.8056799096100407,0,0.34849757229669914
ATCCGGATCGCCGTAT-1,GSM8500537_Cap.area4_DLBCL_V2,4428,6841,1,0.231364705163832,0.148133934567783,0.0944666687024766,0.0381714355513482,0.07563593611628548,0.5301172626500141,0.008959352713550136,0.42763759634142445,0.0439429566067121,0.8056799096100407,0,0.34849757229669914
ATCCGTAGCTTCAGTA-1,GSM8500537_Cap.area4_DLBCL_V2,4495,3584,1,0.31144837695056,0.186414659886789,0.110116957278529,0.13845543103185,0.07563593611628548,0.5301172626500141,0.008959352713550136,0.42763759634142445,0.0439429566067121,0.8056799096100407,0,0.34849757229669914
ATCCGTAGTGTCGCTC-1,GSM8500537_Cap.area4_DLBCL_V2,1375,3520,1,0.378981280728006,0.0622021810739071,0.849909915412099,0,0.07563593611628548,0.5301172626500141,0.008959352713550136,0.42763759634142445,0.0439429566067121,0.8056799096100407,0,0.34849757229669914
ATCCGTGGAACTTCAA-1,GSM8500537_Cap.area4_DLBCL_V2,4063,6399,1,0.314395211775124,0.218619079599603,0.0808776376461966,0.132714447124928,0.07563593611628548,0.5301172626500141,0.008959352713550136,0.42763759634142445,0.0439429566067121,0.8056799096100407,0,0.34849757229669914
ATCGACAGCGGCAACA-1,GSM8500537_Cap.area4_DLBCL_V2,1177,4059,1,0.540583870278193,0.14312897758163,0.828549180077564,4.58057226616182e-4,0.07563593611628548,0.5301172626500141,0.008959352713550136,0.42763759634142445,0.0439429566067121,0.8056799096100407,0,0.34849757229669914
ATCGACCGGAGTATCG-1,GSM8500537_Cap.area4_DLBCL_V2,6111,6983,1,0.257764069991144,0.151987591544341,0.286896509603933,0.143295569059761,0.07563593611628548,0.5301172626500141,0.008959352713550136,0.42763759634142445,0.0439429566067121,0.8056799096100407,0,0.34849757229669914
ATCGATGTCAGATAGA-1,GSM8500537_Cap.area4_DLBCL_V2,7309,3315,1,0.499312914160076,0.125347788544565,0.375209942895532,0.108910739915107,0.07563593611628548,0.5301172626500141,0.008959352713550136,0.42763759634142445,0.0439429566067121,0.8056799096100407,0,0.34849757229669914
ATCGCAATGCACTAAC-1,GSM8500537_Cap.area4_DLBCL_V2,4653,4999,1,0.369071976058876,0.256212222968435,0.19308638959294,0.061211714050142,0.07563593611628548,0.5301172626500141,0.008959352713550136,0.42763759634142445,0.0439429566067121,0.8056799096100407,0,0.34849757229669914
ATCGCAGTAACTTATT-1,GSM8500537_Cap.area4_DLBCL_V2,4000,3356,1,0.303630866949644,0.330103297195305,0.139615842672611,0.0382325098482303,0.07563593611628548,0.5301172626500141,0.008959352713550136,0.42763759634142445,0.0439429566067121,0.8056799096100407,0,0.34849757229669914
ATCGTAATCCACATGC-1,GSM8500537_Cap.area4_DLBCL_V2,6569,2866,1,0.398784621492045,0.712174997601458,0.536781995297279,0.0350566464103582,0.07563593611628548,0.5301172626500141,0.008959352713550136,0.42763759634142445,0.0439429566067121,0.8056799096100407,0,0.34849757229669914
ATCGTACACCTATGCC-1,GSM8500537_Cap.area4_DLBCL_V2,4250,3361,1,0.347237914923504,0.1314880552624,0.151403181970868,0.110880385989556,0.07563593611628548,0.5301172626500141,0.008959352713550136,0.42763759634142445,0.0439429566067121,0.8056799096100407,0,0.34849757229669914
ATCGTAGCATGTAGAT-1,GSM8500537_Cap.area4_DLBCL_V2,2182,6795,1,0.128958377866675,6.71591672263272e-4,0.655861605643265,0.00128256023452533,0.07563593611628548,0.5301172626500141,0.008959352713550136,0.42763759634142445,0.0439429566067121,0.8056799096100407,0,0.34849757229669914
ATCGTATTGGAATCCT-1,GSM8500537_Cap.area4_DLBCL_V2,7211,2010,1,0.448605979173665,0.396494931081902,0.402586496472959,0.0218645982838123,0.07563593611628548,0.5301172626500141,0.008959352713550136,0.42763759634142445,0.0439429566067121,0.8056799096100407,0,0.34849757229669914
ATCGTCACCATGTCAC-1,GSM8500537_Cap.area4_DLBCL_V2,3465,5083,1,0.283247320365224,0.160302536058077,0.0518215409045103,0.0749381622744069,0.07563593611628548,0.5301172626500141,0.008959352713550136,0.42763759634142445,0.0439429566067121,0.8056799096100407,0,0.34849757229669914
ATCGTCTATGATGCCG-1,GSM8500537_Cap.area4_DLBCL_V2,1609,1244,1,0.45329343145937,0.149429147078576,0.746679085107033,0,0.07563593611628548,0.5301172626500141,0.008959352713550136,0.42763759634142445,0.0439429566067121,0.8056799096100407,0,0.34849757229669914
ATCTACAGGAGTGCAC-1,GSM8500537_Cap.area4_DLBCL_V2,4401,2061,1,0.30323388401991,0.281524832901596,0.180764650196965,0.0620667542064922,0.07563593611628548,0.5301172626500141,0.008959352713550136,0.42763759634142445,0.0439429566067121,0.8056799096100407,0,0.34849757229669914
ATCTACCATATTCCAG-1,GSM8500537_Cap.area4_DLBCL_V2,6752,6128,1,0.0597001252023086,0.122805334356711,0.0681131095978258,0.301081015054814,0.07563593611628548,0.5301172626500141,0.008959352713550136,0.42763759634142445,0.0439429566067121,0.8056799096100407,0,0.34849757229669914
ATCTACGACAGCTCTT-1,GSM8500537_Cap.area4_DLBCL_V2,7521,2125,1,0.130317280972303,0.123956634366305,0.0946804287415641,0.23255565395303401,0.07563593611628548,0.5301172626500141,0.008959352713550136,0.42763759634142445,0.0439429566067121,0.8056799096100407,0,0.34849757229669914
ATCTGAAGTATGCACG-1,GSM8500537_Cap.area4_DLBCL_V2,4105,7377,1,0.179054569884264,0.113722856503246,0.0883897761627019,0.0501725348886921,0.07563593611628548,0.5301172626500141,0.008959352713550136,0.42763759634142445,0.0439429566067121,0.8056799096100407,0,0.34849757229669914
ATCTGACCGGAGTCCT-1,GSM8500537_Cap.area4_DLBCL_V2,2866,6917,1,0.0803890432711394,0,0.447094390325831,0,0.07563593611628548,0.5301172626500141,0.008959352713550136,0.42763759634142445,0.0439429566067121,0.8056799096100407,0,0.34849757229669914
ATCTGAGGAACGGTTG-1,GSM8500537_Cap.area4_DLBCL_V2,4644,5433,1,0.143494060524628,0.0335316127794301,0.260680367667267,0.0218493297095917,0.07563593611628548,0.5301172626500141,0.008959352713550136,0.42763759634142445,0.0439429566067121,0.8056799096100407,0,0.34849757229669914
ATCTGCCGTCTACAGC-1,GSM8500537_Cap.area4_DLBCL_V2,6814,3088,1,0.472134852047516,0.255652563241549,0.67470302623141,0.0224753412526338,0.07563593611628548,0.5301172626500141,0.008959352713550136,0.42763759634142445,0.0439429566067121,0.8056799096100407,0,0.34849757229669914
ATCTGTACGCGTCTCC-1,GSM8500537_Cap.area4_DLBCL_V2,3853,4439,1,0.183955782209057,0.171159934759666,0.0793660487983632,0.0757168595596543,0.07563593611628548,0.5301172626500141,0.008959352713550136,0.42763759634142445,0.0439429566067121,0.8056799096100407,0,0.34849757229669914
ATCTTAGATAGGTTCA-1,GSM8500537_Cap.area4_DLBCL_V2,4979,7395,1,0.328732402968211,0.183440468195337,0.0905884508504596,0.0971539377652915,0.07563593611628548,0.5301172626500141,0.008959352713550136,0.42763759634142445,0.0439429566067121,0.8056799096100407,0,0.34849757229669914
ATCTTGGCTTCGTCCT-1,GSM8500537_Cap.area4_DLBCL_V2,4332,2386,1,0.306180718844474,0.196792350251047,0.16224386966745,0.0890921305768467,0.07563593611628548,0.5301172626500141,0.008959352713550136,0.42763759634142445,0.0439429566067121,0.8056799096100407,0,0.34849757229669914
ATGAACAATCGATGCG-1,GSM8500537_Cap.area4_DLBCL_V2,7187,6245,1,0.191025132073167,0.19636061274745,0.0570891990105964,0.257489235655175,0.07563593611628548,0.5301172626500141,0.008959352713550136,0.42763759634142445,0.0439429566067121,0.8056799096100407,0,0.34849757229669914
ATGAATGTATCGTGGT-1,GSM8500537_Cap.area4_DLBCL_V2,1845,1900,1,0.303447644058998,0.0293261696888292,0.745549210614713,0,0.07563593611628548,0.5301172626500141,0.008959352713550136,0.42763759634142445,0.0439429566067121,0.8056799096100407,0,0.34849757229669914
ATGACACTAATCGCAC-1,GSM8500537_Cap.area4_DLBCL_V2,5237,6966,1,0.312730937185086,0.235200997793342,0.133767978746145,0.032079274437353,0.07563593611628548,0.5301172626500141,0.008959352713550136,0.42763759634142445,0.0439429566067121,0.8056799096100407,0,0.34849757229669914
ATGACCAGACGGCCGG-1,GSM8500537_Cap.area4_DLBCL_V2,6728,4281,1,0.241579381317373,0.159902779110301,0.105673802180352,0.277964393684918,0.07563593611628548,0.5301172626500141,0.008959352713550136,0.42763759634142445,0.0439429566067121,0.8056799096100407,0,0.34849757229669914
ATGACCTCACTTAACC-1,GSM8500537_Cap.area4_DLBCL_V2,3811,3461,1,0.258985555928787,0.139515174773738,0.379927932329679,0,0.07563593611628548,0.5301172626500141,0.008959352713550136,0.42763759634142445,0.0439429566067121,0.8056799096100407,0,0.34849757229669914
ATGACGAGATCATTAA-1,GSM8500537_Cap.area4_DLBCL_V2,6106,7201,1,0.167175619140685,0.0824298826313601,0.210538369927016,0.223348703698049,0.07563593611628548,0.5301172626500141,0.008959352713550136,0.42763759634142445,0.0439429566067121,0.8056799096100407,0,0.34849757229669914
ATGAGCTATTCGAAGA-1,GSM8500537_Cap.area4_DLBCL_V2,6775,5042,1,0.130363086694964,0.150660398477725,0.0447063853177391,0.28398021192781,0.07563593611628548,0.5301172626500141,0.008959352713550136,0.42763759634142445,0.0439429566067121,0.8056799096100407,0,0.34849757229669914
ATGAGTACGCTTCCTA-1,GSM8500537_Cap.area4_DLBCL_V2,7222,4508,1,0.151357376248206,0.165707249992005,0.492671084374141,0.280040919778911,0.07563593611628548,0.5301172626500141,0.008959352713550136,0.42763759634142445,0.0439429566067121,0.8056799096100407,0,0.34849757229669914
ATGAGTCCTGAAGTGG-1,GSM8500537_Cap.area4_DLBCL_V2,1281,1998,1,0.477784224509115,0,0.856231105139402,0,0.07563593611628548,0.5301172626500141,0.008959352713550136,0.42763759634142445,0.0439429566067121,0.8056799096100407,0,0.34849757229669914
ATGAGTTACAGATAGA-1,GSM8500537_Cap.area4_DLBCL_V2,1350,1673,1,0.331740312089657,0,0.870827862094238,0,0.07563593611628548,0.5301172626500141,0.008959352713550136,0.42763759634142445,0.0439429566067121,0.8056799096100407,0,0.34849757229669914
ATGATATCTAGTCTTA-1,GSM8500537_Cap.area4_DLBCL_V2,4593,4889,1,0.419000213760039,0.374300425341392,0.172565425840535,0.0161846886737717,0.07563593611628548,0.5301172626500141,0.008959352713550136,0.42763759634142445,0.0439429566067121,0.8056799096100407,0,0.34849757229669914
ATGCATGCCTGCGATG-1,GSM8500537_Cap.area4_DLBCL_V2,3942,6179,1,0.281308211439216,0.204003965588922,0.0749228937001862,0.0993068067303875,0.07563593611628548,0.5301172626500141,0.008959352713550136,0.42763759634142445,0.0439429566067121,0.8056799096100407,0,0.34849757229669914
ATGCATGGTTGCTGTA-1,GSM8500537_Cap.area4_DLBCL_V2,7572,2669,1,0.114987632454881,0.207154050337395,0.100879469875103,0.26726112315632,0.07563593611628548,0.5301172626500141,0.008959352713550136,0.42763759634142445,0.0439429566067121,0.8056799096100407,0,0.34849757229669914
ATGCATGTCACTCGTG-1,GSM8500537_Cap.area4_DLBCL_V2,6848,4500,1,0.152487250740526,0.124164507979149,0.0955049317494733,0.29529422542523,0.07563593611628548,0.5301172626500141,0.008959352713550136,0.42763759634142445,0.0439429566067121,0.8056799096100407,0,0.34849757229669914
ATGCCAGCTGCCATCT-1,GSM8500537_Cap.area4_DLBCL_V2,7252,6138,1,0.140348734235197,0.119703220441971,0.0726173389928848,0.0558524444987327,0.07563593611628548,0.5301172626500141,0.008959352713550136,0.42763759634142445,0.0439429566067121,0.8056799096100407,0,0.34849757229669914
ATGCCGTCGATAAGAC-1,GSM8500537_Cap.area4_DLBCL_V2,2173,7229,1,0.191513726448224,0.0324442738814801,0.5249030445537,0,0.07563593611628548,0.5301172626500141,0.008959352713550136,0.42763759634142445,0.0439429566067121,0.8056799096100407,0,0.34849757229669914
ATGCCTTCGTAAGTTA-1,GSM8500537_Cap.area4_DLBCL_V2,1473,4825,1,0.317601612361438,0.167194345837731,0.738067609246648,0,0.07563593611628548,0.5301172626500141,0.008959352713550136,0.42763759634142445,0.0439429566067121,0.8056799096100407,0,0.34849757229669914
ATGCTACTGAATAGTA-1,GSM8500537_Cap.area4_DLBCL_V2,4437,6406,1,0.305340947262345,0.355623780741309,0.117705438666137,0.0966348062417931,0.07563593611628548,0.5301172626500141,0.008959352713550136,0.42763759634142445,0.0439429566067121,0.8056799096100407,0,0.34849757229669914
ATGCTCCAACCTGGCC-1,GSM8500537_Cap.area4_DLBCL_V2,6275,5032,1,0.233777139890677,0.145095781764687,0.154945491190033,0.151204690506,0.07563593611628548,0.5301172626500141,0.008959352713550136,0.42763759634142445,0.0439429566067121,0.8056799096100407,0,0.34849757229669914
ATGCTCGCCTCCAATT-1,GSM8500537_Cap.area4_DLBCL_V2,7249,3205,1,0.508474058692399,0.16997665419425,0.499312914160076,0.0644028460622347,0.07563593611628548,0.5301172626500141,0.008959352713550136,0.42763759634142445,0.0439429566067121,0.8056799096100407,0,0.34849757229669914
ATGCTGGCTTACTACA-1,GSM8500537_Cap.area4_DLBCL_V2,2109,7336,1,0.220814120377439,0.0356903002974192,0.428466729776773,0,0.07563593611628548,0.5301172626500141,0.008959352713550136,0.42763759634142445,0.0439429566067121,0.8056799096100407,0,0.34849757229669914
ATGCTTGGACGAACTT-1,GSM8500537_Cap.area4_DLBCL_V2,3646,5413,1,0.237243106238739,0.147862099843295,0.0446911167435184,0.0957797660854429,0.07563593611628548,0.5301172626500141,0.008959352713550136,0.42763759634142445,0.0439429566067121,0.8056799096100407,0,0.34849757229669914
ATGGAACGATAGTGAT-1,GSM8500537_Cap.area4_DLBCL_V2,1591,2112,1,0.593000885577305,0.0602033963350282,0.847833389318105,0,0.07563593611628548,0.5301172626500141,0.008959352713550136,0.42763759634142445,0.0439429566067121,0.8056799096100407,0,0.34849757229669914
ATGGAGGCCACGGCTT-1,GSM8500537_Cap.area4_DLBCL_V2,6378,6120,1,0.0795340031147891,0.128353960791839,0.0537759184047394,0.288087458393135,0.07563593611628548,0.5301172626500141,0.008959352713550136,0.42763759634142445,0.0439429566067121,0.8056799096100407,0,0.34849757229669914
ATGGTAACGGACCGGA-1,GSM8500537_Cap.area4_DLBCL_V2,7136,5701,1,0.113582923626592,0.142537337298922,0.0464164656304394,0.35249030445537,0.07563593611628548,0.5301172626500141,0.008959352713550136,0.42763759634142445,0.0439429566067121,0.8056799096100407,0,0.34849757229669914
ATGTACTACCGACTTC-1,GSM8500537_Cap.area4_DLBCL_V2,4504,3149,1,0.383592390142608,0.234081678339569,0.321464561639234,0.0155892142791706,0.07563593611628548,0.5301172626500141,0.008959352713550136,0.42763759634142445,0.0439429566067121,0.8056799096100407,0,0.34849757229669914
ATGTACTCTGCAGCAC-1,GSM8500537_Cap.area4_DLBCL_V2,4081,5530,1,0.233822945613339,0.175013591736224,0.0819617064158549,0.0191315234983357,0.07563593611628548,0.5301172626500141,0.008959352713550136,0.42763759634142445,0.0439429566067121,0.8056799096100407,0,0.34849757229669914
ATGTAGAAGCGAATAG-1,GSM8500537_Cap.area4_DLBCL_V2,2118,6902,1,0.388218768131432,0.0488343087402859,0.492945918710111,0.015543408556509,0.07563593611628548,0.5301172626500141,0.008959352713550136,0.42763759634142445,0.0439429566067121,0.8056799096100407,0,0.34849757229669914
ATGTAGCCGACCAAGG-1,GSM8500537_Cap.area4_DLBCL_V2,4622,6519,1,0.30350871835588,0.204995362819406,0.149006015818243,0.0597917366476318,0.07563593611628548,0.5301172626500141,0.008959352713550136,0.42763759634142445,0.0439429566067121,0.8056799096100407,0,0.34849757229669914
ATGTAGGTTGGCGAGG-1,GSM8500537_Cap.area4_DLBCL_V2,1237,4169,1,0.606483036614041,0.315248329015958,0.812730937185086,0,0.07563593611628548,0.5301172626500141,0.008959352713550136,0.42763759634142445,0.0439429566067121,0.8056799096100407,0,0.34849757229669914
ATGTATCCATAAGTTG-1,GSM8500537_Cap.area4_DLBCL_V2,7240,3640,1,0.488014169236877,0.295772170520324,0.529895868323816,0.0482334259626837,0.07563593611628548,0.5301172626500141,0.008959352713550136,0.42763759634142445,0.0439429566067121,0.8056799096100407,0,0.34849757229669914
ATGTCATACTTAGACC-1,GSM8500537_Cap.area4_DLBCL_V2,7178,6679,1,0.186948422756283,0.128449902459305,0.240037255321098,0.193727669710202,0.07563593611628548,0.5301172626500141,0.008959352713550136,0.42763759634142445,0.0439429566067121,0.8056799096100407,0,0.34849757229669914
ATGTCGGCTGTCGTAA-1,GSM8500537_Cap.area4_DLBCL_V2,6801,3739,1,0.432253336183467,0.472912469218715,0.460347512749259,0.0372247839496748,0.07563593611628548,0.5301172626500141,0.008959352713550136,0.42763759634142445,0.0439429566067121,0.8056799096100407,0,0.34849757229669914
ATGTCTAACTGGCGAA-1,GSM8500537_Cap.area4_DLBCL_V2,6545,7101,1,0.0784346657709103,0.0965652883047108,0.0422786820166733,0.312318685681131,0.07563593611628548,0.5301172626500141,0.008959352713550136,0.42763759634142445,0.0439429566067121,0.8056799096100407,0,0.34849757229669914
ATGTGAATCCATACGA-1,GSM8500537_Cap.area4_DLBCL_V2,3712,2156,1,0.316777109353529,0.149253254021555,0.281583045775186,0.0920542339756314,0.07563593611628548,0.5301172626500141,0.008959352713550136,0.42763759634142445,0.0439429566067121,0.8056799096100407,0,0.34849757229669914
ATGTGAATTGCTGACC-1,GSM8500537_Cap.area4_DLBCL_V2,6986,3852,1,0.435245976730693,0.47315232338738,0.408800806180719,0.200384768070358,0.07563593611628548,0.5301172626500141,0.008959352713550136,0.42763759634142445,0.0439429566067121,0.8056799096100407,0,0.34849757229669914
ATGTGCGTCTGAACAG-1,GSM8500537_Cap.area4_DLBCL_V2,3354,4429,1,0.135142150425993,0.110620742588506,0.0595016337374416,0.0830457751855131,0.07563593611628548,0.5301172626500141,0.008959352713550136,0.42763759634142445,0.0439429566067121,0.8056799096100407,0,0.34849757229669914
ATGTGCTAACATCGAA-1,GSM8500537_Cap.area4_DLBCL_V2,4858,1093,1,0.124194582709867,0.0354024752950206,0.0853513298928146,0.033804623324274,0.07563593611628548,0.5301172626500141,0.008959352713550136,0.42763759634142445,0.0439429566067121,0.8056799096100407,0,0.34849757229669914
ATGTGCTTGTGCTACC-1,GSM8500537_Cap.area4_DLBCL_V2,4974,1530,1,0.170000305371484,0.128337970513927,0.409655846337069,0.0349344978165939,0.07563593611628548,0.5301172626500141,0.008959352713550136,0.42763759634142445,0.0439429566067121,0.8056799096100407,0,0.34849757229669914
ATGTTCTGCCTTATCT-1,GSM8500537_Cap.area4_DLBCL_V2,7071,5808,1,0.104284361926283,0.112683488439029,0.0439582251809326,0.309127553669038,0.07563593611628548,0.5301172626500141,0.008959352713550136,0.42763759634142445,0.0439429566067121,0.8056799096100407,0,0.34849757229669914
ATTAAGAACAGCTCCG-1,GSM8500537_Cap.area4_DLBCL_V2,3673,4110,1,0.263718813937155,0.310355303975183,0.062769108620637,0.0024429718752863,0.07563593611628548,0.5301172626500141,0.008959352713550136,0.42763759634142445,0.0439429566067121,0.8056799096100407,0,0.34849757229669914
ATTAAGAATAACGCTT-1,GSM8500537_Cap.area4_DLBCL_V2,5057,6636,1,0.370980547836443,0.350810707090089,0.229120224753413,0.0277582679329405,0.07563593611628548,0.5301172626500141,0.008959352713550136,0.42763759634142445,0.0439429566067121,0.8056799096100407,0,0.34849757229669914
ATTAAGCGTCCTGCCG-1,GSM8500537_Cap.area4_DLBCL_V2,6859,6999,1,0.0769383454972975,0.161325913844383,0.0432558707667878,0.276223776223776,0.07563593611628548,0.5301172626500141,0.008959352713550136,0.42763759634142445,0.0439429566067121,0.8056799096100407,0,0.34849757229669914
ATTAAGTGGCCTAAGG-1,GSM8500537_Cap.area4_DLBCL_V2,7347,4511,1,0.287018658197697,0.248600850682785,0.467126759703179,0.271994381164687,0.07563593611628548,0.5301172626500141,0.008959352713550136,0.42763759634142445,0.0439429566067121,0.8056799096100407,0,0.34849757229669914
ATTACAAGCAAGTGTC-1,GSM8500537_Cap.area4_DLBCL_V2,6859,917,1,0.210446758481693,0.149045380408712,0.0675329037774453,0.108391608391608,0.07563593611628548,0.5301172626500141,0.008959352713550136,0.42763759634142445,0.0439429566067121,0.8056799096100407,0,0.34849757229669914
ATTACATTGAAGTATG-1,GSM8500537_Cap.area4_DLBCL_V2,4464,5104,1,0.30124896937124,0.174613834788449,0.0821143921580603,0.0179558432833542,0.07563593611628548,0.5301172626500141,0.008959352713550136,0.42763759634142445,0.0439429566067121,0.8056799096100407,0,0.34849757229669914
ATTACCTTCGCAGAAG-1,GSM8500537_Cap.area4_DLBCL_V2,7127,6135,1,0.179650044278865,0.139019476158496,0.0462179741655724,0.329801203163649,0.07563593611628548,0.5301172626500141,0.008959352713550136,0.42763759634142445,0.0439429566067121,0.8056799096100407,0,0.34849757229669914
ATTACTTGAGCAAGAT-1,GSM8500537_Cap.area4_DLBCL_V2,6179,577,1,0.0877332274712187,0.130224823307429,0.0454392768803249,0.30549363300455,0.07563593611628548,0.5301172626500141,0.008959352713550136,0.42763759634142445,0.0439429566067121,0.8056799096100407,0,0.34849757229669914
ATTAGATAAGACGGCG-1,GSM8500537_Cap.area4_DLBCL_V2,4559,3476,1,0.202888814242526,0.176388755636573,0.0921305768467341,0.1998961736953,0.07563593611628548,0.5301172626500141,0.008959352713550136,0.42763759634142445,0.0439429566067121,0.8056799096100407,0,0.34849757229669914
ATTAGCAGGATGTATT-1,GSM8500537_Cap.area4_DLBCL_V2,7017,2332,1,0.441215989250924,0.551488694873517,0.467508474058692,0.0181543347482213,0.07563593611628548,0.5301172626500141,0.008959352713550136,0.42763759634142445,0.0439429566067121,0.8056799096100407,0,0.34849757229669914
ATTAGCCTCACTTCTA-1,GSM8500537_Cap.area4_DLBCL_V2,4938,3267,1,0.328488105780682,0.198439348875883,0.21547011940025,0.0304913427184169,0.07563593611628548,0.5301172626500141,0.008959352713550136,0.42763759634142445,0.0439429566067121,0.8056799096100407,0,0.34849757229669914
ATTAGTCGTGTTATGC-1,GSM8500537_Cap.area4_DLBCL_V2,4728,1308,1,0.315937337771399,0.112683488439029,0.143112346169115,0.149616758787064,0.07563593611628548,0.5301172626500141,0.008959352713550136,0.42763759634142445,0.0439429566067121,0.8056799096100407,0,0.34849757229669914
ATTAGTTCACAGACTC-1,GSM8500537_Cap.area4_DLBCL_V2,3989,6940,1,0.256130332549547,0.148373788736448,0.162136989647907,0.0383546584419947,0.07563593611628548,0.5301172626500141,0.008959352713550136,0.42763759634142445,0.0439429566067121,0.8056799096100407,0,0.34849757229669914
ATTAGTTGGACGTGAT-1,GSM8500537_Cap.area4_DLBCL_V2,5964,8067,1,0.148486884294745,0.114922127346573,0.447415030384463,0.0408739731883837,0.07563593611628548,0.5301172626500141,0.008959352713550136,0.42763759634142445,0.0439429566067121,0.8056799096100407,0,0.34849757229669914
ATTATCACAACTCGGC-1,GSM8500537_Cap.area4_DLBCL_V2,4142,2490,1,0.30633340458668,0.108701909239183,0.0751061165908328,0.20895043820808,0.07563593611628548,0.5301172626500141,0.008959352713550136,0.42763759634142445,0.0439429566067121,0.8056799096100407,0,0.34849757229669914
ATTATCCAGGTGAAGT-1,GSM8500537_Cap.area4_DLBCL_V2,7093,4723,1,0.195498824319785,0.169257091688254,0.132271658472532,0.335038324121294,0.07563593611628548,0.5301172626500141,0.008959352713550136,0.42763759634142445,0.0439429566067121,0.8056799096100407,0,0.34849757229669914
ATTATCTTATTGAGAC-1,GSM8500537_Cap.area4_DLBCL_V2,6966,1788,1,0.349497663908144,0.203700150308612,0.239991449598437,0,0.07563593611628548,0.5301172626500141,0.008959352713550136,0.42763759634142445,0.0439429566067121,0.8056799096100407,0,0.34849757229669914
ATTATGTTAAGGTAGT-1,GSM8500537_Cap.area4_DLBCL_V2,6416,7315,1,7.32891562585936e-4,0.116904921807541,0.0983754237029346,0.362002626194766,0.07563593611628548,0.5301172626500141,0.008959352713550136,0.42763759634142445,0.0439429566067121,0.8056799096100407,0,0.34849757229669914
ATTCACGCTGTTATCG-1,GSM8500537_Cap.area4_DLBCL_V2,4702,2610,1,0.240144135340642,0.197559883590777,0.122896753901121,0.059852810944514,0.07563593611628548,0.5301172626500141,0.008959352713550136,0.42763759634142445,0.0439429566067121,0.8056799096100407,0,0.34849757229669914
ATTCAGCTCCTACTAA-1,GSM8500537_Cap.area4_DLBCL_V2,4147,2273,1,0.311036125446606,0.221321436566568,0.162961492655816,0.120178947689865,0.07563593611628548,0.5301172626500141,0.008959352713550136,0.42763759634142445,0.0439429566067121,0.8056799096100407,0,0.34849757229669914
ATTCCATTGTGAACGC-1,GSM8500537_Cap.area4_DLBCL_V2,4775,2069,1,0.316609155037103,0.281476862067863,0.137554585152838,0.0944361315540355,0.07563593611628548,0.5301172626500141,0.008959352713550136,0.42763759634142445,0.0439429566067121,0.8056799096100407,0,0.34849757229669914
ATTCCGTAAGGATTCC-1,GSM8500537_Cap.area4_DLBCL_V2,1616,3959,1,0.566341954988243,0.125219866321277,0.741976364247107,0,0.07563593611628548,0.5301172626500141,0.008959352713550136,0.42763759634142445,0.0439429566067121,0.8056799096100407,0,0.34849757229669914
ATTCGCTCGCGGAGGC-1,GSM8500537_Cap.area4_DLBCL_V2,4009,2922,1,0.39892203866003,0.136540983082286,0.471585183375576,0.00233609185574246,0.07563593611628548,0.5301172626500141,0.008959352713550136,0.42763759634142445,0.0439429566067121,0.8056799096100407,0,0.34849757229669914
ATTCTAGGACATCAGT-1,GSM8500537_Cap.area4_DLBCL_V2,4388,2713,1,0.336488838672245,0.123956634366305,0.166717561914069,0.0555928787369835,0.07563593611628548,0.5301172626500141,0.008959352713550136,0.42763759634142445,0.0439429566067121,0.8056799096100407,0,0.34849757229669914
ATTCTAGTCCACAAGA-1,GSM8500537_Cap.area4_DLBCL_V2,1542,4501,1,0.309677222340978,0.00254245418785382,0.83438177542981,0.0283842794759825,0.07563593611628548,0.5301172626500141,0.008959352713550136,0.42763759634142445,0.0439429566067121,0.8056799096100407,0,0.34849757229669914
ATTGACGCATCTCAAC-1,GSM8500537_Cap.area4_DLBCL_V2,6625,3193,1,0.400693193269613,0.314560747065784,0.598039515070083,0.0377591840473936,0.07563593611628548,0.5301172626500141,0.008959352713550136,0.42763759634142445,0.0439429566067121,0.8056799096100407,0,0.34849757229669914
ATTGACTTATGTGGTA-1,GSM8500537_Cap.area4_DLBCL_V2,7821,2674,1,0.152258222127218,0.156864626307205,0.0848780040919779,0.339924267871866,0.07563593611628548,0.5301172626500141,0.008959352713550136,0.42763759634142445,0.0439429566067121,0.8056799096100407,0,0.34849757229669914
ATTGCACGCATAACAG-1,GSM8500537_Cap.area4_DLBCL_V2,7766,2347,1,0.0799157174703026,0.129201445521123,0.0788316487006443,0.417061104834031,0.07563593611628548,0.5301172626500141,0.008959352713550136,0.42763759634142445,0.0439429566067121,0.8056799096100407,0,0.34849757229669914
ATTGCAGTTCTTCATT-1,GSM8500537_Cap.area4_DLBCL_V2,6400,5034,1,0.155892142791706,0.154386133230996,0.0549974043423825,0.308959599352612,0.07563593611628548,0.5301172626500141,0.008959352713550136,0.42763759634142445,0.0439429566067121,0.8056799096100407,0,0.34849757229669914
ATTGGCTAACAGACAA-1,GSM8500537_Cap.area4_DLBCL_V2,6079,2421,1,0.248709805478364,0.169832741693051,0.129416435093291,0.277994930833359,0.07563593611628548,0.5301172626500141,0.008959352713550136,0.42763759634142445,0.0439429566067121,0.8056799096100407,0,0.34849757229669914
ATTGTTATCGTAATAC-1,GSM8500537_Cap.area4_DLBCL_V2,4243,646,1,0.203988151586405,0.154050337394864,0.0878859132134241,0.103780498977005,0.07563593611628548,0.5301172626500141,0.008959352713550136,0.42763759634142445,0.0439429566067121,0.8056799096100407,0,0.34849757229669914
CAACAGCCAGACCTTC-1,GSM8500537_Cap.area4_DLBCL_V2,1355,1456,1,0.332641157968669,0.0142633278966389,0.659846703514826,0.00680978410236055,0.07563593611628548,0.5301172626500141,0.008959352713550136,0.42763759634142445,0.0439429566067121,0.8056799096100407,0,0.34849757229669914
CAACAGGTCAGAGGAC-1,GSM8500537_Cap.area4_DLBCL_V2,1689,3418,1,0.468623079976792,0.037177396143145,0.721302714752496,0,0.07563593611628548,0.5301172626500141,0.008959352713550136,0.42763759634142445,0.0439429566067121,0.8056799096100407,0,0.34849757229669914
CAACCGTACTGATCTT-1,GSM8500537_Cap.area4_DLBCL_V2,5959,2202,1,0.141386997282194,0.165963094438581,0.165099093046691,0.310898708278621,0.07563593611628548,0.5301172626500141,0.008959352713550136,0.42763759634142445,0.0439429566067121,0.8056799096100407,0,0.34849757229669914
CAACGCTTGCTCCTAC-1,GSM8500537_Cap.area4_DLBCL_V2,3982,4225,1,0.276849787766818,0.243579903418721,0.0981922008122882,0.0992151952850643,0.07563593611628548,0.5301172626500141,0.008959352713550136,0.42763759634142445,0.0439429566067121,0.8056799096100407,0,0.34849757229669914
CAACTGACAAGACAAG-1,GSM8500537_Cap.area4_DLBCL_V2,6913,4393,1,0.14579961523193,0.134142441395631,0.0772131798332671,0.247121873759428,0.07563593611628548,0.5301172626500141,0.008959352713550136,0.42763759634142445,0.0439429566067121,0.8056799096100407,0,0.34849757229669914
CAACTGCATTCGACTC-1,GSM8500537_Cap.area4_DLBCL_V2,1108,4383,1,0.5249030445537,0.203188461415459,0.662167526796348,0.00574098390692279,0.07563593611628548,0.5301172626500141,0.008959352713550136,0.42763759634142445,0.0439429566067121,0.8056799096100407,0,0.34849757229669914
CAACTTGGACATAGAT-1,GSM8500537_Cap.area4_DLBCL_V2,6115,6766,1,0.256756344092589,0.131695928875244,0.380401258130516,0.065013589031056307,0.07563593611628548,0.5301172626500141,0.008959352713550136,0.42763759634142445,0.0439429566067121,0.8056799096100407,0,0.34849757229669914
CAAGATAAGTGCAATG-1,GSM8500537_Cap.area4_DLBCL_V2,7563,3103,1,0.136302562066754,0.12387668297675,0.0747091336610988,0.213592084771124,0.07563593611628548,0.5301172626500141,0.008959352713550136,0.42763759634142445,0.0439429566067121,0.8056799096100407,0,0.34849757229669914
CAAGATTAGATGAGTT-1,GSM8500537_Cap.area4_DLBCL_V2,7146,2117,1,0.470485846031698,0.458137452428923,0.590176199346505,0.0069319326961248,0.07563593611628548,0.5301172626500141,0.008959352713550136,0.42763759634142445,0.0439429566067121,0.8056799096100407,0,0.34849757229669914
CAAGCCTCCACTATCT-1,GSM8500537_Cap.area4_DLBCL_V2,7645,2127,1,0.100528292668031,0.115977485688701,0.253473600635173,0.259703178917153,0.07563593611628548,0.5301172626500141,0.008959352713550136,0.42763759634142445,0.0439429566067121,0.8056799096100407,0,0.34849757229669914
CAAGGCAAGCATCTCG-1,GSM8500537_Cap.area4_DLBCL_V2,6218,7854,1,0.0818548263963111,0.142793181745499,0.0797630317280972,0.283751183314502,0.07563593611628548,0.5301172626500141,0.008959352713550136,0.42763759634142445,0.0439429566067121,0.8056799096100407,0,0.34849757229669914
CAAGGTCTCAATACAG-1,GSM8500537_Cap.area4_DLBCL_V2,6654,4822,1,0.151784896326381,0.139067446992229,0.0448896082083855,0.340825113750878,0.07563593611628548,0.5301172626500141,0.008959352713550136,0.42763759634142445,0.0439429566067121,0.8056799096100407,0,0.34849757229669914
CAAGTACTTCAATAGT-1,GSM8500537_Cap.area4_DLBCL_V2,6427,3732,1,0.500778697285247,0.287249352393745,0.26103154487434,0,0.07563593611628548,0.5301172626500141,0.008959352713550136,0.42763759634142445,0.0439429566067121,0.8056799096100407,0,0.34849757229669914
CAAGTAGCCTCGATCC-1,GSM8500537_Cap.area4_DLBCL_V2,6676,3737,1,0.490289186795737,0.553839265726438,0.564433383210676,0.0169939231074602,0.07563593611628548,0.5301172626500141,0.008959352713550136,0.42763759634142445,0.0439429566067121,0.8056799096100407,0,0.34849757229669914
CAAGTATCGGCAACCA-1,GSM8500537_Cap.area4_DLBCL_V2,6481,7208,1,0.0856108956545638,0.142553327576833,0.0657464805936422,0.350887104162213,0.07563593611628548,0.5301172626500141,0.008959352713550136,0.42763759634142445,0.0439429566067121,0.8056799096100407,0,0.34849757229669914
CAAGTCCGCTACCGTT-1,GSM8500537_Cap.area4_DLBCL_V2,6547,3951,1,0.466607628179681,0.646518916498769,0.524506061623966,0.0307661770543867,0.07563593611628548,0.5301172626500141,0.008959352713550136,0.42763759634142445,0.0439429566067121,0.8056799096100407,0,0.34849757229669914
CAAGTCGCAGTCACTC-1,GSM8500537_Cap.area4_DLBCL_V2,7895,2132,1,0.0664335664335665,0.114506380120887,0.0687543897150884,0.277933856536477,0.07563593611628548,0.5301172626500141,0.008959352713550136,0.42763759634142445,0.0439429566067121,0.8056799096100407,0,0.34849757229669914
CAAGTGAATTGGATGC-1,GSM8500537_Cap.area4_DLBCL_V2,6305,6662,1,0.169679665312853,0.111004509258371,0.0698384584847467,0.257962561456011,0.07563593611628548,0.5301172626500141,0.008959352713550136,0.42763759634142445,0.0439429566067121,0.8056799096100407,0,0.34849757229669914
CAATAACTCAAGGCAA-1,GSM8500537_Cap.area4_DLBCL_V2,5117,6746,1,0.286957583900815,0.255876427132304,0.183818365041073,0.0565547989128775,0.07563593611628548,0.5301172626500141,0.008959352713550136,0.42763759634142445,0.0439429566067121,0.8056799096100407,0,0.34849757229669914
CAATAAGAACCGACTT-1,GSM8500537_Cap.area4_DLBCL_V2,6721,7648,1,0.123705988334809,0.142601298410566,0.0379271383638196,0.351039789904419,0.07563593611628548,0.5301172626500141,0.008959352713550136,0.42763759634142445,0.0439429566067121,0.8056799096100407,0,0.34849757229669914
CAATAATCGTAGGATA-1,GSM8500537_Cap.area4_DLBCL_V2,3966,1944,1,0.355834122209668,0.276104128689757,0.244984273368553,0.0233914557058662,0.07563593611628548,0.5301172626500141,0.008959352713550136,0.42763759634142445,0.0439429566067121,0.8056799096100407,0,0.34849757229669914
CAATCCGAGGTGCTAG-1,GSM8500537_Cap.area4_DLBCL_V2,3790,1397,1,0.293217699331236,0.264319293869327,0.371591290805265,0.0487678260604025,0.07563593611628548,0.5301172626500141,0.008959352713550136,0.42763759634142445,0.0439429566067121,0.8056799096100407,0,0.34849757229669914
CAATCTATGAGGTCAG-1,GSM8500537_Cap.area4_DLBCL_V2,7929,3545,1,0.337099581641066,0.175493300073555,0.215500656548691,0.0890921305768467,0.07563593611628548,0.5301172626500141,0.008959352713550136,0.42763759634142445,0.0439429566067121,0.8056799096100407,0,0.34849757229669914
CAATCTGAGTCGACTC-1,GSM8500537_Cap.area4_DLBCL_V2,6467,7860,1,0.0524475524475524,0.124692187150213,0.037713378324732,0.279888234036706,0.07563593611628548,0.5301172626500141,0.008959352713550136,0.42763759634142445,0.0439429566067121,0.8056799096100407,0,0.34849757229669914
CAATCTTATTAGAATG-1,GSM8500537_Cap.area4_DLBCL_V2,6798,807,1,0.220859926100101,0.149653010969331,0.0424160991846582,0.146639386814059,0.07563593611628548,0.5301172626500141,0.008959352713550136,0.42763759634142445,0.0439429566067121,0.8056799096100407,0,0.34849757229669914
CAATGCGGATGCTGGT-1,GSM8500537_Cap.area4_DLBCL_V2,6289,4380,1,0.186933154182062,0.120086987111836,0.134958927535347,0.134958927535347,0.07563593611628548,0.5301172626500141,0.008959352713550136,0.42763759634142445,0.0439429566067121,0.8056799096100407,0,0.34849757229669914
CAATTGAACCGGCTCG-1,GSM8500537_Cap.area4_DLBCL_V2,3815,3244,1,0.308822182184628,0.122053791294893,0.113750877943018,0.0307814456286072,0.07563593611628548,0.5301172626500141,0.008959352713550136,0.42763759634142445,0.0439429566067121,0.8056799096100407,0,0.34849757229669914
CAATTGTTGACGTGAG-1,GSM8500537_Cap.area4_DLBCL_V2,6503,6123,1,0.065715943445201,0.0978285202596821,0.0421718019971296,0.337298073105933,0.07563593611628548,0.5301172626500141,0.008959352713550136,0.42763759634142445,0.0439429566067121,0.8056799096100407,0,0.34849757229669914
CACCATTCTTACGAGC-1,GSM8500537_Cap.area4_DLBCL_V2,7416,4186,1,0.216157205240175,0.17448591256516,0.438055394387272,0.113598192200812,0.07563593611628548,0.5301172626500141,0.008959352713550136,0.42763759634142445,0.0439429566067121,0.8056799096100407,0,0.34849757229669914
CACCTACCGCTACCTT-1,GSM8500537_Cap.area4_DLBCL_V2,6935,3308,1,0.451797111185757,0.508810643128978,0.51416923687666,0,0.07563593611628548,0.5301172626500141,0.008959352713550136,0.42763759634142445,0.0439429566067121,0.8056799096100407,0,0.34849757229669914
CACCTAGAATACTTCT-1,GSM8500537_Cap.area4_DLBCL_V2,7213,4942,1,0.169053653769811,0.127026767725223,0.0789537972944087,0.24150303844627,0.07563593611628548,0.5301172626500141,0.008959352713550136,0.42763759634142445,0.0439429566067121,0.8056799096100407,0,0.34849757229669914
CACCTTAGCTATTGTC-1,GSM8500537_Cap.area4_DLBCL_V2,4825,5763,1,0.328564448651785,0.224487511592951,0.226982624362537,0.101597092863468,0.07563593611628548,0.5301172626500141,0.008959352713550136,0.42763759634142445,0.0439429566067121,0.8056799096100407,0,0.34849757229669914
CACCTTGCGAGTTATG-1,GSM8500537_Cap.area4_DLBCL_V2,6033,7742,1,0.0578831648700644,0.137260545588282,0.167587870644639,0.280056188353132,0.07563593611628548,0.5301172626500141,0.008959352713550136,0.42763759634142445,0.0439429566067121,0.8056799096100407,0,0.34849757229669914
CACGAACGGTCTTCAG-1,GSM8500537_Cap.area4_DLBCL_V2,6244,470,1,0.141295385836871,0.173782340337075,0.0442177909426817,0.267535957492289,0.07563593611628548,0.5301172626500141,0.008959352713550136,0.42763759634142445,0.0439429566067121,0.8056799096100407,0,0.34849757229669914
CACGACCTCCGTCATA-1,GSM8500537_Cap.area4_DLBCL_V2,2358,7341,1,0.157754908846612,0,0.725974898463981,0,0.07563593611628548,0.5301172626500141,0.008959352713550136,0.42763759634142445,0.0439429566067121,0.8056799096100407,0,0.34849757229669914
CACGAGGCCATCCACT-1,GSM8500537_Cap.area4_DLBCL_V2,4506,6082,1,0.265505237120958,0.274952828680162,0.109887928665221,0.14071518001649,0.07563593611628548,0.5301172626500141,0.008959352713550136,0.42763759634142445,0.0439429566067121,0.8056799096100407,0,0.34849757229669914
CACGATAAGGCCTAAG-1,GSM8500537_Cap.area4_DLBCL_V2,5051,771,1,0.127339908999298,0,0,0.0818090206736495,0.07563593611628548,0.5301172626500141,0.008959352713550136,0.42763759634142445,0.0439429566067121,0.8056799096100407,0,0.34849757229669914
CACGATCATACAATTA-1,GSM8500537_Cap.area4_DLBCL_V2,3595,4869,1,0.270192689406663,0.328360356903003,0.0820685864353987,0.100283995480502,0.07563593611628548,0.5301172626500141,0.008959352713550136,0.42763759634142445,0.0439429566067121,0.8056799096100407,0,0.34849757229669914
CACGATGGTGCTAATA-1,GSM8500537_Cap.area4_DLBCL_V2,1462,2327,1,0.51641371728708,0,0.828503374354903,0,0.07563593611628548,0.5301172626500141,0.008959352713550136,0.42763759634142445,0.0439429566067121,0.8056799096100407,0,0.34849757229669914
CACGCCACAATCGCAC-1,GSM8500537_Cap.area4_DLBCL_V2,4134,2925,1,0.332015146425627,0.157360324922447,0.185146730998259,0.0315296057654136,0.07563593611628548,0.5301172626500141,0.008959352713550136,0.42763759634142445,0.0439429566067121,0.8056799096100407,0,0.34849757229669914
CACGCTTATCAATCTT-1,GSM8500537_Cap.area4_DLBCL_V2,2298,7232,1,0.15202919351391,0.0360740669672839,0.687818731486854,0.00877943017681004,0.07563593611628548,0.5301172626500141,0.008959352713550136,0.42763759634142445,0.0439429566067121,0.8056799096100407,0,0.34849757229669914
CACGGTGCCGGACCAC-1,GSM8500537_Cap.area4_DLBCL_V2,6928,592,1,0.199575533636669,0.168249704179859,0.0812440834274896,0.289980761596482,0.07563593611628548,0.5301172626500141,0.008959352713550136,0.42763759634142445,0.0439429566067121,0.8056799096100407,0,0.34849757229669914
CACGTACGTAGCTCAT-1,GSM8500537_Cap.area4_DLBCL_V2,4243,6728,1,0.295904968394051,0.155265598516102,0.101459675695484,0.0197117293187162,0.07563593611628548,0.5301172626500141,0.008959352713550136,0.42763759634142445,0.0439429566067121,0.8056799096100407,0,0.34849757229669914
CACGTAGGTAGGCTGA-1,GSM8500537_Cap.area4_DLBCL_V2,3819,3027,1,0.292332122026445,0.138907544213118,0.122515039545607,0.0197269978929367,0.07563593611628548,0.5301172626500141,0.008959352713550136,0.42763759634142445,0.0439429566067121,0.8056799096100407,0,0.34849757229669914
CACGTCAAGTGCGATC-1,GSM8500537_Cap.area4_DLBCL_V2,3824,2810,1,0.383790881607476,0.203172471137548,0.405701285613949,0.034598589183742,0.07563593611628548,0.5301172626500141,0.008959352713550136,0.42763759634142445,0.0439429566067121,0.8056799096100407,0,0.34849757229669914
CACGTCCAATTCGACT-1,GSM8500537_Cap.area4_DLBCL_V2,6679,6669,1,0.108086236907198,0.160158623556877,0.049149540415916,0.307554890524323,0.07563593611628548,0.5301172626500141,0.008959352713550136,0.42763759634142445,0.0439429566067121,0.8056799096100407,0,0.34849757229669914
CACGTCCACGACCTAT-1,GSM8500537_Cap.area4_DLBCL_V2,3664,4544,1,0.258191590069319,0.249080559020116,0.0449964882279292,0.157800714569273,0.07563593611628548,0.5301172626500141,0.008959352713550136,0.42763759634142445,0.0439429566067121,0.8056799096100407,0,0.34849757229669914
CACGTCCATCTACTGA-1,GSM8500537_Cap.area4_DLBCL_V2,6766,5476,1,0.0823281521971478,0.155185647126547,0.0738082877820869,0.367987907289217,0.07563593611628548,0.5301172626500141,0.008959352713550136,0.42763759634142445,0.0439429566067121,0.8056799096100407,0,0.34849757229669914
CACTACAATATTGCGG-1,GSM8500537_Cap.area4_DLBCL_V2,4281,1841,1,0.345222463126393,0.185982922383191,0.362796592054234,0.0718691788560785,0.07563593611628548,0.5301172626500141,0.008959352713550136,0.42763759634142445,0.0439429566067121,0.8056799096100407,0,0.34849757229669914
CACTACCTTCGCTTCA-1,GSM8500537_Cap.area4_DLBCL_V2,5422,7078,1,0.342336702598711,0.276807700917842,0.237044614773872,0.0276971936360583,0.07563593611628548,0.5301172626500141,0.008959352713550136,0.42763759634142445,0.0439429566067121,0.8056799096100407,0,0.34849757229669914
CACTAGTCGACATCTA-1,GSM8500537_Cap.area4_DLBCL_V2,4816,6197,1,0.348566280880691,0.22447152131504,0.204308791645036,0.0477295630134058,0.07563593611628548,0.5301172626500141,0.008959352713550136,0.42763759634142445,0.0439429566067121,0.8056799096100407,0,0.34849757229669914
CACTCAACGCAACGAC-1,GSM8500537_Cap.area4_DLBCL_V2,1553,917,1,0.537713378324732,0.0276791710639931,0.68743701713134,0.0264299019757535,0.07563593611628548,0.5301172626500141,0.008959352713550136,0.42763759634142445,0.0439429566067121,0.8056799096100407,0,0.34849757229669914
CACTCAATGGTTCGGA-1,GSM8500537_Cap.area4_DLBCL_V2,2857,7352,1,0.0986807951873454,0.0378010169816752,0.469310165816716,0.0360949094573548,0.07563593611628548,0.5301172626500141,0.008959352713550136,0.42763759634142445,0.0439429566067121,0.8056799096100407,0,0.34849757229669914
CACTCAGAGCAACCGG-1,GSM8500537_Cap.area4_DLBCL_V2,4427,758,1,0.228097230280636,0.13271930666155,0.0754267566494641,0.0282163251595566,0.07563593611628548,0.5301172626500141,0.008959352713550136,0.42763759634142445,0.0439429566067121,0.8056799096100407,0,0.34849757229669914
CACTCAGTACTCCGCT-1,GSM8500537_Cap.area4_DLBCL_V2,7258,2771,1,0.253015543408556,0.191595509929963,0.232204476745961,0.0575472562372126,0.07563593611628548,0.5301172626500141,0.008959352713550136,0.42763759634142445,0.0439429566067121,0.8056799096100407,0,0.34849757229669914
CACTCAGTGGTCCTTC-1,GSM8500537_Cap.area4_DLBCL_V2,6998,6350,1,0.282499160228418,0.168761393073012,0.146639386814059,0.202003236937735,0.07563593611628548,0.5301172626500141,0.008959352713550136,0.42763759634142445,0.0439429566067121,0.8056799096100407,0,0.34849757229669914
CACTGGATCGATACGA-1,GSM8500537_Cap.area4_DLBCL_V2,4965,1964,1,0.273872415793813,0.0942946688413444,0.333618346718783,0.0803127004000367,0.07563593611628548,0.5301172626500141,0.008959352713550136,0.42763759634142445,0.0439429566067121,0.8056799096100407,0,0.34849757229669914
CACTGGCCAGCCAGAT-1,GSM8500537_Cap.area4_DLBCL_V2,4718,4891,1,0.328396494335359,0.379097508714701,0.120637004916481,0.0334992518398632,0.07563593611628548,0.5301172626500141,0.008959352713550136,0.42763759634142445,0.0439429566067121,0.8056799096100407,0,0.34849757229669914
CACTGGTGAGACGCTT-1,GSM8500537_Cap.area4_DLBCL_V2,4386,5862,1,0.258344275811525,0.172950845885702,0.110483403059822,0.116621369896479,0.07563593611628548,0.5301172626500141,0.008959352713550136,0.42763759634142445,0.0439429566067121,0.8056799096100407,0,0.34849757229669914
CACTGGTGAGTTATCG-1,GSM8500537_Cap.area4_DLBCL_V2,7153,4832,1,0.155922679940147,0.130368735808628,0.044874339634165,0.281018108529026,0.07563593611628548,0.5301172626500141,0.008959352713550136,0.42763759634142445,0.0439429566067121,0.8056799096100407,0,0.34849757229669914
CAGAACATGATAGGAC-1,GSM8500537_Cap.area4_DLBCL_V2,1449,2978,1,0.474348795309494,0,0.816319052126912,0,0.07563593611628548,0.5301172626500141,0.008959352713550136,0.42763759634142445,0.0439429566067121,0.8056799096100407,0,0.34849757229669914
CAGAATTCTTGAACCA-1,GSM8500537_Cap.area4_DLBCL_V2,6405,4817,1,0.128423977768956,0.143416802584029,0.0842061868262741,0.348551012306471,0.07563593611628548,0.5301172626500141,0.008959352713550136,0.42763759634142445,0.0439429566067121,0.8056799096100407,0,0.34849757229669914
CAGACGATACAGATCG-1,GSM8500537_Cap.area4_DLBCL_V2,7113,6787,1,0.141707637340825,0.161150020787361,0.168366567929887,0.27265092985617,0.07563593611628548,0.5301172626500141,0.008959352713550136,0.42763759634142445,0.0439429566067121,0.8056799096100407,0,0.34849757229669914
CAGAGCAATGGCTTCT-1,GSM8500537_Cap.area4_DLBCL_V2,7701,2454,1,0.115598375423703,0.136029294189133,0.0780071456927353,0.348276177970501,0.07563593611628548,0.5301172626500141,0.008959352713550136,0.42763759634142445,0.0439429566067121,0.8056799096100407,0,0.34849757229669914
CAGAGTCAATCCGCTG-1,GSM8500537_Cap.area4_DLBCL_V2,6734,914,1,0.145769078083489,0.171255876427132,0.0935658228234647,0.171908877149052,0.07563593611628548,0.5301172626500141,0.008959352713550136,0.42763759634142445,0.0439429566067121,0.8056799096100407,0,0.34849757229669914
CAGATTCCGTATGCGA-1,GSM8500537_Cap.area4_DLBCL_V2,3470,4866,1,0.2219745320182,0.233969746394192,0.0749992365712889,0.0682810639142517,0.07563593611628548,0.5301172626500141,0.008959352713550136,0.42763759634142445,0.0439429566067121,0.8056799096100407,0,0.34849757229669914
CAGATTGCCTGTAAGT-1,GSM8500537_Cap.area4_DLBCL_V2,4034,4769,1,0.267948208996244,0.262688285522402,0.0830305066112926,0.107215928176627,0.07563593611628548,0.5301172626500141,0.008959352713550136,0.42763759634142445,0.0439429566067121,0.8056799096100407,0,0.34849757229669914
CAGCACGCTAATCAGA-1,GSM8500537_Cap.area4_DLBCL_V2,6556,3517,1,0.496228662167527,0.256164252134702,0.380721898189147,0,0.07563593611628548,0.5301172626500141,0.008959352713550136,0.42763759634142445,0.0439429566067121,0.8056799096100407,0,0.34849757229669914
CAGCATAGACTAGGCA-1,GSM8500537_Cap.area4_DLBCL_V2,6924,6891,1,0.156365468592543,0.114586331510442,0.143631477692613,0.272315021223318,0.07563593611628548,0.5301172626500141,0.008959352713550136,0.42763759634142445,0.0439429566067121,0.8056799096100407,0,0.34849757229669914
CAGCCTCGTGGCTCAC-1,GSM8500537_Cap.area4_DLBCL_V2,6659,4605,1,0.131019635386448,0.161581758290959,0.131248663999756,0.410510886493419,0.07563593611628548,0.5301172626500141,0.008959352713550136,0.42763759634142445,0.0439429566067121,0.8056799096100407,0,0.34849757229669914
CAGCGATAATGCGATT-1,GSM8500537_Cap.area4_DLBCL_V2,4474,1520,1,0.217027513970745,0.109613355080111,0.206614346352338,0.142089351696339,0.07563593611628548,0.5301172626500141,0.008959352713550136,0.42763759634142445,0.0439429566067121,0.8056799096100407,0,0.34849757229669914
CAGCTCCTCGGATTCT-1,GSM8500537_Cap.area4_DLBCL_V2,3884,2919,1,0.395853055241702,0.166170968051425,0.406388371453874,0.0419733105322625,0.07563593611628548,0.5301172626500141,0.008959352713550136,0.42763759634142445,0.0439429566067121,0.8056799096100407,0,0.34849757229669914
CAGCTGGATGCGGCTA-1,GSM8500537_Cap.area4_DLBCL_V2,6126,3182,1,0.291583961889639,0.200646007227606,0.155357742693987,0.0994594924725929,0.07563593611628548,0.5301172626500141,0.008959352713550136,0.42763759634142445,0.0439429566067121,0.8056799096100407,0,0.34849757229669914
CAGCTGGCGATAAGTG-1,GSM8500537_Cap.area4_DLBCL_V2,6957,2222,1,0.369026170336214,0.64794205123285,0.370003359086329,0,0.07563593611628548,0.5301172626500141,0.008959352713550136,0.42763759634142445,0.0439429566067121,0.8056799096100407,0,0.34849757229669914
CAGGACATGGTAATGC-1,GSM8500537_Cap.area4_DLBCL_V2,3940,3246,1,0.30068403212508,0.228628993571908,0.165664030292851,0.00870308730570735,0.07563593611628548,0.5301172626500141,0.008959352713550136,0.42763759634142445,0.0439429566067121,0.8056799096100407,0,0.34849757229669914
CAGGAGCGTATCGCAT-1,GSM8500537_Cap.area4_DLBCL_V2,5311,6424,1,0.31964760130699,0.108414084236784,0.183543530705103,0.0624484685620057,0.07563593611628548,0.5301172626500141,0.008959352713550136,0.42763759634142445,0.0439429566067121,0.8056799096100407,0,0.34849757229669914
CAGGCCAACAGCGAGT-1,GSM8500537_Cap.area4_DLBCL_V2,4355,7382,1,0.247686811005588,0.236400268636669,0.124622102788042,0.0221241640455614,0.07563593611628548,0.5301172626500141,0.008959352713550136,0.42763759634142445,0.0439429566067121,0.8056799096100407,0,0.34849757229669914
CAGGCCGTATCTGTTA-1,GSM8500537_Cap.area4_DLBCL_V2,4704,5543,1,0.345069777384188,0.222712590744827,0.188979143127615,0.0221547011940025,0.07563593611628548,0.5301172626500141,0.008959352713550136,0.42763759634142445,0.0439429566067121,0.8056799096100407,0,0.34849757229669914
CAGTAGATTGACGGAT-1,GSM8500537_Cap.area4_DLBCL_V2,6051,6874,1,0.127156686108651,0.088714061850395,0.219745320182001,0.127065074663328,0.07563593611628548,0.5301172626500141,0.008959352713550136,0.42763759634142445,0.0439429566067121,0.8056799096100407,0,0.34849757229669914
CAGTATACTGCAGCAA-1,GSM8500537_Cap.area4_DLBCL_V2,8140,2355,1,0.111430054661496,0.127730339953308,0.115888478333893,0.245091153388097,0.07563593611628548,0.5301172626500141,0.008959352713550136,0.42763759634142445,0.0439429566067121,0.8056799096100407,0,0.34849757229669914
CAGTCTGGACAATCTA-1,GSM8500537_Cap.area4_DLBCL_V2,4871,442,1,0.0570433932879347,0.0896095174134126,0.100543561242251,0.0855650899319021,0.07563593611628548,0.5301172626500141,0.008959352713550136,0.42763759634142445,0.0439429566067121,0.8056799096100407,0,0.34849757229669914
CAGTCTGTGGCGCTGC-1,GSM8500537_Cap.area4_DLBCL_V2,4655,1849,1,0.405518062723303,0.224951229652371,0.518902494885028,0.0141539683024399,0.07563593611628548,0.5301172626500141,0.008959352713550136,0.42763759634142445,0.0439429566067121,0.8056799096100407,0,0.34849757229669914
CAGTTGCAACCGAGAT-1,GSM8500537_Cap.area4_DLBCL_V2,4475,7602,1,0.305905884508505,0.136988710863795,0.112178214798302,0.0545546156899869,0.07563593611628548,0.5301172626500141,0.008959352713550136,0.42763759634142445,0.0439429566067121,0.8056799096100407,0,0.34849757229669914
CAGTTGCACGGACAGG-1,GSM8500537_Cap.area4_DLBCL_V2,6999,3200,1,0.472592909274132,0.345517925101538,0.512657648028827,0.034400097718875,0.07563593611628548,0.5301172626500141,0.008959352713550136,0.42763759634142445,0.0439429566067121,0.8056799096100407,0,0.34849757229669914
CATACAATGAGTAGCT-1,GSM8500537_Cap.area4_DLBCL_V2,7269,5269,1,0.188750114514307,0.15197160126643,0.117461141478609,0.209148929672947,0.07563593611628548,0.5301172626500141,0.008959352713550136,0.42763759634142445,0.0439429566067121,0.8056799096100407,0,0.34849757229669914
CATACCTACCGAAGGA-1,GSM8500537_Cap.area4_DLBCL_V2,7057,378,1,0.21403487342352,0.175237455626979,0.125843588725685,0.329969157480074,0.07563593611628548,0.5301172626500141,0.008959352713550136,0.42763759634142445,0.0439429566067121,0.8056799096100407,0,0.34849757229669914
CATAGAACATTGAACA-1,GSM8500537_Cap.area4_DLBCL_V2,4198,2817,1,0.29019452163557,0.115753621797947,0.144440712126302,0.0806486090328885,0.07563593611628548,0.5301172626500141,0.008959352713550136,0.42763759634142445,0.0439429566067121,0.8056799096100407,0,0.34849757229669914
CATATCCGTTCACCTC-1,GSM8500537_Cap.area4_DLBCL_V2,3795,1180,1,0.311601062692766,0.242732418689437,0.479066784743641,0.0744190307509085,0.07563593611628548,0.5301172626500141,0.008959352713550136,0.42763759634142445,0.0439429566067121,0.8056799096100407,0,0.34849757229669914
CATCAGATACTAATCG-1,GSM8500537_Cap.area4_DLBCL_V2,3904,4983,1,0.271704278254497,0.180162461223576,0.0473173115094513,0.0503710263535591,0.07563593611628548,0.5301172626500141,0.008959352713550136,0.42763759634142445,0.0439429566067121,0.8056799096100407,0,0.34849757229669914
CATCCGCCTAAGGAAC-1,GSM8500537_Cap.area4_DLBCL_V2,4967,4897,1,0.236265917488625,0.194185934951549,0.0931993770421718,0.075793202430757,0.07563593611628548,0.5301172626500141,0.008959352713550136,0.42763759634142445,0.0439429566067121,0.8056799096100407,0,0.34849757229669914
CATCCGGTACCAACGA-1,GSM8500537_Cap.area4_DLBCL_V2,5487,6971,1,0.324151830702049,0.250647606255397,0.221088954713409,0.0396524872507406,0.07563593611628548,0.5301172626500141,0.008959352713550136,0.42763759634142445,0.0439429566067121,0.8056799096100407,0,0.34849757229669914
CATCCGTGCGGTCTAC-1,GSM8500537_Cap.area4_DLBCL_V2,2367,6907,1,0.139111979723333,0.132655345549906,0.38307325861911,0,0.07563593611628548,0.5301172626500141,0.008959352713550136,0.42763759634142445,0.0439429566067121,0.8056799096100407,0,0.34849757229669914
CATCCGTGGTCGTAAG-1,GSM8500537_Cap.area4_DLBCL_V2,6139,2531,1,0.259810058936697,0.168217723624037,0.167557333496198,0.260863590557914,0.07563593611628548,0.5301172626500141,0.008959352713550136,0.42763759634142445,0.0439429566067121,0.8056799096100407,0,0.34849757229669914
CATCCTGGTACCTGCT-1,GSM8500537_Cap.area4_DLBCL_V2,8178,3550,1,0.0796103459858918,0.128977581630369,0.125660365835038,0.273841878645372,0.07563593611628548,0.5301172626500141,0.008959352713550136,0.42763759634142445,0.0439429566067121,0.8056799096100407,0,0.34849757229669914
CATGATAGGCCATGAG-1,GSM8500537_Cap.area4_DLBCL_V2,4455,5538,1,0.239457049500718,0.154274201285618,0.290698384584847,0.0191925977952179,0.07563593611628548,0.5301172626500141,0.008959352713550136,0.42763759634142445,0.0439429566067121,0.8056799096100407,0,0.34849757229669914
CATGCATATTCTGCCT-1,GSM8500537_Cap.area4_DLBCL_V2,3721,1721,1,0.322624973279995,0.133854616393233,0.108177848352521,0.063929520261398,0.07563593611628548,0.5301172626500141,0.008959352713550136,0.42763759634142445,0.0439429566067121,0.8056799096100407,0,0.34849757229669914
CATGCGCTACTGGAGG-1,GSM8500537_Cap.area4_DLBCL_V2,1384,3086,1,0.49377042171802,0,0.849451858185483,0,0.07563593611628548,0.5301172626500141,0.008959352713550136,0.42763759634142445,0.0439429566067121,0.8056799096100407,0,0.34849757229669914
CATGCGGCCGGAATTC-1,GSM8500537_Cap.area4_DLBCL_V2,5099,7614,1,0.35134516138883,0.248265054846653,0.183070204904266,0.0480502030720371,0.07563593611628548,0.5301172626500141,0.008959352713550136,0.42763759634142445,0.0439429566067121,0.8056799096100407,0,0.34849757229669914
CATGGCTACTGTACGT-1,GSM8500537_Cap.area4_DLBCL_V2,6476,7425,1,0.0745259107704522,0.143944481755093,0.043347482212111,0.35475005344001,0.07563593611628548,0.5301172626500141,0.008959352713550136,0.42763759634142445,0.0439429566067121,0.8056799096100407,0,0.34849757229669914
CATGTCCACCTGCGTC-1,GSM8500537_Cap.area4_DLBCL_V2,4326,5752,1,0.26500137417168,0.203252422527104,0.0831373866308364,0.0759306195987419,0.07563593611628548,0.5301172626500141,0.008959352713550136,0.42763759634142445,0.0439429566067121,0.8056799096100407,0,0.34849757229669914
CATGTTACCGAAGGCG-1,GSM8500537_Cap.area4_DLBCL_V2,3410,4756,1,0.267444346046966,0.130096901084141,0.115491495404159,0.0396066815280789,0.07563593611628548,0.5301172626500141,0.008959352713550136,0.42763759634142445,0.0439429566067121,0.8056799096100407,0,0.34849757229669914
CATGTTGAGCCGGAAC-1,GSM8500537_Cap.area4_DLBCL_V2,8181,6483,1,0.0427672763917305,0.0447887684287953,0,0,0.07563593611628548,0.5301172626500141,0.008959352713550136,0.42763759634142445,0.0439429566067121,0.8056799096100407,0,0.34849757229669914
CATTAACTATTGTTCC-1,GSM8500537_Cap.area4_DLBCL_V2,4047,4118,1,0.371499679359941,0.389107422687006,0.130118789507436,0.133966470211012,0.07563593611628548,0.5301172626500141,0.008959352713550136,0.42763759634142445,0.0439429566067121,0.8056799096100407,0,0.34849757229669914
CATTAGGATAGTGAAT-1,GSM8500537_Cap.area4_DLBCL_V2,4263,2710,1,0.362338534827618,0.157760081870223,0.326090939628058,0.126469600268727,0.07563593611628548,0.5301172626500141,0.008959352713550136,0.42763759634142445,0.0439429566067121,0.8056799096100407,0,0.34849757229669914
CATTCTCCAGTCACCA-1,GSM8500537_Cap.area4_DLBCL_V2,6937,6240,1,0.227028430085199,0.16081422495123,0.157052554432467,0.310058936696491,0.07563593611628548,0.5301172626500141,0.008959352713550136,0.42763759634142445,0.0439429566067121,0.8056799096100407,0,0.34849757229669914
CATTGCAGCGAAGACC-1,GSM8500537_Cap.area4_DLBCL_V2,4543,1195,1,0.197712767581763,0.134718091400429,0.0788469172748649,0.0862521757718264,0.07563593611628548,0.5301172626500141,0.008959352713550136,0.42763759634142445,0.0439429566067121,0.8056799096100407,0,0.34849757229669914
CATTGCTATGTTAGCT-1,GSM8500537_Cap.area4_DLBCL_V2,4820,5980,1,0.340489205118026,0.215948703188461,0.153937765291477,0.028369010901762,0.07563593611628548,0.5301172626500141,0.008959352713550136,0.42763759634142445,0.0439429566067121,0.8056799096100407,0,0.34849757229669914
CCAACAGGAACACGGT-1,GSM8500537_Cap.area4_DLBCL_V2,6199,2641,1,0.273750267200049,0.167306277783108,0.165267047363117,0.303569792652762,0.07563593611628548,0.5301172626500141,0.008959352713550136,0.42763759634142445,0.0439429566067121,0.8056799096100407,0,0.34849757229669914
CCAACTTGCGTTAACC-1,GSM8500537_Cap.area4_DLBCL_V2,5047,988,1,0.0830152380370721,0.0396558892193546,0.113598192200812,0.0830152380370721,0.07563593611628548,0.5301172626500141,0.008959352713550136,0.42763759634142445,0.0439429566067121,0.8056799096100407,0,0.34849757229669914
CCAAGCTGGCCATTGC-1,GSM8500537_Cap.area4_DLBCL_V2,4876,6307,1,0.382111338443216,0.199542678051745,0.148547958591627,0.0222463126393257,0.07563593611628548,0.5301172626500141,0.008959352713550136,0.42763759634142445,0.0439429566067121,0.8056799096100407,0,0.34849757229669914
CCACATGGCGACGTCT-1,GSM8500537_Cap.area4_DLBCL_V2,6344,4707,1,0.132042629859224,0.192682848827913,0.0828778208690872,0.306379210309341,0.07563593611628548,0.5301172626500141,0.008959352713550136,0.42763759634142445,0.0439429566067121,0.8056799096100407,0,0.34849757229669914
CCACGAACGCTGCCGC-1,GSM8500537_Cap.area4_DLBCL_V2,3813,6394,1,0.247289828075854,0.169305062521987,0.090741136592665,0.123751794057471,0.07563593611628548,0.5301172626500141,0.008959352713550136,0.42763759634142445,0.0439429566067121,0.8056799096100407,0,0.34849757229669914
CCACGGTACACCAACC-1,GSM8500537_Cap.area4_DLBCL_V2,6779,4825,1,0.0952606345619446,0.134622149732962,0.0438666137356094,0.307432741930558,0.07563593611628548,0.5301172626500141,0.008959352713550136,0.42763759634142445,0.0439429566067121,0.8056799096100407,0,0.34849757229669914
CCACGTCGGTCGCTTC-1,GSM8500537_Cap.area4_DLBCL_V2,3753,6284,1,0.196338595901915,0.132495442770795,0.101139035636852,0.0505695178184261,0.07563593611628548,0.5301172626500141,0.008959352713550136,0.42763759634142445,0.0439429566067121,0.8056799096100407,0,0.34849757229669914
CCACGTGGACTGCGGT-1,GSM8500537_Cap.area4_DLBCL_V2,3906,1834,1,0.340290713653159,0.145543509546196,0.110513940208263,0.0692429840901456,0.07563593611628548,0.5301172626500141,0.008959352713550136,0.42763759634142445,0.0439429566067121,0.8056799096100407,0,0.34849757229669914
CCAGAACCGTGCATCC-1,GSM8500537_Cap.area4_DLBCL_V2,6855,7216,1,0.103536201789477,0.143784578975983,0.0885119247564662,0.442391669465905,0.07563593611628548,0.5301172626500141,0.008959352713550136,0.42763759634142445,0.0439429566067121,0.8056799096100407,0,0.34849757229669914
CCAGACATCCGGTTCT-1,GSM8500537_Cap.area4_DLBCL_V2,1680,3852,1,0.25680214981525,0.0492500559659727,0.548218157388463,0,0.07563593611628548,0.5301172626500141,0.008959352713550136,0.42763759634142445,0.0439429566067121,0.8056799096100407,0,0.34849757229669914
CCAGACATCGGCACGC-1,GSM8500537_Cap.area4_DLBCL_V2,6293,4163,1,0.167710019238404,0.289695864914132,0.153953033865698,0.0967874919839985,0.07563593611628548,0.5301172626500141,0.008959352713550136,0.42763759634142445,0.0439429566067121,0.8056799096100407,0,0.34849757229669914
CCAGATAGACGAGGTG-1,GSM8500537_Cap.area4_DLBCL_V2,3996,3573,1,0.302562066754206,0.252502478493076,0.17299294591871,0,0.07563593611628548,0.5301172626500141,0.008959352713550136,0.42763759634142445,0.0439429566067121,0.8056799096100407,0,0.34849757229669914
CCAGATGATATGTAGG-1,GSM8500537_Cap.area4_DLBCL_V2,5190,6204,1,0.284972669252145,0.303191659471042,0.304012581305158,0.0546156899868691,0.07563593611628548,0.5301172626500141,0.008959352713550136,0.42763759634142445,0.0439429566067121,0.8056799096100407,0,0.34849757229669914
CCAGATTGTAGCCTAC-1,GSM8500537_Cap.area4_DLBCL_V2,6331,5359,1,0.176275689376126,0.127250631615977,0.0580358506122698,0.356200567990961,0.07563593611628548,0.5301172626500141,0.008959352713550136,0.42763759634142445,0.0439429566067121,0.8056799096100407,0,0.34849757229669914
CCAGCGGATTCCGCTG-1,GSM8500537_Cap.area4_DLBCL_V2,7278,4835,1,0.16618316181635,0.16842559723688,0.0879164503618652,0.209286346840932,0.07563593611628548,0.5301172626500141,0.008959352713550136,0.42763759634142445,0.0439429566067121,0.8056799096100407,0,0.34849757229669914
CCATCTGTGGCATCGT-1,GSM8500537_Cap.area4_DLBCL_V2,4735,4023,1,0.169160533789355,0.192842751607023,0.133050355757779,0.0349497663908144,0.07563593611628548,0.5301172626500141,0.008959352713550136,0.42763759634142445,0.0439429566067121,0.8056799096100407,0,0.34849757229669914
CCATGAACAATGCTCC-1,GSM8500537_Cap.area4_DLBCL_V2,1043,4491,1,0.396219501022995,0.165259522210496,0.662350749686994,0.010901761993465,0.07563593611628548,0.5301172626500141,0.008959352713550136,0.42763759634142445,0.0439429566067121,0.8056799096100407,0,0.34849757229669914
CCATGAACATCGTTGG-1,GSM8500537_Cap.area4_DLBCL_V2,1134,3081,1,0.419275048096009,0.0551344782372317,0.784392463431765,0.0036949949613704902,0.07563593611628548,0.5301172626500141,0.008959352713550136,0.42763759634142445,0.0439429566067121,0.8056799096100407,0,0.34849757229669914
CCATTCGTCTGCTCTA-1,GSM8500537_Cap.area4_DLBCL_V2,1749,3528,1,0.629737075151922,0.115433816239726,0.662595046874523,0,0.07563593611628548,0.5301172626500141,0.008959352713550136,0.42763759634142445,0.0439429566067121,0.8056799096100407,0,0.34849757229669914
CCGACAAGTATTCATC-1,GSM8500537_Cap.area4_DLBCL_V2,1720,1898,1,0.489846398143341,0.00669992644472162,0.807600696246984,0,0.07563593611628548,0.5301172626500141,0.008959352713550136,0.42763759634142445,0.0439429566067121,0.8056799096100407,0,0.34849757229669914
CCGACAGACTGTGCCT-1,GSM8500537_Cap.area4_DLBCL_V2,4073,2815,1,0.32332732769414,0.100562857782468,0.214492930650136,0.0539438727211653,0.07563593611628548,0.5301172626500141,0.008959352713550136,0.42763759634142445,0.0439429566067121,0.8056799096100407,0,0.34849757229669914
CCGAGGATGACTCGTC-1,GSM8500537_Cap.area4_DLBCL_V2,4292,4340,1,0.159068006229578,0.30533435671112,0.132409075640517,0.00146578312517176,0.07563593611628548,0.5301172626500141,0.008959352713550136,0.42763759634142445,0.0439429566067121,0.8056799096100407,0,0.34849757229669914
CCGAGTAATACACGAG-1,GSM8500537_Cap.area4_DLBCL_V2,8116,6590,1,0,0,0.0430879164503619,0,0.07563593611628548,0.5301172626500141,0.008959352713550136,0.42763759634142445,0.0439429566067121,0.8056799096100407,0,0.34849757229669914
CCGATTAGCGAGTGTA-1,GSM8500537_Cap.area4_DLBCL_V2,2427,7017,1,0.514581488380615,0.00788320701013778,0.640593031422726,0.00752740709072586,0.07563593611628548,0.5301172626500141,0.008959352713550136,0.42763759634142445,0.0439429566067121,0.8056799096100407,0,0.34849757229669914
CCGCAATCCGTGGTTG-1,GSM8500537_Cap.area4_DLBCL_V2,2922,7244,1,0.0899471707331969,0.0373213086443442,0.394875866491587,0.0712737044614774,0.07563593611628548,0.5301172626500141,0.008959352713550136,0.42763759634142445,0.0439429566067121,0.8056799096100407,0,0.34849757229669914
CCGCATAGTACAGGTT-1,GSM8500537_Cap.area4_DLBCL_V2,3980,1292,1,0.399257947292882,0.115865553743324,0.639844871285919,0.0061990411335389704,0.07563593611628548,0.5301172626500141,0.008959352713550136,0.42763759634142445,0.0439429566067121,0.8056799096100407,0,0.34849757229669914
CCGCATGTAGTTAGAC-1,GSM8500537_Cap.area4_DLBCL_V2,7193,2878,1,0.267093168839894,0.0797595062202181,0.35165053287324,0.041851161938498103,0.07563593611628548,0.5301172626500141,0.008959352713550136,0.42763759634142445,0.0439429566067121,0.8056799096100407,0,0.34849757229669914
CCGCCACTGCGTTGGC-1,GSM8500537_Cap.area4_DLBCL_V2,7688,3106,1,0.0690292240510582,0.136668905305574,0.0950468745228571,0.353665984670351,0.07563593611628548,0.5301172626500141,0.008959352713550136,0.42763759634142445,0.0439429566067121,0.8056799096100407,0,0.34849757229669914
CCGCGACCGTAGCTAT-1,GSM8500537_Cap.area4_DLBCL_V2,8127,3006,1,0.0376828411762909,0.100946624452333,0.0704033957309066,0.428573609796317,0.07563593611628548,0.5301172626500141,0.008959352713550136,0.42763759634142445,0.0439429566067121,0.8056799096100407,0,0.34849757229669914
CCGCGTATCGTTGCAG-1,GSM8500537_Cap.area4_DLBCL_V2,4738,6955,1,0.35618529941674,0.236080463078448,0.160304760741442,0.100054966867194,0.07563593611628548,0.5301172626500141,0.008959352713550136,0.42763759634142445,0.0439429566067121,0.8056799096100407,0,0.34849757229669914
CCGCGTCGTTGGTCTG-1,GSM8500537_Cap.area4_DLBCL_V2,4628,3152,1,0.28370537759184,0.293645463558157,0.174153357559471,0.0176199346505024,0.07563593611628548,0.5301172626500141,0.008959352713550136,0.42763759634142445,0.0439429566067121,0.8056799096100407,0,0.34849757229669914
CCGCGTTGCTACAACT-1,GSM8500537_Cap.area4_DLBCL_V2,1419,1349,1,0.320808012947751,0.0543029837858582,0.704049225883287,0.0183833633615293,0.07563593611628548,0.5301172626500141,0.008959352713550136,0.42763759634142445,0.0439429566067121,0.8056799096100407,0,0.34849757229669914
CCGCTCAATCTGGAAC-1,GSM8500537_Cap.area4_DLBCL_V2,4470,1737,1,0.455003511772071,0.131216220537913,0.712294255962378,0.0278956851009253,0.07563593611628548,0.5301172626500141,0.008959352713550136,0.42763759634142445,0.0439429566067121,0.8056799096100407,0,0.34849757229669914
CCGCTCATACAAGTCA-1,GSM8500537_Cap.area4_DLBCL_V2,6249,6335,1,0.0628912572144014,0.092967475774729,0.0615934284056555,0.337084313066846,0.07563593611628548,0.5301172626500141,0.008959352713550136,0.42763759634142445,0.0439429566067121,0.8056799096100407,0,0.34849757229669914
CCGCTCGCTAGTCTAA-1,GSM8500537_Cap.area4_DLBCL_V2,6206,5356,1,0.154319479646991,0.139211359493428,0.00732891562585891,0.0959477204018688,0.07563593611628548,0.5301172626500141,0.008959352713550136,0.42763759634142445,0.0439429566067121,0.8056799096100407,0,0.34849757229669914
CCGCTGGCACCAAGAC-1,GSM8500537_Cap.area4_DLBCL_V2,1217,2105,1,0.378966012153785,0.0497777351370366,0.839786850703881,0,0.07563593611628548,0.5301172626500141,0.008959352713550136,0.42763759634142445,0.0439429566067121,0.8056799096100407,0,0.34849757229669914
CCGCTGTCACCTGCAA-1,GSM8500537_Cap.area4_DLBCL_V2,4210,5316,1,0.265810608605368,0.193914100227062,0.0521421809631417,0.0617766512963019,0.07563593611628548,0.5301172626500141,0.008959352713550136,0.42763759634142445,0.0439429566067121,0.8056799096100407,0,0.34849757229669914
CCGGAGAAGCTAACCA-1,GSM8500537_Cap.area4_DLBCL_V2,3956,5528,1,0.273078449934345,0.235744667242317,0.0902983479402694,0.0478364430329495,0.07563593611628548,0.5301172626500141,0.008959352713550136,0.42763759634142445,0.0439429566067121,0.8056799096100407,0,0.34849757229669914
CCGGATCAGCCGACTA-1,GSM8500537_Cap.area4_DLBCL_V2,1600,1678,1,0.414663938681406,0.012744251495091,0.835068861269735,0,0.07563593611628548,0.5301172626500141,0.008959352713550136,0.42763759634142445,0.0439429566067121,0.8056799096100407,0,0.34849757229669914
CCGGATCTCCGAAGCG-1,GSM8500537_Cap.area4_DLBCL_V2,4239,6945,1,0.266436620148411,0.35268156960568,0.0750908480166123,0.0403701102391059,0.07563593611628548,0.5301172626500141,0.008959352713550136,0.42763759634142445,0.0439429566067121,0.8056799096100407,0,0.34849757229669914
CCGGCAATGAAGTGAA-1,GSM8500537_Cap.area4_DLBCL_V2,6797,3956,1,0.367728341527468,0.609677316191755,0.494778147616576,0.016306837267536,0.07563593611628548,0.5301172626500141,0.008959352713550136,0.42763759634142445,0.0439429566067121,0.8056799096100407,0,0.34849757229669914
CCGGCGAACATCACGT-1,GSM8500537_Cap.area4_DLBCL_V2,1208,2539,1,0.258252664366202,0,0.869346810394845,0,0.07563593611628548,0.5301172626500141,0.008959352713550136,0.42763759634142445,0.0439429566067121,0.8056799096100407,0,0.34849757229669914
CCGGCGAACCGTGCAC-1,GSM8500537_Cap.area4_DLBCL_V2,4370,3581,1,0.277063547805906,0.250823499312418,0.187116377072709,0.0641738174489266,0.07563593611628548,0.5301172626500141,0.008959352713550136,0.42763759634142445,0.0439429566067121,0.8056799096100407,0,0.34849757229669914
CCGGCGCAGCATGCGA-1,GSM8500537_Cap.area4_DLBCL_V2,4011,5855,1,0.186429291232785,0.128194058012728,0.0479433230524934,0.105505847863926,0.07563593611628548,0.5301172626500141,0.008959352713550136,0.42763759634142445,0.0439429566067121,0.8056799096100407,0,0.34849757229669914
CCGGCGCTAAGGATGA-1,GSM8500537_Cap.area4_DLBCL_V2,6844,4718,1,0.149830518826152,0.132783267773194,0.0764344825480197,0.248999908388555,0.07563593611628548,0.5301172626500141,0.008959352713550136,0.42763759634142445,0.0439429566067121,0.8056799096100407,0,0.34849757229669914
CCGTGAAGGATAACAG-1,GSM8500537_Cap.area4_DLBCL_V2,3755,3134,1,0.343665068555898,0.35455243212127,0.0885729990533484,0.0210248267016826,0.07563593611628548,0.5301172626500141,0.008959352713550136,0.42763759634142445,0.0439429566067121,0.8056799096100407,0,0.34849757229669914
CCGTGCACATCTGGCA-1,GSM8500537_Cap.area4_DLBCL_V2,7109,7004,1,0.136806425016032,0.206738303111708,0.0997037896601215,0.315189177634593,0.07563593611628548,0.5301172626500141,0.008959352713550136,0.42763759634142445,0.0439429566067121,0.8056799096100407,0,0.34849757229669914
CCGTGCACTACCAGAA-1,GSM8500537_Cap.area4_DLBCL_V2,1669,1354,1,0.656915137264482,0.0351466308484442,0.760100161846887,0,0.07563593611628548,0.5301172626500141,0.008959352713550136,0.42763759634142445,0.0439429566067121,0.8056799096100407,0,0.34849757229669914
CCGTGCTGGCAATATG-1,GSM8500537_Cap.area4_DLBCL_V2,6610,6994,1,0.106299813723394,0.097284850810707,0.0423702934619965,0.298607506031087,0.07563593611628548,0.5301172626500141,0.008959352713550136,0.42763759634142445,0.0439429566067121,0.8056799096100407,0,0.34849757229669914
CCTAACGCGATTGCAT-1,GSM8500537_Cap.area4_DLBCL_V2,7044,7111,1,0.0567990961004061,0.128625795516326,0.0692277155159251,0.326289431092925,0.07563593611628548,0.5301172626500141,0.008959352713550136,0.42763759634142445,0.0439429566067121,0.8056799096100407,0,0.34849757229669914
CCTAACTTATGTTGGA-1,GSM8500537_Cap.area4_DLBCL_V2,4706,2393,1,0.36381958652701,0.178163676484697,0.100558829816472,0.162381286835435,0.07563593611628548,0.5301172626500141,0.008959352713550136,0.42763759634142445,0.0439429566067121,0.8056799096100407,0,0.34849757229669914
CCTAATCCACAAGGAT-1,GSM8500537_Cap.area4_DLBCL_V2,4323,2820,1,0.339664702110117,0.0644568102593623,0.203606437230891,0.0698384584847467,0.07563593611628548,0.5301172626500141,0.008959352713550136,0.42763759634142445,0.0439429566067121,0.8056799096100407,0,0.34849757229669914
CCTACCATGTGATCAC-1,GSM8500537_Cap.area4_DLBCL_V2,6714,4932,1,0.205789843344429,0.132847228884838,0.0711668244419336,0.290469355971539,0.07563593611628548,0.5301172626500141,0.008959352713550136,0.42763759634142445,0.0439429566067121,0.8056799096100407,0,0.34849757229669914
CCTACGGTAAGACTCG-1,GSM8500537_Cap.area4_DLBCL_V2,4238,863,1,0.128469783491618,0.104544436982315,0.162198063944789,0.0508138150059547,0.07563593611628548,0.5301172626500141,0.008959352713550136,0.42763759634142445,0.0439429566067121,0.8056799096100407,0,0.34849757229669914
CCTAGCCTAGTACCGG-1,GSM8500537_Cap.area4_DLBCL_V2,4072,5964,1,0.268879592023697,0.234337522786146,0.26755122606651,0.0228112498854857,0.07563593611628548,0.5301172626500141,0.008959352713550136,0.42763759634142445,0.0439429566067121,0.8056799096100407,0,0.34849757229669914
CCTAGCCTTCATCGGC-1,GSM8500537_Cap.area4_DLBCL_V2,4519,5430,1,0.144898769352918,0.118503949598644,0.24631263932574,0.00844352154395822,0.07563593611628548,0.5301172626500141,0.008959352713550136,0.42763759634142445,0.0439429566067121,0.8056799096100407,0,0.34849757229669914
CCTAGTCAGTCCTTAT-1,GSM8500537_Cap.area4_DLBCL_V2,6560,3300,1,0.411350658075549,0.367536537785027,0.602223104406511,0.0444315509817693,0.07563593611628548,0.5301172626500141,0.008959352713550136,0.42763759634142445,0.0439429566067121,0.8056799096100407,0,0.34849757229669914
CCTAGTGAATGTCTGC-1,GSM8500537_Cap.area4_DLBCL_V2,6213,8072,1,0.049745014810517,0.150116729028751,0.0656243319998778,0.409945949247259,0.07563593611628548,0.5301172626500141,0.008959352713550136,0.42763759634142445,0.0439429566067121,0.8056799096100407,0,0.34849757229669914
CCTATGATGGTCAATG-1,GSM8500537_Cap.area4_DLBCL_V2,4974,7612,1,0.276254313372217,0.175909047299242,0.112086603352979,0.0590130393623843,0.07563593611628548,0.5301172626500141,0.008959352713550136,0.42763759634142445,0.0439429566067121,0.8056799096100407,0,0.34849757229669914
CCTATGCCAGCAATCC-1,GSM8500537_Cap.area4_DLBCL_V2,4067,6182,1,0.305722661617858,0.146486935942947,0.111384248938834,0.158380920389654,0.07563593611628548,0.5301172626500141,0.008959352713550136,0.42763759634142445,0.0439429566067121,0.8056799096100407,0,0.34849757229669914
CCTCACATGTACCTGG-1,GSM8500537_Cap.area4_DLBCL_V2,5418,7295,1,0.337893547500534,0.243643864530366,0.186536171252328,0.0364155495159862,0.07563593611628548,0.5301172626500141,0.008959352713550136,0.42763759634142445,0.0439429566067121,0.8056799096100407,0,0.34849757229669914
CCTCACATGTCTTACT-1,GSM8500537_Cap.area4_DLBCL_V2,5890,2526,1,0.154487433963416,0.166554734721289,0.0865575472562372,0.130332549546523,0.07563593611628548,0.5301172626500141,0.008959352713550136,0.42763759634142445,0.0439429566067121,0.8056799096100407,0,0.34849757229669914
CCTCATGATTATCTGA-1,GSM8500537_Cap.area4_DLBCL_V2,6436,3297,1,0.430879164503619,0.534602961399469,0.472944086481204,0.0807249519039912,0.07563593611628548,0.5301172626500141,0.008959352713550136,0.42763759634142445,0.0439429566067121,0.8056799096100407,0,0.34849757229669914
CCTCGATAGAATAGGA-1,GSM8500537_Cap.area4_DLBCL_V2,3690,3241,1,0.208767215317434,0.137612331702325,0.104543927688032,0.0343695605704339,0.07563593611628548,0.5301172626500141,0.008959352713550136,0.42763759634142445,0.0439429566067121,0.8056799096100407,0,0.34849757229669914
CCTCGGCGCCGATTGA-1,GSM8500537_Cap.area4_DLBCL_V2,6489,692,1,0.150151158884783,0.170696216700246,0.0915503710263535,0.33400006107429703,0.07563593611628548,0.5301172626500141,0.008959352713550136,0.42763759634142445,0.0439429566067121,0.8056799096100407,0,0.34849757229669914
CCTCTACCGTGATTGG-1,GSM8500537_Cap.area4_DLBCL_V2,4051,3900,1,0.247152410907869,0.240685663116825,0.0831373866308364,0.0295752282651845,0.07563593611628548,0.5301172626500141,0.008959352713550136,0.42763759634142445,0.0439429566067121,0.8056799096100407,0,0.34849757229669914
CCTCTAGCTCTGGCAG-1,GSM8500537_Cap.area4_DLBCL_V2,1337,2325,1,0.303814089840291,0.0203236432249192,0.882034995572114,0,0.07563593611628548,0.5301172626500141,0.008959352713550136,0.42763759634142445,0.0439429566067121,0.8056799096100407,0,0.34849757229669914
CCTCTAGCTGGTCCGC-1,GSM8500537_Cap.area4_DLBCL_V2,2418,7451,1,0.0480043973493756,0,0.728433138913488,0.0160014657831252,0.07563593611628548,0.5301172626500141,0.008959352713550136,0.42763759634142445,0.0439429566067121,0.8056799096100407,0,0.34849757229669914
CCTCTATGTTGCTTAT-1,GSM8500537_Cap.area4_DLBCL_V2,6472,7642,1,0.140608299996946,0.132047714989286,0.0376370354536293,0.256664732647265,0.07563593611628548,0.5301172626500141,0.008959352713550136,0.42763759634142445,0.0439429566067121,0.8056799096100407,0,0.34849757229669914
CCTCTTCGAGCGGTTG-1,GSM8500537_Cap.area4_DLBCL_V2,1186,3625,1,0.540293767368003,0.161565768013048,0.832183100742053,0,0.07563593611628548,0.5301172626500141,0.008959352713550136,0.42763759634142445,0.0439429566067121,0.8056799096100407,0,0.34849757229669914
CCTGAAGTGCATGCAT-1,GSM8500537_Cap.area4_DLBCL_V2,5543,7298,1,0.374721348520475,0.204707537817007,0.289965493022262,0.0164289858613003,0.07563593611628548,0.5301172626500141,0.008959352713550136,0.42763759634142445,0.0439429566067121,0.8056799096100407,0,0.34849757229669914
CCTGCTCGCCGTCCAG-1,GSM8500537_Cap.area4_DLBCL_V2,6396,5251,1,0.124958011420893,0.118072212095046,0.0671511894219318,0.289461630072984,0.07563593611628548,0.5301172626500141,0.008959352713550136,0.42763759634142445,0.0439429566067121,0.8056799096100407,0,0.34849757229669914
CCTGTCTAAGTAGGCT-1,GSM8500537_Cap.area4_DLBCL_V2,1125,3515,1,0.504046172168443,0.114458409287153,0.806409747457782,0,0.07563593611628548,0.5301172626500141,0.008959352713550136,0.42763759634142445,0.0439429566067121,0.8056799096100407,0,0.34849757229669914
CCTGTCTGATAGGTGA-1,GSM8500537_Cap.area4_DLBCL_V2,4740,3806,1,0.277048279231685,0.247689404841856,0.127523131889944,0.179573701407763,0.07563593611628548,0.5301172626500141,0.008959352713550136,0.42763759634142445,0.0439429566067121,0.8056799096100407,0,0.34849757229669914
CCTTAATTGGAATATT-1,GSM8500537_Cap.area4_DLBCL_V2,1656,2005,1,0.436711759855865,0.0210751862867377,0.835420038476807,0,0.07563593611628548,0.5301172626500141,0.008959352713550136,0.42763759634142445,0.0439429566067121,0.8056799096100407,0,0.34849757229669914
CCTTAGCGTTCGCAGG-1,GSM8500537_Cap.area4_DLBCL_V2,3924,965,1,0.139799065563258,0.098867888323899,0.409274131981556,0.0554859987174398,0.07563593611628548,0.5301172626500141,0.008959352713550136,0.42763759634142445,0.0439429566067121,0.8056799096100407,0,0.34849757229669914
CCTTAGTCTGTCACTG-1,GSM8500537_Cap.area4_DLBCL_V2,7343,4728,1,0.180993678810273,0.102161885573571,0.100116041164076,0.258008367178673,0.07563593611628548,0.5301172626500141,0.008959352713550136,0.42763759634142445,0.0439429566067121,0.8056799096100407,0,0.34849757229669914
CCTTAGTTATACCAGA-1,GSM8500537_Cap.area4_DLBCL_V2,7679,3540,1,0.10504779063731,0.127330583005533,0.0673954866094604,0.274452621614194,0.07563593611628548,0.5301172626500141,0.008959352713550136,0.42763759634142445,0.0439429566067121,0.8056799096100407,0,0.34849757229669914
CCTTATAGGCGAATAC-1,GSM8500537_Cap.area4_DLBCL_V2,4492,651,1,0.253504137783614,0.089769420192523,0.101566555715027,0.133126698628882,0.07563593611628548,0.5301172626500141,0.008959352713550136,0.42763759634142445,0.0439429566067121,0.8056799096100407,0,0.34849757229669914
CCTTATGAGGCGTTCC-1,GSM8500537_Cap.area4_DLBCL_V2,6923,809,1,0.34513085168107,0.218315264319294,0.193513909671115,0.204736311723211,0.07563593611628548,0.5301172626500141,0.008959352713550136,0.42763759634142445,0.0439429566067121,0.8056799096100407,0,0.34849757229669914
CCTTCCGCTCCGGCAT-1,GSM8500537_Cap.area4_DLBCL_V2,4635,5867,1,0.375591657251046,0.140058844222713,0.104314899074724,0.0696246984456591,0.07563593611628548,0.5301172626500141,0.008959352713550136,0.42763759634142445,0.0439429566067121,0.8056799096100407,0,0.34849757229669914
CCTTGTCTACTTAGAC-1,GSM8500537_Cap.area4_DLBCL_V2,1556,3850,1,0.55635630744801,0.0680866033451661,0.800943597886829,0,0.07563593611628548,0.5301172626500141,0.008959352713550136,0.42763759634142445,0.0439429566067121,0.8056799096100407,0,0.34849757229669914
CCTTGTCTTACGGTTC-1,GSM8500537_Cap.area4_DLBCL_V2,6253,6117,1,0.132439612788958,0.148917458185423,0.066082389226494,0.384050447369225,0.07563593611628548,0.5301172626500141,0.008959352713550136,0.42763759634142445,0.0439429566067121,0.8056799096100407,0,0.34849757229669914
CGAACCAGAAGTCTGG-1,GSM8500537_Cap.area4_DLBCL_V2,3871,3571,1,0.243060433016765,0.183184623748761,0.0647998289919687,0,0.07563593611628548,0.5301172626500141,0.008959352713550136,0.42763759634142445,0.0439429566067121,0.8056799096100407,0,0.34849757229669914
CGAACGTGAAGTCCAA-1,GSM8500537_Cap.area4_DLBCL_V2,6287,7530,1,0.143326106208202,0.158719498544885,0.145219409411549,0.348688429474456,0.07563593611628548,0.5301172626500141,0.008959352713550136,0.42763759634142445,0.0439429566067121,0.8056799096100407,0,0.34849757229669914
CGAAGACCGCCAGGCG-1,GSM8500537_Cap.area4_DLBCL_V2,6311,3295,1,0.414602864384524,0.364386453036554,0.187177451369591,0.121385165053287,0.07563593611628548,0.5301172626500141,0.008959352713550136,0.42763759634142445,0.0439429566067121,0.8056799096100407,0,0.34849757229669914
CGAAGATCCGAAGGCA-1,GSM8500537_Cap.area4_DLBCL_V2,6351,7423,1,0.0587229364521941,0.135197799737759,0.0722966989342535,0.335587992793233,0.07563593611628548,0.5301172626500141,0.008959352713550136,0.42763759634142445,0.0439429566067121,0.8056799096100407,0,0.34849757229669914
CGAAGTCGTTGGCTCG-1,GSM8500537_Cap.area4_DLBCL_V2,7813,3108,1,0.0156655571502733,0.146806741501167,0.0555470730143219,0.413549332763307,0.07563593611628548,0.5301172626500141,0.008959352713550136,0.42763759634142445,0.0439429566067121,0.8056799096100407,0,0.34849757229669914
CGACAAGCACTCAGCC-1,GSM8500537_Cap.area4_DLBCL_V2,4049,968,1,0.153708736678169,0.086059675717164,0.164152441445018,0.0821754664549424,0.07563593611628548,0.5301172626500141,0.008959352713550136,0.42763759634142445,0.0439429566067121,0.8056799096100407,0,0.34849757229669914
CGACAATTATTCTGTC-1,GSM8500537_Cap.area4_DLBCL_V2,3973,4659,1,0.225455766940483,0.19434583773066,0.0753198766299203,0.154746999725166,0.07563593611628548,0.5301172626500141,0.008959352713550136,0.42763759634142445,0.0439429566067121,0.8056799096100407,0,0.34849757229669914
CGACATTGTATGGAGG-1,GSM8500537_Cap.area4_DLBCL_V2,6621,3410,1,0.523834244358262,0.372493523937446,0.556371576022231,2.13760039087574e-4,0.07563593611628548,0.5301172626500141,0.008959352713550136,0.42763759634142445,0.0439429566067121,0.8056799096100407,0,0.34849757229669914
CGACCAGAAGGATCCG-1,GSM8500537_Cap.area4_DLBCL_V2,3991,3791,1,0.270085809387119,0.214253733729892,0.0682810639142517,0.106315082297615,0.07563593611628548,0.5301172626500141,0.008959352713550136,0.42763759634142445,0.0439429566067121,0.8056799096100407,0,0.34849757229669914
CGACCTATACTGACGT-1,GSM8500537_Cap.area4_DLBCL_V2,7008,2766,1,0.51416923687666,0.350922639035466,0.554432467096223,0,0.07563593611628548,0.5301172626500141,0.008959352713550136,0.42763759634142445,0.0439429566067121,0.8056799096100407,0,0.34849757229669914
CGACCTATCTCGCAAG-1,GSM8500537_Cap.area4_DLBCL_V2,6084,8286,1,0.059883348092955,0.0699734561386677,0.137386630836412,0.13421076739854,0.07563593611628548,0.5301172626500141,0.008959352713550136,0.42763759634142445,0.0439429566067121,0.8056799096100407,0,0.34849757229669914
CGACCTGCATCTGCAT-1,GSM8500537_Cap.area4_DLBCL_V2,6672,3954,1,0.346566097657801,0.402283411685695,0.556249427428467,0.0107643448254802,0.07563593611628548,0.5301172626500141,0.008959352713550136,0.42763759634142445,0.0439429566067121,0.8056799096100407,0,0.34849757229669914
CGACGCAACATGGCGA-1,GSM8500537_Cap.area4_DLBCL_V2,2552,7020,1,0.357559471096589,0.039304103105312,0.734372614285278,0,0.07563593611628548,0.5301172626500141,0.008959352713550136,0.42763759634142445,0.0439429566067121,0.8056799096100407,0,0.34849757229669914
CGACGCCAAGGTGCAA-1,GSM8500537_Cap.area4_DLBCL_V2,6852,4283,1,0.253443063486732,0.175173494515335,0.0951690231166213,0.233945094207103,0.07563593611628548,0.5301172626500141,0.008959352713550136,0.42763759634142445,0.0439429566067121,0.8056799096100407,0,0.34849757229669914
CGACGCCGCAAGTAGC-1,GSM8500537_Cap.area4_DLBCL_V2,1224,4820,1,0.415259413076007,0.124900060763056,0.717210736861392,0.0196353864476135,0.07563593611628548,0.5301172626500141,0.008959352713550136,0.42763759634142445,0.0439429566067121,0.8056799096100407,0,0.34849757229669914
CGACTAGGTCCTTAAC-1,GSM8500537_Cap.area4_DLBCL_V2,5010,5875,1,0.261230036339207,0.168921295852122,0.24971753137692,0.0402174244969005,0.07563593611628548,0.5301172626500141,0.008959352713550136,0.42763759634142445,0.0439429566067121,0.8056799096100407,0,0.34849757229669914
CGACTATCAAGCCGAC-1,GSM8500537_Cap.area4_DLBCL_V2,6867,482,1,0.126988731792225,0.173478525056766,0.0700980242464959,0.34852047515803,0.07563593611628548,0.5301172626500141,0.008959352713550136,0.42763759634142445,0.0439429566067121,0.8056799096100407,0,0.34849757229669914
CGACTTGCACGCCTGC-1,GSM8500537_Cap.area4_DLBCL_V2,1604,1461,1,0.682260970470577,0,0.735395608758054,0,0.07563593611628548,0.5301172626500141,0.008959352713550136,0.42763759634142445,0.0439429566067121,0.8056799096100407,0,0.34849757229669914
CGAGATGCCGCATCTT-1,GSM8500537_Cap.area4_DLBCL_V2,1328,2759,1,0.368690261703362,0,0.848963263810425,0.00687085839924273,0.07563593611628548,0.5301172626500141,0.008959352713550136,0.42763759634142445,0.0439429566067121,0.8056799096100407,0,0.34849757229669914
CGAGATGCGGTATGCG-1,GSM8500537_Cap.area4_DLBCL_V2,6697,5801,1,0.140837328610254,0.165819181937382,0.0842519925489358,0.331358597734144,0.07563593611628548,0.5301172626500141,0.008959352713550136,0.42763759634142445,0.0439429566067121,0.8056799096100407,0,0.34849757229669914
CGAGCCTGCAAGGTTA-1,GSM8500537_Cap.area4_DLBCL_V2,7115,3637,1,0.547805905884509,0.317630880424702,0.391944300241243,0,0.07563593611628548,0.5301172626500141,0.008959352713550136,0.42763759634142445,0.0439429566067121,0.8056799096100407,0,0.34849757229669914
CGAGCGAGCCACGCTA-1,GSM8500537_Cap.area4_DLBCL_V2,6362,3839,1,0.402143707820564,0.243356039527967,0.241991632821327,0.0426909335206278,0.07563593611628548,0.5301172626500141,0.008959352713550136,0.42763759634142445,0.0439429566067121,0.8056799096100407,0,0.34849757229669914
CGAGCGTAATGGAGTG-1,GSM8500537_Cap.area4_DLBCL_V2,1288,4713,1,0.655968485662809,0.284131248201094,0.770024735090237,0,0.07563593611628548,0.5301172626500141,0.008959352713550136,0.42763759634142445,0.0439429566067121,0.8056799096100407,0,0.34849757229669914
CGAGCTATGTCCTCGC-1,GSM8500537_Cap.area4_DLBCL_V2,4896,2288,1,0.262573670870614,0.151891649876875,0.281033377103246,0.0827556722753229,0.07563593611628548,0.5301172626500141,0.008959352713550136,0.42763759634142445,0.0439429566067121,0.8056799096100407,0,0.34849757229669914
CGAGGAACGCTGTCCA-1,GSM8500537_Cap.area4_DLBCL_V2,3804,746,1,0.0774422084465752,0.0523521698807126,0.0901609307722845,0.1064524994656,0.07563593611628548,0.5301172626500141,0.008959352713550136,0.42763759634142445,0.0439429566067121,0.8056799096100407,0,0.34849757229669914
CGAGGAAGACTTAGAT-1,GSM8500537_Cap.area4_DLBCL_V2,3659,4761,1,0.16648853330076,0.311778438709265,0.0690139554768375,0.103200293156625,0.07563593611628548,0.5301172626500141,0.008959352713550136,0.42763759634142445,0.0439429566067121,0.8056799096100407,0,0.34849757229669914
CGAGGAGCATGCTATG-1,GSM8500537_Cap.area4_DLBCL_V2,6652,7972,1,0.174611414786087,0.0989638299913652,0.0504321006504412,0.0675176352032247,0.07563593611628548,0.5301172626500141,0.008959352713550136,0.42763759634142445,0.0439429566067121,0.8056799096100407,0,0.34849757229669914
CGAGGAGTCTAAGGAT-1,GSM8500537_Cap.area4_DLBCL_V2,4185,3469,1,0.222478394967478,0.119655249608238,0.113231746419519,0.0163984487128592,0.07563593611628548,0.5301172626500141,0.008959352713550136,0.42763759634142445,0.0439429566067121,0.8056799096100407,0,0.34849757229669914
CGAGTCACTCATAGAT-1,GSM8500537_Cap.area4_DLBCL_V2,4696,5977,1,0.374064799828992,0.235744667242317,0.121217210736861,0.0641127431520445,0.07563593611628548,0.5301172626500141,0.008959352713550136,0.42763759634142445,0.0439429566067121,0.8056799096100407,0,0.34849757229669914
CGAGTCCGTTGGAACT-1,GSM8500537_Cap.area4_DLBCL_V2,7158,4615,1,0.133447338687513,0.133135053887237,0.0664641035820075,0.340779308028216,0.07563593611628548,0.5301172626500141,0.008959352713550136,0.42763759634142445,0.0439429566067121,0.8056799096100407,0,0.34849757229669914
CGAGTGCGGCTCGTGG-1,GSM8500537_Cap.area4_DLBCL_V2,4214,5098,1,0.253824777842245,0.171815536154018,0.101749778605674,0.132241121324091,0.07563593611628548,0.5301172626500141,0.008959352713550136,0.42763759634142445,0.0439429566067121,0.8056799096100407,0,0.34849757229669914
CGATAAGGATAGGCAA-1,GSM8500537_Cap.area4_DLBCL_V2,6534,4603,1,0.19166641219043,0.137308516422015,0.0562646960026872,0.273887684368034,0.07563593611628548,0.5301172626500141,0.008959352713550136,0.42763759634142445,0.0439429566067121,0.8056799096100407,0,0.34849757229669914
CGATGCACCAGGCCTC-1,GSM8500537_Cap.area4_DLBCL_V2,4366,3798,1,0.293370385073442,0.188221561290735,0.13789049378569,0.0626469600268726,0.07563593611628548,0.5301172626500141,0.008959352713550136,0.42763759634142445,0.0439429566067121,0.8056799096100407,0,0.34849757229669914
CGATGTCCGACTACAG-1,GSM8500537_Cap.area4_DLBCL_V2,4787,4567,1,0.266497694445293,0.303687358086284,0.277307844993435,0.0479891287751549,0.07563593611628548,0.5301172626500141,0.008959352713550136,0.42763759634142445,0.0439429566067121,0.8056799096100407,0,0.34849757229669914
CGCAACCATGCACCGA-1,GSM8500537_Cap.area4_DLBCL_V2,4689,3262,1,0.441704583625981,0.240189964501583,0.181726570372859,0.0556386844596451,0.07563593611628548,0.5301172626500141,0.008959352713550136,0.42763759634142445,0.0439429566067121,0.8056799096100407,0,0.34849757229669914
CGCAATGTATCCAATG-1,GSM8500537_Cap.area4_DLBCL_V2,7567,2886,1,0.098329617980273,0.0881384118455979,0.047424191528995,0.222997526490976,0.07563593611628548,0.5301172626500141,0.008959352713550136,0.42763759634142445,0.0439429566067121,0.8056799096100407,0,0.34849757229669914
CGCACGCAGGTAAGTC-1,GSM8500537_Cap.area4_DLBCL_V2,6251,3185,1,0.366216752679635,0.341456394512137,0.260497144776621,0.163785995663725,0.07563593611628548,0.5301172626500141,0.008959352713550136,0.42763759634142445,0.0439429566067121,0.8056799096100407,0,0.34849757229669914
CGCACGGCTGTCAGGT-1,GSM8500537_Cap.area4_DLBCL_V2,4212,2166,1,0.321235533025926,0.348060379289392,0.108605368430696,0.0405838702781934,0.07563593611628548,0.5301172626500141,0.008959352713550136,0.42763759634142445,0.0439429566067121,0.8056799096100407,0,0.34849757229669914
CGCACGTATGAAGGCC-1,GSM8500537_Cap.area4_DLBCL_V2,2802,7025,1,0.362078969065869,0.00406153058940162,0.517421443185635,0.00387821785201703,0.07563593611628548,0.5301172626500141,0.008959352713550136,0.42763759634142445,0.0439429566067121,0.8056799096100407,0,0.34849757229669914
CGCACTAACTACCGGT-1,GSM8500537_Cap.area4_DLBCL_V2,4960,2181,1,0.254359177939964,0.0787840992676453,0.212859193208538,0.0316364857849574,0.07563593611628548,0.5301172626500141,0.008959352713550136,0.42763759634142445,0.0439429566067121,0.8056799096100407,0,0.34849757229669914
CGCAGACACTGGCGTA-1,GSM8500537_Cap.area4_DLBCL_V2,6240,6769,1,0.159617674901518,0.140266717835556,0.109368797141723,0.170091916816808,0.07563593611628548,0.5301172626500141,0.008959352713550136,0.42763759634142445,0.0439429566067121,0.8056799096100407,0,0.34849757229669914
CGCAGAGCAGTCCGAG-1,GSM8500537_Cap.area4_DLBCL_V2,6823,2654,1,0.44932360216203,0.548306629569222,0.530109628362903,0.015375454240083,0.07563593611628548,0.5301172626500141,0.008959352713550136,0.42763759634142445,0.0439429566067121,0.8056799096100407,0,0.34849757229669914
CGCATGGAATTCACGA-1,GSM8500537_Cap.area4_DLBCL_V2,1598,4828,1,0.319586527010108,0.153090920720202,0.708080129477509,0,0.07563593611628548,0.5301172626500141,0.008959352713550136,0.42763759634142445,0.0439429566067121,0.8056799096100407,0,0.34849757229669914
CGCCGGTATCTAGCAC-1,GSM8500537_Cap.area4_DLBCL_V2,6628,6125,1,0.0813204262985923,0.114490389842975,0.0564479188933338,0.321983693162732,0.07563593611628548,0.5301172626500141,0.008959352713550136,0.42763759634142445,0.0439429566067121,0.8056799096100407,0,0.34849757229669914
CGCCTAGAGCGTGGAG-1,GSM8500537_Cap.area4_DLBCL_V2,1785,1791,1,0.285766635111613,0,0.82957217455034,0,0.07563593611628548,0.5301172626500141,0.008959352713550136,0.42763759634142445,0.0439429566067121,0.8056799096100407,0,0.34849757229669914
CGCCTATTGCCTCGCC-1,GSM8500537_Cap.area4_DLBCL_V2,3739,853,1,0.0782819800287049,0.0819821548498513,0.206538003481235,0.0833969523925856,0.07563593611628548,0.5301172626500141,0.008959352713550136,0.42763759634142445,0.0439429566067121,0.8056799096100407,0,0.34849757229669914
CGCCTCGGCTACTCGC-1,GSM8500537_Cap.area4_DLBCL_V2,6493,475,1,0.211088038598956,0.163820397198503,0.0916114453232357,0.274712187375943,0.07563593611628548,0.5301172626500141,0.008959352713550136,0.42763759634142445,0.0439429566067121,0.8056799096100407,0,0.34849757229669914
CGCCTCGTACGAAGGC-1,GSM8500537_Cap.area4_DLBCL_V2,6490,6774,1,0.11918649036553,0.108318142569318,0.0859620728616362,0.263505053898067,0.07563593611628548,0.5301172626500141,0.008959352713550136,0.42763759634142445,0.0439429566067121,0.8056799096100407,0,0.34849757229669914
CGCCTCTACTCGGAAC-1,GSM8500537_Cap.area4_DLBCL_V2,5982,7198,1,0.211988884477967,0.0612587546771562,0.18345191925978,0.217134393990289,0.07563593611628548,0.5301172626500141,0.008959352713550136,0.42763759634142445,0.0439429566067121,0.8056799096100407,0,0.34849757229669914
CGCCTCTGACTATTGT-1,GSM8500537_Cap.area4_DLBCL_V2,6347,7640,1,0.073472379149235,0.164156193034635,0.0385531499068617,0.361681986136135,0.07563593611628548,0.5301172626500141,0.008959352713550136,0.42763759634142445,0.0439429566067121,0.8056799096100407,0,0.34849757229669914
CGCCTTACGAGTAGCG-1,GSM8500537_Cap.area4_DLBCL_V2,5954,2419,1,0.104559196262253,0.136173206690332,0.0493785690292241,0.264925031300577,0.07563593611628548,0.5301172626500141,0.008959352713550136,0.42763759634142445,0.0439429566067121,0.8056799096100407,0,0.34849757229669914
CGCCTTGACGTGAATC-1,GSM8500537_Cap.area4_DLBCL_V2,7202,2444,1,0.31512810333771,0.31977357766478,0.456621980639448,0.0564326503191132,0.07563593611628548,0.5301172626500141,0.008959352713550136,0.42763759634142445,0.0439429566067121,0.8056799096100407,0,0.34849757229669914
CGCCTTGTGAAGTCTA-1,GSM8500537_Cap.area4_DLBCL_V2,3479,4432,1,0.264665465538828,0.142681249800122,0.120698079213363,0.0769688826457385,0.07563593611628548,0.5301172626500141,0.008959352713550136,0.42763759634142445,0.0439429566067121,0.8056799096100407,0,0.34849757229669914
CGCTACTCAGCCATAG-1,GSM8500537_Cap.area4_DLBCL_V2,4346,7816,1,0.353116315998412,0.1952732738495,0.123385348276178,0.0109475677161267,0.07563593611628548,0.5301172626500141,0.008959352713550136,0.42763759634142445,0.0439429566067121,0.8056799096100407,0,0.34849757229669914
CGCTATAGTCTTCATC-1,GSM8500537_Cap.area4_DLBCL_V2,1444,3196,1,0.514215042599322,0.0379929003166075,0.832122026445171,0,0.07563593611628548,0.5301172626500141,0.008959352713550136,0.42763759634142445,0.0439429566067121,0.8056799096100407,0,0.34849757229669914
CGCTCGGCCGGTTGTC-1,GSM8500537_Cap.area4_DLBCL_V2,4265,5643,1,0.270345375148869,0.116249320413189,0.0881149418267322,0.0101536018566586,0.07563593611628548,0.5301172626500141,0.008959352713550136,0.42763759634142445,0.0439429566067121,0.8056799096100407,0,0.34849757229669914
CGCTCGGTACTGCGAA-1,GSM8500537_Cap.area4_DLBCL_V2,3668,4327,1,0.281689925794729,0.163324698583261,0.125904663022567,0.0584481021162244,0.07563593611628548,0.5301172626500141,0.008959352713550136,0.42763759634142445,0.0439429566067121,0.8056799096100407,0,0.34849757229669914
CGCTCGTTATAGATCT-1,GSM8500537_Cap.area4_DLBCL_V2,5994,464,1,0.0742968821571441,0.049441939300905,0.0475005344000977,0.162869881210493,0.07563593611628548,0.5301172626500141,0.008959352713550136,0.42763759634142445,0.0439429566067121,0.8056799096100407,0,0.34849757229669914
CGCTGCAATCGCTGTT-1,GSM8500537_Cap.area4_DLBCL_V2,6786,7540,1,0.0192536720921,0.117640474591448,0.0850612269826244,0.352352887287385,0.07563593611628548,0.5301172626500141,0.008959352713550136,0.42763759634142445,0.0439429566067121,0.8056799096100407,0,0.34849757229669914
CGCTGCTATGACAGAC-1,GSM8500537_Cap.area4_DLBCL_V2,1246,3735,1,0.51161938498183,0.207729700342192,0.798241060249794,0,0.07563593611628548,0.5301172626500141,0.008959352713550136,0.42763759634142445,0.0439429566067121,0.8056799096100407,0,0.34849757229669914
CGCTTAGAATTCTTAC-1,GSM8500537_Cap.area4_DLBCL_V2,6120,6549,1,0.139936482731243,0.140042853944802,0.0620667542064922,0.0587382050264146,0.07563593611628548,0.5301172626500141,0.008959352713550136,0.42763759634142445,0.0439429566067121,0.8056799096100407,0,0.34849757229669914
CGCTTATGGTTAGGAT-1,GSM8500537_Cap.area4_DLBCL_V2,3844,4874,1,0.262268299386203,0.275736352297803,0.130973829663786,0.140608299996946,0.07563593611628548,0.5301172626500141,0.008959352713550136,0.42763759634142445,0.0439429566067121,0.8056799096100407,0,0.34849757229669914
CGCTTGCGTACGGCAC-1,GSM8500537_Cap.area4_DLBCL_V2,7623,3213,1,0.0485082602986533,0.0711727269819949,0.0443857452591077,0.335923901426085,0.07563593611628548,0.5301172626500141,0.008959352713550136,0.42763759634142445,0.0439429566067121,0.8056799096100407,0,0.34849757229669914
CGGACTGTGAGTATAG-1,GSM8500537_Cap.area4_DLBCL_V2,4709,5326,1,0.324777842245091,0.0936550577249032,0.340580816563349,0.0304149998473142,0.07563593611628548,0.5301172626500141,0.008959352713550136,0.42763759634142445,0.0439429566067121,0.8056799096100407,0,0.34849757229669914
CGGAGGCTAGTCGGCA-1,GSM8500537_Cap.area4_DLBCL_V2,4784,1635,1,0.341787033926772,0.110300937030286,0.667862704980609,0.0296057654136257,0.07563593611628548,0.5301172626500141,0.008959352713550136,0.42763759634142445,0.0439429566067121,0.8056799096100407,0,0.34849757229669914
CGGAGTAAGGTGCGGT-1,GSM8500537_Cap.area4_DLBCL_V2,1651,2222,1,0.578236174306043,0,0.804882890035728,0,0.07563593611628548,0.5301172626500141,0.008959352713550136,0.42763759634142445,0.0439429566067121,0.8056799096100407,0,0.34849757229669914
CGGAGTAAGTGCACAT-1,GSM8500537_Cap.area4_DLBCL_V2,6826,5586,1,0.114773872415794,0.116489174581854,0.0557150273307478,0.282896143158152,0.07563593611628548,0.5301172626500141,0.008959352713550136,0.42763759634142445,0.0439429566067121,0.8056799096100407,0,0.34849757229669914
CGGAGTCTTACGTGAA-1,GSM8500537_Cap.area4_DLBCL_V2,6835,5152,1,0.0790148715912908,0.142921103968787,0.0442941338137844,0.333709958164107,0.07563593611628548,0.5301172626500141,0.008959352713550136,0.42763759634142445,0.0439429566067121,0.8056799096100407,0,0.34849757229669914
CGGAGTGGTCAAGTAT-1,GSM8500537_Cap.area4_DLBCL_V2,3951,5745,1,0.254725623721257,0.23424158111868,0.114758603841573,0.0193758206858644,0.07563593611628548,0.5301172626500141,0.008959352713550136,0.42763759634142445,0.0439429566067121,0.8056799096100407,0,0.34849757229669914
CGGATGTTGAACCACG-1,GSM8500537_Cap.area4_DLBCL_V2,4248,6511,1,0.279323296790546,0.160190604112699,0.0882523589947171,0.083152655205057,0.07563593611628548,0.5301172626500141,0.008959352713550136,0.42763759634142445,0.0439429566067121,0.8056799096100407,0,0.34849757229669914
CGGATTGCGTCTACCT-1,GSM8500537_Cap.area4_DLBCL_V2,4558,6626,1,0.313250068708584,0.200949822507915,0.112498854856933,0.029895868323816,0.07563593611628548,0.5301172626500141,0.008959352713550136,0.42763759634142445,0.0439429566067121,0.8056799096100407,0,0.34849757229669914
CGGCAACCACTAGCAT-1,GSM8500537_Cap.area4_DLBCL_V2,3764,2700,1,0.3742938284423,0.124020595477949,0.202354414144807,0.0275597764680734,0.07563593611628548,0.5301172626500141,0.008959352713550136,0.42763759634142445,0.0439429566067121,0.8056799096100407,0,0.34849757229669914
CGGCAATCAACGTGGA-1,GSM8500537_Cap.area4_DLBCL_V2,4119,6726,1,0.277811707942712,0.232722504717132,0.083946621064525,0.02604818762024,0.07563593611628548,0.5301172626500141,0.008959352713550136,0.42763759634142445,0.0439429566067121,0.8056799096100407,0,0.34849757229669914
CGGCATTATCGCGTGG-1,GSM8500537_Cap.area4_DLBCL_V2,4022,2271,1,0.295462179741656,0.219162749048578,0.172031025742816,0.0833664152441445,0.07563593611628548,0.5301172626500141,0.008959352713550136,0.42763759634142445,0.0439429566067121,0.8056799096100407,0,0.34849757229669914
CGGCGTAGCGCTAGGA-1,GSM8500537_Cap.area4_DLBCL_V2,4945,5982,1,0.328839282987755,0.21404586011704901,0.399883958835924,0.0226891012917214,0.07563593611628548,0.5301172626500141,0.008959352713550136,0.42763759634142445,0.0439429566067121,0.8056799096100407,0,0.34849757229669914
CGGCGTTGGTTGCAGC-1,GSM8500537_Cap.area4_DLBCL_V2,6993,6567,1,0.0934742113781415,0.106287377274617,0.0528903410999481,0.308577884997099,0.07563593611628548,0.5301172626500141,0.008959352713550136,0.42763759634142445,0.0439429566067121,0.8056799096100407,0,0.34849757229669914
CGGCTTATTCGCTAAT-1,GSM8500537_Cap.area4_DLBCL_V2,7507,2776,1,0.259016093077228,0.141817774792926,0.130378355269185,0.157449537362201,0.07563593611628548,0.5301172626500141,0.008959352713550136,0.42763759634142445,0.0439429566067121,0.8056799096100407,0,0.34849757229669914
CGGTAGAACGTGACTT-1,GSM8500537_Cap.area4_DLBCL_V2,6409,4600,1,0.170611048340306,0.170360420864115,0.0601276452804838,0.282132714447125,0.07563593611628548,0.5301172626500141,0.008959352713550136,0.42763759634142445,0.0439429566067121,0.8056799096100407,0,0.34849757229669914
CGGTAGATTCCTATGC-1,GSM8500537_Cap.area4_DLBCL_V2,6284,4598,1,0.221730234830672,0.108014327289008,0.101154304211073,0.190093749045714,0.07563593611628548,0.5301172626500141,0.008959352713550136,0.42763759634142445,0.0439429566067121,0.8056799096100407,0,0.34849757229669914
CGGTCAACGGCGGATT-1,GSM8500537_Cap.area4_DLBCL_V2,6973,4503,1,0.284590954896632,0.145415587322908,0.0913213424130455,0.367575655785263,0.07563593611628548,0.5301172626500141,0.008959352713550136,0.42763759634142445,0.0439429566067121,0.8056799096100407,0,0.34849757229669914
CGGTCCGGTTCTTAGC-1,GSM8500537_Cap.area4_DLBCL_V2,6572,5798,1,0.197269978929368,0.171623652819086,0.102528475890921,0.320349955721135,0.07563593611628548,0.5301172626500141,0.008959352713550136,0.42763759634142445,0.0439429566067121,0.8056799096100407,0,0.34849757229669914
CGGTCTAGATCGAATG-1,GSM8500537_Cap.area4_DLBCL_V2,4549,7060,1,0.215897639478426,0.369983050305414,0.0620514856322717,0.220218645982838,0.07563593611628548,0.5301172626500141,0.008959352713550136,0.42763759634142445,0.0439429566067121,0.8056799096100407,0,0.34849757229669914
CGGTCTGCGGACTCTG-1,GSM8500537_Cap.area4_DLBCL_V2,6669,1021,1,0.256878492686353,0.13489398445745,0.0731822762390448,0.127843771948575,0.07563593611628548,0.5301172626500141,0.008959352713550136,0.42763759634142445,0.0439429566067121,0.8056799096100407,0,0.34849757229669914
CGGTCTGCGTATCTGG-1,GSM8500537_Cap.area4_DLBCL_V2,2987,7137,1,0.0444315509817693,0,0.129767612300363,0.0393318471921092,0.07563593611628548,0.5301172626500141,0.008959352713550136,0.42763759634142445,0.0439429566067121,0.8056799096100407,0,0.34849757229669914
CGGTCTTATCCAAGCT-1,GSM8500537_Cap.area4_DLBCL_V2,1212,2322,1,0.314608971814212,0,0.863361529300394,0,0.07563593611628548,0.5301172626500141,0.008959352713550136,0.42763759634142445,0.0439429566067121,0.8056799096100407,0,0.34849757229669914
CGGTCTTGCTATTCTA-1,GSM8500537_Cap.area4_DLBCL_V2,6921,3959,1,0.349360246740159,0.491589113818798,0.4835710141387,0.0463706599077778,0.07563593611628548,0.5301172626500141,0.008959352713550136,0.42763759634142445,0.0439429566067121,0.8056799096100407,0,0.34849757229669914
CGGTGAACGGTTAGAT-1,GSM8500537_Cap.area4_DLBCL_V2,6821,5803,1,0.110284911594955,0.127842271898686,0.0442635966653434,0.345497297462363,0.07563593611628548,0.5301172626500141,0.008959352713550136,0.42763759634142445,0.0439429566067121,0.8056799096100407,0,0.34849757229669914
CGGTGAACTCACATTG-1,GSM8500537_Cap.area4_DLBCL_V2,6340,4925,1,0.202965157113629,0.167929898621638,0.0854582099123584,0.364750969554463,0.07563593611628548,0.5301172626500141,0.008959352713550136,0.42763759634142445,0.0439429566067121,0.8056799096100407,0,0.34849757229669914
CGGTGAGCATGTATAC-1,GSM8500537_Cap.area4_DLBCL_V2,1143,2646,1,0.35729990533484,0,0.828091122850948,0,0.07563593611628548,0.5301172626500141,0.008959352713550136,0.42763759634142445,0.0439429566067121,0.8056799096100407,0,0.34849757229669914
CGGTTATCTGTCTTAA-1,GSM8500537_Cap.area4_DLBCL_V2,4430,3691,1,0.261245304913427,0.187533979340561,0.0840993068067304,0.100482486945369,0.07563593611628548,0.5301172626500141,0.008959352713550136,0.42763759634142445,0.0439429566067121,0.8056799096100407,0,0.34849757229669914
CGGTTGATTGAGCGCC-1,GSM8500537_Cap.area4_DLBCL_V2,6712,2000,1,0.369239930375302,0.227989382455467,0.632958744312456,0.135691819097933,0.07563593611628548,0.5301172626500141,0.008959352713550136,0.42763759634142445,0.0439429566067121,0.8056799096100407,0,0.34849757229669914
CGTAACAGGTCTTGAA-1,GSM8500537_Cap.area4_DLBCL_V2,1475,1676,1,0.513130973829664,0,0.861727791858796,0,0.07563593611628548,0.5301172626500141,0.008959352713550136,0.42763759634142445,0.0439429566067121,0.8056799096100407,0,0.34849757229669914
CGTAAGCCGACCGCTT-1,GSM8500537_Cap.area4_DLBCL_V2,6890,5479,1,0.0802516261031545,0.13940324282836,0.0546309585610896,0.349329709591718,0.07563593611628548,0.5301172626500141,0.008959352713550136,0.42763759634142445,0.0439429566067121,0.8056799096100407,0,0.34849757229669914
CGTACAGACGAGGACC-1,GSM8500537_Cap.area4_DLBCL_V2,4642,2500,1,0.295492716890097,0.0698935047491125,0.12572144013192,0.123904479799676,0.07563593611628548,0.5301172626500141,0.008959352713550136,0.42763759634142445,0.0439429566067121,0.8056799096100407,0,0.34849757229669914
CGTACAGGCCGCACTG-1,GSM8500537_Cap.area4_DLBCL_V2,3842,1941,1,0.349360246740159,0.186174805718123,0.122820411030018,0.0214981525025193,0.07563593611628548,0.5301172626500141,0.008959352713550136,0.42763759634142445,0.0439429566067121,0.8056799096100407,0,0.34849757229669914
CGTACAGTAAGTAATG-1,GSM8500537_Cap.area4_DLBCL_V2,1694,3201,1,0.443811646868415,0.130144871917874,0.502213943261978,0,0.07563593611628548,0.5301172626500141,0.008959352713550136,0.42763759634142445,0.0439429566067121,0.8056799096100407,0,0.34849757229669914
CGTAGCCAAGTCCGTC-1,GSM8500537_Cap.area4_DLBCL_V2,6908,4610,1,0.138272208141204,0.0865233937765838,0.0445384310013131,0.316593886462882,0.07563593611628548,0.5301172626500141,0.008959352713550136,0.42763759634142445,0.0439429566067121,0.8056799096100407,0,0.34849757229669914
CGTAGCCTTGAGCAAG-1,GSM8500537_Cap.area4_DLBCL_V2,3846,1724,1,0.271414175344306,0.198807125267837,0.135783430543256,0.0840229639356277,0.07563593611628548,0.5301172626500141,0.008959352713550136,0.42763759634142445,0.0439429566067121,0.8056799096100407,0,0.34849757229669914
CGTAGTACAAGGTACT-1,GSM8500537_Cap.area4_DLBCL_V2,5168,7290,1,0.25878706446392,0.179075122325626,0.0804348489938009,0.00248877759794786,0.07563593611628548,0.5301172626500141,0.008959352713550136,0.42763759634142445,0.0439429566067121,0.8056799096100407,0,0.34849757229669914
CGTAGTACGCATAATG-1,GSM8500537_Cap.area4_DLBCL_V2,4597,4672,1,0.342458851192476,0.432121270267677,0.107918282590772,0.0396066815280789,0.07563593611628548,0.5301172626500141,0.008959352713550136,0.42763759634142445,0.0439429566067121,0.8056799096100407,0,0.34849757229669914
CGTAGTTATTGGTAGT-1,GSM8500537_Cap.area4_DLBCL_V2,1161,1778,1,0.359758145784347,0,0.691467920725563,0,0.07563593611628548,0.5301172626500141,0.008959352713550136,0.42763759634142445,0.0439429566067121,0.8056799096100407,0,0.34849757229669914
CGTCAAGGCGGAATGT-1,GSM8500537_Cap.area4_DLBCL_V2,4098,4662,1,0.327083396952393,0.256388116025457,0.0932909884874951,0.155602039881516,0.07563593611628548,0.5301172626500141,0.008959352713550136,0.42763759634142445,0.0439429566067121,0.8056799096100407,0,0.34849757229669914
CGTCCACCATTCGGTG-1,GSM8500537_Cap.area4_DLBCL_V2,8071,2679,1,0.0393929214889913,0.103281205027343,0.0448132653372828,0.418404739365438,0.07563593611628548,0.5301172626500141,0.008959352713550136,0.42763759634142445,0.0439429566067121,0.8056799096100407,0,0.34849757229669914
CGTCCATAATCCGCTT-1,GSM8500537_Cap.area4_DLBCL_V2,6739,6779,1,0.0647998289919687,0.0782884006524034,0.0664335664335665,0.390386905670749,0.07563593611628548,0.5301172626500141,0.008959352713550136,0.42763759634142445,0.0439429566067121,0.8056799096100407,0,0.34849757229669914
CGTCCATCCTAGCATC-1,GSM8500537_Cap.area4_DLBCL_V2,4484,7167,1,0.307402204782117,0.385493619879113,0.0542187070571351,0.0526460439124194,0.07563593611628548,0.5301172626500141,0.008959352713550136,0.42763759634142445,0.0439429566067121,0.8056799096100407,0,0.34849757229669914
CGTCCATCGTCCAATA-1,GSM8500537_Cap.area4_DLBCL_V2,4958,5331,1,0.141035820075121,0.116121398189901,0.167710019238404,0,0.07563593611628548,0.5301172626500141,0.008959352713550136,0.42763759634142445,0.0439429566067121,0.8056799096100407,0,0.34849757229669914
CGTCGGCAGACGGTAT-1,GSM8500537_Cap.area4_DLBCL_V2,4912,4570,1,0.177695666778636,0.152547251271227,0.0569823189910527,0,0.07563593611628548,0.5301172626500141,0.008959352713550136,0.42763759634142445,0.0439429566067121,0.8056799096100407,0,0.34849757229669914
CGTCGGCGGTAGATCA-1,GSM8500537_Cap.area4_DLBCL_V2,7360,3859,1,0.441826732219745,0.645543509546196,0.333343512382814,0.0159251229120225,0.07563593611628548,0.5301172626500141,0.008959352713550136,0.42763759634142445,0.0439429566067121,0.8056799096100407,0,0.34849757229669914
CGTGAGCAATGGACAT-1,GSM8500537_Cap.area4_DLBCL_V2,5112,6963,1,0.366247289828076,0.342223927851866,0.139692185543714,0.0575472562372126,0.07563593611628548,0.5301172626500141,0.008959352713550136,0.42763759634142445,0.0439429566067121,0.8056799096100407,0,0.34849757229669914
CGTGTAGACACCTTCC-1,GSM8500537_Cap.area4_DLBCL_V2,1070,3188,1,0,0,0.0449812196537087,0.0449812196537087,0.07563593611628548,0.5301172626500141,0.008959352713550136,0.42763759634142445,0.0439429566067121,0.8056799096100407,0,0.34849757229669914
CGTTAACGAGAAGGAC-1,GSM8500537_Cap.area4_DLBCL_V2,6549,802,1,0.299233517574129,0.171591672263264,0.139173054020216,0.27804073655602,0.07563593611628548,0.5301172626500141,0.008959352713550136,0.42763759634142445,0.0439429566067121,0.8056799096100407,0,0.34849757229669914
CGTTCCTGTCACCGTG-1,GSM8500537_Cap.area4_DLBCL_V2,3730,1287,1,0.237029346199652,0.174645815344271,0.345741594649892,0.043912419458271,0.07563593611628548,0.5301172626500141,0.008959352713550136,0.42763759634142445,0.0439429566067121,0.8056799096100407,0,0.34849757229669914
CGTTGGTGGCGTCTGC-1,GSM8500537_Cap.area4_DLBCL_V2,4987,878,1,0.0376370354536293,0,0,0,0.07563593611628548,0.5301172626500141,0.008959352713550136,0.42763759634142445,0.0439429566067121,0.8056799096100407,0,0.34849757229669914
CTAACAAGGTGATCAA-1,GSM8500537_Cap.area4_DLBCL_V2,6992,485,1,0.213790576235991,0.182449070964853,0.0863437872171496,0.303417106910557,0.07563593611628548,0.5301172626500141,0.008959352713550136,0.42763759634142445,0.0439429566067121,0.8056799096100407,0,0.34849757229669914
CTAAGAATTGATTCAC-1,GSM8500537_Cap.area4_DLBCL_V2,1415,1566,1,0.566983235105506,0,0.777781170794271,0.0160014657831252,0.07563593611628548,0.5301172626500141,0.008959352713550136,0.42763759634142445,0.0439429566067121,0.8056799096100407,0,0.34849757229669914
CTAAGTCAAGATCATG-1,GSM8500537_Cap.area4_DLBCL_V2,4304,6838,1,0.252969737685895,0.176244843135374,0.0564937246159953,0.0306287598864018,0.07563593611628548,0.5301172626500141,0.008959352713550136,0.42763759634142445,0.0439429566067121,0.8056799096100407,0,0.34849757229669914
CTAATCTGGCCGTGTT-1,GSM8500537_Cap.area4_DLBCL_V2,4499,3366,1,0.275109170305677,0.203524257251591,0.155311936971326,0.113048523528873,0.07563593611628548,0.5301172626500141,0.008959352713550136,0.42763759634142445,0.0439429566067121,0.8056799096100407,0,0.34849757229669914
CTAATTATGTTGCCGC-1,GSM8500537_Cap.area4_DLBCL_V2,2672,7239,1,0.294317036675115,0,0.709286346840932,0.032812165999939,0.07563593611628548,0.5301172626500141,0.008959352713550136,0.42763759634142445,0.0439429566067121,0.8056799096100407,0,0.34849757229669914
CTACAACCGCTGTCTA-1,GSM8500537_Cap.area4_DLBCL_V2,4573,2825,1,0.311341496931017,0.22757363522978,0.18827678871347,0.105475310715485,0.07563593611628548,0.5301172626500141,0.008959352713550136,0.42763759634142445,0.0439429566067121,0.8056799096100407,0,0.34849757229669914
CTACAGAATTAATGAC-1,GSM8500537_Cap.area4_DLBCL_V2,3822,5959,1,0.232830488289004,0.138475806709521,0.0547683757290744,0.0393165786178886,0.07563593611628548,0.5301172626500141,0.008959352713550136,0.42763759634142445,0.0439429566067121,0.8056799096100407,0,0.34849757229669914
CTACAGCGTCTACACT-1,GSM8500537_Cap.area4_DLBCL_V2,3835,5308,1,0.273002107063242,0.304774696984234,0.0444468195559898,0.185421565334229,0.07563593611628548,0.5301172626500141,0.008959352713550136,0.42763759634142445,0.0439429566067121,0.8056799096100407,0,0.34849757229669914
CTACAGGTAGAATTCC-1,GSM8500537_Cap.area4_DLBCL_V2,2617,6912,1,0.388417259596299,0.0356423294636861,0.642761168962042,0,0.07563593611628548,0.5301172626500141,0.008959352713550136,0.42763759634142445,0.0439429566067121,0.8056799096100407,0,0.34849757229669914
CTACAGGTCGCTAAGC-1,GSM8500537_Cap.area4_DLBCL_V2,6623,6342,1,0.0625248114331084,0.120390802392146,0.0702201728402602,0.283445811830091,0.07563593611628548,0.5301172626500141,0.008959352713550136,0.42763759634142445,0.0439429566067121,0.8056799096100407,0,0.34849757229669914
CTACATCTACTGGCTT-1,GSM8500537_Cap.area4_DLBCL_V2,4279,4991,1,0.233334351238281,0.156880616585116,0.0591657251045897,0,0.07563593611628548,0.5301172626500141,0.008959352713550136,0.42763759634142445,0.0439429566067121,0.8056799096100407,0,0.34849757229669914
CTACCAGGAGACATCT-1,GSM8500537_Cap.area4_DLBCL_V2,5246,6531,1,0.24463309616148,0.220873708785059,0.247045530888326,0.0690902983479402,0.07563593611628548,0.5301172626500141,0.008959352713550136,0.42763759634142445,0.0439429566067121,0.8056799096100407,0,0.34849757229669914
CTACCATCGATGAGAA-1,GSM8500537_Cap.area4_DLBCL_V2,6158,7745,1,0.0513482151036736,0.0974287633119063,0.0415305218798668,0.343802485723883,0.07563593611628548,0.5301172626500141,0.008959352713550136,0.42763759634142445,0.0439429566067121,0.8056799096100407,0,0.34849757229669914
CTACGAATCAGCCTGG-1,GSM8500537_Cap.area4_DLBCL_V2,4350,1517,1,0.198842642074083,0.176548658415683,0.301752832320518,0.0932909884874951,0.07563593611628548,0.5301172626500141,0.008959352713550136,0.42763759634142445,0.0439429566067121,0.8056799096100407,0,0.34849757229669914
CTACGAGCCGGACGGT-1,GSM8500537_Cap.area4_DLBCL_V2,7111,3854,1,0.510520047637952,0.569317854744315,0.256191406846429,0.0857788499709897,0.07563593611628548,0.5301172626500141,0.008959352713550136,0.42763759634142445,0.0439429566067121,0.8056799096100407,0,0.34849757229669914
CTACGCCGCATGAATG-1,GSM8500537_Cap.area4_DLBCL_V2,4935,334,1,0.0977494121598925,0.0341232530621383,0.0325831373866309,0.0325831373866309,0.07563593611628548,0.5301172626500141,0.008959352713550136,0.42763759634142445,0.0439429566067121,0.8056799096100407,0,0.34849757229669914
CTAGCACGCCAAGCTT-1,GSM8500537_Cap.area4_DLBCL_V2,4169,1188,1,0.1698628882035,0.107758482842432,0.262008733624454,0.109918465813662,0.07563593611628548,0.5301172626500141,0.008959352713550136,0.42763759634142445,0.0439429566067121,0.8056799096100407,0,0.34849757229669914
CTAGCATAGAGCGAGC-1,GSM8500537_Cap.area4_DLBCL_V2,4165,7487,1,0.251351268818518,0.100067159167226,0.146532506794516,0.0351787950041225,0.07563593611628548,0.5301172626500141,0.008959352713550136,0.42763759634142445,0.0439429566067121,0.8056799096100407,0,0.34849757229669914
CTAGCGCCTAGCTTAA-1,GSM8500537_Cap.area4_DLBCL_V2,4405,1844,1,0.414755550126729,0.200006396111164,0.488197392127523,0.0699300699300699,0.07563593611628548,0.5301172626500141,0.008959352713550136,0.42763759634142445,0.0439429566067121,0.8056799096100407,0,0.34849757229669914
CTAGGCCAGGAGTACG-1,GSM8500537_Cap.area4_DLBCL_V2,4016,5637,1,0.309051210797936,0.321404586011705,0.0763734082511375,0.097764680734113,0.07563593611628548,0.5301172626500141,0.008959352713550136,0.42763759634142445,0.0439429566067121,0.8056799096100407,0,0.34849757229669914
CTAGTTATGTCCAAGG-1,GSM8500537_Cap.area4_DLBCL_V2,7683,3323,1,0.04530185971234,0.116665067638876,0.0449201453568265,0.319479646990564,0.07563593611628548,0.5301172626500141,0.008959352713550136,0.42763759634142445,0.0439429566067121,0.8056799096100407,0,0.34849757229669914
CTAGTTCTACATGACG-1,GSM8500537_Cap.area4_DLBCL_V2,2233,7339,1,0.480776865056341,0.0365377850267038,0.720600360338352,0,0.07563593611628548,0.5301172626500141,0.008959352713550136,0.42763759634142445,0.0439429566067121,0.8056799096100407,0,0.34849757229669914
CTATAACTCCTGGAGG-1,GSM8500537_Cap.area4_DLBCL_V2,5108,7180,1,0.338504290469356,0.230595797754965,0.0911686566708401,0.0341099948086848,0.07563593611628548,0.5301172626500141,0.008959352713550136,0.42763759634142445,0.0439429566067121,0.8056799096100407,0,0.34849757229669914
CTATACCGACTCGCAT-1,GSM8500537_Cap.area4_DLBCL_V2,4390,5645,1,0.283537423275415,0.147878090121206,0.0437597337160656,0.0587687421748557,0.07563593611628548,0.5301172626500141,0.008959352713550136,0.42763759634142445,0.0439429566067121,0.8056799096100407,0,0.34849757229669914
CTATCCGCTGCAATTG-1,GSM8500537_Cap.area4_DLBCL_V2,6754,2978,1,0.455629523315113,0.184991525152707,0.556814364674627,0.068571166824442,0.07563593611628548,0.5301172626500141,0.008959352713550136,0.42763759634142445,0.0439429566067121,0.8056799096100407,0,0.34849757229669914
CTATCGAGATGCCTAC-1,GSM8500537_Cap.area4_DLBCL_V2,4650,2066,1,0.344153662930956,0.322523905465477,0.176138272208141,0.162121721073686,0.07563593611628548,0.5301172626500141,0.008959352713550136,0.42763759634142445,0.0439429566067121,0.8056799096100407,0,0.34849757229669914
CTATCGGATATCGGAG-1,GSM8500537_Cap.area4_DLBCL_V2,4120,3576,1,0.335832289980762,0.249240461799226,0.167572602070419,0.025254221760772,0.07563593611628548,0.5301172626500141,0.008959352713550136,0.42763759634142445,0.0439429566067121,0.8056799096100407,0,0.34849757229669914
CTATCGGCTTAACTAG-1,GSM8500537_Cap.area4_DLBCL_V2,7026,1897,1,0.423580786026201,0.470322044197128,0.49716004519498,0.0545088099673252,0.07563593611628548,0.5301172626500141,0.008959352713550136,0.42763759634142445,0.0439429566067121,0.8056799096100407,0,0.34849757229669914
CTATCGTATCAGCGTG-1,GSM8500537_Cap.area4_DLBCL_V2,7077,2442,1,0.448957156380737,0.418097796539704,0.522811249885486,0,0.07563593611628548,0.5301172626500141,0.008959352713550136,0.42763759634142445,0.0439429566067121,0.8056799096100407,0,0.34849757229669914
CTATGCCACGAGGCTG-1,GSM8500537_Cap.area4_DLBCL_V2,8020,2135,1,0.0794576602436864,0.0724359589369663,0.0629370629370629,0.229089687604971,0.07563593611628548,0.5301172626500141,0.008959352713550136,0.42763759634142445,0.0439429566067121,0.8056799096100407,0,0.34849757229669914
CTATGCCATGCGGACA-1,GSM8500537_Cap.area4_DLBCL_V2,2737,7132,1,0.593061959874187,0.0420704211839201,0.573090664793722,0.013390539591413,0.07563593611628548,0.5301172626500141,0.008959352713550136,0.42763759634142445,0.0439429566067121,0.8056799096100407,0,0.34849757229669914
CTATGCCGTACAGCGT-1,GSM8500537_Cap.area4_DLBCL_V2,3590,5086,1,0.252389531865514,0.224807317151172,0.0695330870003359,0.160991846581366,0.07563593611628548,0.5301172626500141,0.008959352713550136,0.42763759634142445,0.0439429566067121,0.8056799096100407,0,0.34849757229669914
CTATGCCTATTGATCT-1,GSM8500537_Cap.area4_DLBCL_V2,1595,1895,1,0.35900998564754,0.00305414308100671,0.797706660152075,0,0.07563593611628548,0.5301172626500141,0.008959352713550136,0.42763759634142445,0.0439429566067121,0.8056799096100407,0,0.34849757229669914
CTATGTCGTTCCGCTA-1,GSM8500537_Cap.area4_DLBCL_V2,8243,3443,1,0.135462790484625,0.150644408199815,0.224921366842764,0.387333190826641,0.07563593611628548,0.5301172626500141,0.008959352713550136,0.42763759634142445,0.0439429566067121,0.8056799096100407,0,0.34849757229669914
CTATGTGCGGTTGACT-1,GSM8500537_Cap.area4_DLBCL_V2,4296,4123,1,0.288713469936177,0.284035306533628,0.131584572632608,0.131798332671695,0.07563593611628548,0.5301172626500141,0.008959352713550136,0.42763759634142445,0.0439429566067121,0.8056799096100407,0,0.34849757229669914
CTATTAAGCCAGCACT-1,GSM8500537_Cap.area4_DLBCL_V2,5551,6863,1,0.16902311662137,0.15305894016438,0.256847955537912,0.0340947262344642,0.07563593611628548,0.5301172626500141,0.008959352713550136,0.42763759634142445,0.0439429566067121,0.8056799096100407,0,0.34849757229669914
CTATTAGCGGCTTCGT-1,GSM8500537_Cap.area4_DLBCL_V2,4956,2398,1,0.307799187711851,0.141146183120663,0.252023086084221,0.0599749595382784,0.07563593611628548,0.5301172626500141,0.008959352713550136,0.42763759634142445,0.0439429566067121,0.8056799096100407,0,0.34849757229669914
CTATTATGAGATACGA-1,GSM8500537_Cap.area4_DLBCL_V2,6741,3629,1,0.466363330992152,0.536505804470882,0.31793752099429,0.083580175283232,0.07563593611628548,0.5301172626500141,0.008959352713550136,0.42763759634142445,0.0439429566067121,0.8056799096100407,0,0.34849757229669914
CTATTATGGCACCTCG-1,GSM8500537_Cap.area4_DLBCL_V2,7198,2661,1,0.39270772895227,0.308356519236304,0.460973524292302,0,0.07563593611628548,0.5301172626500141,0.008959352713550136,0.42763759634142445,0.0439429566067121,0.8056799096100407,0,0.34849757229669914
CTCAATACGTTAACCG-1,GSM8500537_Cap.area4_DLBCL_V2,4223,4664,1,0.330320334687147,0.436342703636189,0.104696613430238,0.0869239930375302,0.07563593611628548,0.5301172626500141,0.008959352713550136,0.42763759634142445,0.0439429566067121,0.8056799096100407,0,0.34849757229669914
CTCAATGACCATTAAG-1,GSM8500537_Cap.area4_DLBCL_V2,4477,4452,1,0.228173573151739,0.366305286385877,0.0565089931902159,0.158686291874065,0.07563593611628548,0.5301172626500141,0.008959352713550136,0.42763759634142445,0.0439429566067121,0.8056799096100407,0,0.34849757229669914
CTCACCAGGAATTGAC-1,GSM8500537_Cap.area4_DLBCL_V2,6227,7420,1,0.216554188169909,0.127122709392689,0.106315082297615,0.204522551684124,0.07563593611628548,0.5301172626500141,0.008959352713550136,0.42763759634142445,0.0439429566067121,0.8056799096100407,0,0.34849757229669914
CTCACCAGTGTAAGTT-1,GSM8500537_Cap.area4_DLBCL_V2,1518,2654,1,0.672611231563197,0,0.697117293187162,0,0.07563593611628548,0.5301172626500141,0.008959352713550136,0.42763759634142445,0.0439429566067121,0.8056799096100407,0,0.34849757229669914
CTCACCTGAGACTAAG-1,GSM8500537_Cap.area4_DLBCL_V2,4395,5428,1,0.162885149784713,0.118727813489398,0.0932757199132745,0.0202919351390967,0.07563593611628548,0.5301172626500141,0.008959352713550136,0.42763759634142445,0.0439429566067121,0.8056799096100407,0,0.34849757229669914
CTCACCTGGCTTAGGT-1,GSM8500537_Cap.area4_DLBCL_V2,6412,7533,1,0.0829388951659694,0.157632159646935,0.0436528536965218,0.35844504840138,0.07563593611628548,0.5301172626500141,0.008959352713550136,0.42763759634142445,0.0439429566067121,0.8056799096100407,0,0.34849757229669914
CTCACCTTAATAAGAT-1,GSM8500537_Cap.area4_DLBCL_V2,5061,6419,1,0.372797508168687,0.209216796187918,0.169404830976883,0,0.07563593611628548,0.5301172626500141,0.008959352713550136,0.42763759634142445,0.0439429566067121,0.8056799096100407,0,0.34849757229669914
CTCACCTTCTGAAGTA-1,GSM8500537_Cap.area4_DLBCL_V2,4586,2174,1,0.353803401838336,0.245210911765646,0.136943842184017,0.0973829663785996,0.07563593611628548,0.5301172626500141,0.008959352713550136,0.42763759634142445,0.0439429566067121,0.8056799096100407,0,0.34849757229669914
CTCACGAGTAGATGAG-1,GSM8500537_Cap.area4_DLBCL_V2,4894,5438,1,0.383714538736373,0.314672679011161,0.301844443765841,0.0811066662595047,0.07563593611628548,0.5301172626500141,0.008959352713550136,0.42763759634142445,0.0439429566067121,0.8056799096100407,0,0.34849757229669914
CTCACGATCTCCGGAG-1,GSM8500537_Cap.area4_DLBCL_V2,7042,4179,1,0.384355818853635,0.30688541366849,0.151586404861514,0.243274193055852,0.07563593611628548,0.5301172626500141,0.008959352713550136,0.42763759634142445,0.0439429566067121,0.8056799096100407,0,0.34849757229669914
CTCAGAAGACAACTCG-1,GSM8500537_Cap.area4_DLBCL_V2,4450,5755,1,0.342916908419092,0.270203716140586,0.130576846734052,0.122728799584695,0.07563593611628548,0.5301172626500141,0.008959352713550136,0.42763759634142445,0.0439429566067121,0.8056799096100407,0,0.34849757229669914
CTCAGGCACGTCAGAC-1,GSM8500537_Cap.area4_DLBCL_V2,6478,4276,1,0.338504290469356,0.245770571492533,0.123568571166824,0.191712217913091,0.07563593611628548,0.5301172626500141,0.008959352713550136,0.42763759634142445,0.0439429566067121,0.8056799096100407,0,0.34849757229669914
CTCAGGTCGTGCTCGC-1,GSM8500537_Cap.area4_DLBCL_V2,7283,4618,1,0.239457049500718,0.166746618056222,0.0867865758695453,0.373759428344581,0.07563593611628548,0.5301172626500141,0.008959352713550136,0.42763759634142445,0.0439429566067121,0.8056799096100407,0,0.34849757229669914
CTCATAATAGCACCGT-1,GSM8500537_Cap.area4_DLBCL_V2,1393,2651,1,0.479677527712462,0.001583037513192,0.830915809081748,0,0.07563593611628548,0.5301172626500141,0.008959352713550136,0.42763759634142445,0.0439429566067121,0.8056799096100407,0,0.34849757229669914
CTCCAAGTGAGCCAAT-1,GSM8500537_Cap.area4_DLBCL_V2,6807,372,1,0.159770360643723,0.143288880360741,0.0858399242678719,0.322502824686231,0.07563593611628548,0.5301172626500141,0.008959352713550136,0.42763759634142445,0.0439429566067121,0.8056799096100407,0,0.34849757229669914
CTCCACTGGCTAATGG-1,GSM8500537_Cap.area4_DLBCL_V2,1164,4710,1,0.296851619995725,0.130624580255205,0.683696216447308,0.0129477509390173,0.07563593611628548,0.5301172626500141,0.008959352713550136,0.42763759634142445,0.0439429566067121,0.8056799096100407,0,0.34849757229669914
CTCCAGTGGTTCTAGG-1,GSM8500537_Cap.area4_DLBCL_V2,6059,357,1,0.0742052707118209,0.107358725894656,0.0436070479738602,0.350856567013772,0.07563593611628548,0.5301172626500141,0.008959352713550136,0.42763759634142445,0.0439429566067121,0.8056799096100407,0,0.34849757229669914
CTCCATGGCGACCAGT-1,GSM8500537_Cap.area4_DLBCL_V2,4756,6087,1,0.372507405258497,0.218283283763472,0.217668794088008,0.0392096985983449,0.07563593611628548,0.5301172626500141,0.008959352713550136,0.42763759634142445,0.0439429566067121,0.8056799096100407,0,0.34849757229669914
CTCCGGTTCAGCGGAT-1,GSM8500537_Cap.area4_DLBCL_V2,6795,7106,1,0.104452316242709,0.150772330423103,0.0410724646532507,0.295095733960363,0.07563593611628548,0.5301172626500141,0.008959352713550136,0.42763759634142445,0.0439429566067121,0.8056799096100407,0,0.34849757229669914
CTCCGTAAGGTCTGTT-1,GSM8500537_Cap.area4_DLBCL_V2,1221,1888,1,0.273185329953889,0.016949694585692,0.839344062051486,0,0.07563593611628548,0.5301172626500141,0.008959352713550136,0.42763759634142445,0.0439429566067121,0.8056799096100407,0,0.34849757229669914
CTCCTACATTGTATCT-1,GSM8500537_Cap.area4_DLBCL_V2,4348,4667,1,0.280376828411763,0.406233010329719,0.094649891593123,0.0757473967080954,0.07563593611628548,0.5301172626500141,0.008959352713550136,0.42763759634142445,0.0439429566067121,0.8056799096100407,0,0.34849757229669914
CTCCTACCTCGTGGTA-1,GSM8500537_Cap.area4_DLBCL_V2,1560,3632,1,0.553043026842154,0.078640186766446,0.79982899196873,0,0.07563593611628548,0.5301172626500141,0.008959352713550136,0.42763759634142445,0.0439429566067121,0.8056799096100407,0,0.34849757229669914
CTCCTGTCGAAGCCAA-1,GSM8500537_Cap.area4_DLBCL_V2,7037,4396,1,0.235639905945583,0.162813009690108,0.0790148715912908,0.239777689559349,0.07563593611628548,0.5301172626500141,0.008959352713550136,0.42763759634142445,0.0439429566067121,0.8056799096100407,0,0.34849757229669914
CTCGACAGCACTCGGA-1,GSM8500537_Cap.area4_DLBCL_V2,4145,5423,1,0.219378874400708,0.168441587514791,0.0547378385806333,0.110865117415336,0.07563593611628548,0.5301172626500141,0.008959352713550136,0.42763759634142445,0.0439429566067121,0.8056799096100407,0,0.34849757229669914
CTCGACATAATTCTAT-1,GSM8500537_Cap.area4_DLBCL_V2,1346,1890,1,0.354704247717348,0,0.851574190002138,0,0.07563593611628548,0.5301172626500141,0.008959352713550136,0.42763759634142445,0.0439429566067121,0.8056799096100407,0,0.34849757229669914
CTCGACTCCTAATGGA-1,GSM8500537_Cap.area4_DLBCL_V2,3922,4115,1,0.240571655418817,0.319661645719403,0.104620270559135,0.112621003450698,0.07563593611628548,0.5301172626500141,0.008959352713550136,0.42763759634142445,0.0439429566067121,0.8056799096100407,0,0.34849757229669914
CTCGATGTTGCTATGT-1,GSM8500537_Cap.area4_DLBCL_V2,6306,3512,1,0.330885271933307,0.449534682912789,0.298851803218615,0.0172076831465477,0.07563593611628548,0.5301172626500141,0.008959352713550136,0.42763759634142445,0.0439429566067121,0.8056799096100407,0,0.34849757229669914
CTCGCATACTCAACTC-1,GSM8500537_Cap.area4_DLBCL_V2,6886,5696,1,0.0376370354536293,0.143752598420161,0.044141448071579,0.328579717226005,0.07563593611628548,0.5301172626500141,0.008959352713550136,0.42763759634142445,0.0439429566067121,0.8056799096100407,0,0.34849757229669914
CTCGCTAGCACCATCT-1,GSM8500537_Cap.area4_DLBCL_V2,4205,5533,1,0.157922863163038,0.126563049665803,0.0444315509817693,0.08182428924787,0.07563593611628548,0.5301172626500141,0.008959352713550136,0.42763759634142445,0.0439429566067121,0.8056799096100407,0,0.34849757229669914
CTCGCTGTTCATAGAT-1,GSM8500537_Cap.area4_DLBCL_V2,4392,2495,1,0.292301584878004,0.144839937318111,0.103841573273888,0.051073380767704,0.07563593611628548,0.5301172626500141,0.008959352713550136,0.42763759634142445,0.0439429566067121,0.8056799096100407,0,0.34849757229669914
CTCGGAATTCTTGATA-1,GSM8500537_Cap.area4_DLBCL_V2,6581,5364,1,0.142959660426909,0.156816655473472,0.0444010138333283,0.336656792988671,0.07563593611628548,0.5301172626500141,0.008959352713550136,0.42763759634142445,0.0439429566067121,0.8056799096100407,0,0.34849757229669914
CTCGGACTAACGTGGC-1,GSM8500537_Cap.area4_DLBCL_V2,6634,2758,1,0.404403456805204,0.6535226582238,0.541438910434544,0.0154212599627447,0.07563593611628548,0.5301172626500141,0.008959352713550136,0.42763759634142445,0.0439429566067121,0.8056799096100407,0,0.34849757229669914
CTCGGAGTCTTAAGGA-1,GSM8500537_Cap.area4_DLBCL_V2,6603,4278,1,0.240892295477448,0.14049058172631,0.103414053195713,0.239472318074938,0.07563593611628548,0.5301172626500141,0.008959352713550136,0.42763759634142445,0.0439429566067121,0.8056799096100407,0,0.34849757229669914
CTCGGATTGAATGAGT-1,GSM8500537_Cap.area4_DLBCL_V2,7052,595,1,0.21092008428253,0.210240173974224,0.0842825296973768,0.177436101016887,0.07563593611628548,0.5301172626500141,0.008959352713550136,0.42763759634142445,0.0439429566067121,0.8056799096100407,0,0.34849757229669914
CTGAAGCGGTTGCCAA-1,GSM8500537_Cap.area4_DLBCL_V2,7637,2562,1,0.16618316181635,0.133678723336212,0.0897639478425505,0.163724921366843,0.07563593611628548,0.5301172626500141,0.008959352713550136,0.42763759634142445,0.0439429566067121,0.8056799096100407,0,0.34849757229669914
CTGAAGGATCTGTACG-1,GSM8500537_Cap.area4_DLBCL_V2,6663,4388,1,0.281109719974349,0.195001439125012,0.0939475371789782,0.294133813784469,0.07563593611628548,0.5301172626500141,0.008959352713550136,0.42763759634142445,0.0439429566067121,0.8056799096100407,0,0.34849757229669914
CTGAAGGTGCTCGAGG-1,GSM8500537_Cap.area4_DLBCL_V2,3711,5305,1,0.26782606040248,0.221465349067767,0.0783735914740281,0.230723425046569,0.07563593611628548,0.5301172626500141,0.008959352713550136,0.42763759634142445,0.0439429566067121,0.8056799096100407,0,0.34849757229669914
CTGAAGTGCTATGGCG-1,GSM8500537_Cap.area4_DLBCL_V2,1172,4276,1,0.698216630531041,0.373772746170328,0.730082144929306,4.88594375057216e-4,0.07563593611628548,0.5301172626500141,0.008959352713550136,0.42763759634142445,0.0439429566067121,0.8056799096100407,0,0.34849757229669914
CTGAAGTTGCAGACAT-1,GSM8500537_Cap.area4_DLBCL_V2,7296,3967,1,0.518322289064647,0.543557517029646,0.465859468042874,0.0205820380492869,0.07563593611628548,0.5301172626500141,0.008959352713550136,0.42763759634142445,0.0439429566067121,0.8056799096100407,0,0.34849757229669914
CTGAATTCGCGTAAGG-1,GSM8500537_Cap.area4_DLBCL_V2,6215,4922,1,0.214218096314166,0.107918385621542,0.0450575625248114,0.0837939353223196,0.07563593611628548,0.5301172626500141,0.008959352713550136,0.42763759634142445,0.0439429566067121,0.8056799096100407,0,0.34849757229669914
CTGACCGCCAATTAGG-1,GSM8500537_Cap.area4_DLBCL_V2,6042,7308,1,0.128210217729868,0.11549777735137,0.262054539347116,0.253183497724982,0.07563593611628548,0.5301172626500141,0.008959352713550136,0.42763759634142445,0.0439429566067121,0.8056799096100407,0,0.34849757229669914
CTGACGTATCCGCCAC-1,GSM8500537_Cap.area4_DLBCL_V2,5973,7632,1,0.119904113353895,0.122053791294893,0.0863285186429291,0.161266680917336,0.07563593611628548,0.5301172626500141,0.008959352713550136,0.42763759634142445,0.0439429566067121,0.8056799096100407,0,0.34849757229669914
CTGACTCCGAATCTGC-1,GSM8500537_Cap.area4_DLBCL_V2,3757,6067,1,0.231914373835771,0.16687454027951,0.101093229914191,0,0.07563593611628548,0.5301172626500141,0.008959352713550136,0.42763759634142445,0.0439429566067121,0.8056799096100407,0,0.34849757229669914
CTGACTGGTATGATAA-1,GSM8500537_Cap.area4_DLBCL_V2,4419,1193,1,0.075732128133874893,0.0141513959512616,0.0526155067639784,0.054050752740709,0.07563593611628548,0.5301172626500141,0.008959352713550136,0.42763759634142445,0.0439429566067121,0.8056799096100407,0,0.34849757229669914
CTGACTGTGGCCGGTT-1,GSM8500537_Cap.area4_DLBCL_V2,3949,2812,1,0.374034262680551,0.276232050913045,0.180749381622744,0.0714416587779033,0.07563593611628548,0.5301172626500141,0.008959352713550136,0.42763759634142445,0.0439429566067121,0.8056799096100407,0,0.34849757229669914
CTGATTAACAGCGGCC-1,GSM8500537_Cap.area4_DLBCL_V2,7058,6460,1,0.196720310257428,0.0959736480220026,0.0722966989342535,0.303600329801203,0.07563593611628548,0.5301172626500141,0.008959352713550136,0.42763759634142445,0.0439429566067121,0.8056799096100407,0,0.34849757229669914
CTGCCGCTTCGGCTGC-1,GSM8500537_Cap.area4_DLBCL_V2,7641,2344,1,0.0720676703209454,0.159550992996258,0.0460194827007054,0.342611536934681,0.07563593611628548,0.5301172626500141,0.008959352713550136,0.42763759634142445,0.0439429566067121,0.8056799096100407,0,0.34849757229669914
CTGCCGTGAAGTCGCA-1,GSM8500537_Cap.area4_DLBCL_V2,3900,5201,1,0.272574586985067,0.340720841728229,0.128362903472074,0.0662656121171405,0.07563593611628548,0.5301172626500141,0.008959352713550136,0.42763759634142445,0.0439429566067121,0.8056799096100407,0,0.34849757229669914
CTGCCTATACATCCAT-1,GSM8500537_Cap.area4_DLBCL_V2,3928,748,1,0.0486914831892998,0.00402955003357963,0.0352093321525636,0.0364918923870889,0.07563593611628548,0.5301172626500141,0.008959352713550136,0.42763759634142445,0.0439429566067121,0.8056799096100407,0,0.34849757229669914
CTGCTCATTAGAGTGC-1,GSM8500537_Cap.area4_DLBCL_V2,4611,4020,1,0.3108834397044,0.227637596341424,0.178581244083427,0.0731975448132653,0.07563593611628548,0.5301172626500141,0.008959352713550136,0.42763759634142445,0.0439429566067121,0.8056799096100407,0,0.34849757229669914
CTGGAAGTCTAAGCTC-1,GSM8500537_Cap.area4_DLBCL_V2,2733,7349,1,0.126087885913213,0,0.575823739579198,0,0.07563593611628548,0.5301172626500141,0.008959352713550136,0.42763759634142445,0.0439429566067121,0.8056799096100407,0,0.34849757229669914
CTGGAATAGGAATTAG-1,GSM8500537_Cap.area4_DLBCL_V2,6661,7538,1,0.0525849696155373,0.116009466244523,0.0294378110971998,0.439490640364003,0.07563593611628548,0.5301172626500141,0.008959352713550136,0.42763759634142445,0.0439429566067121,0.8056799096100407,0,0.34849757229669914
CTGGAATAGTGCAAGT-1,GSM8500537_Cap.area4_DLBCL_V2,4305,3688,1,0.324228173573152,0.316463590137197,0.170702659785629,0.0876416160258955,0.07563593611628548,0.5301172626500141,0.008959352713550136,0.42763759634142445,0.0439429566067121,0.8056799096100407,0,0.34849757229669914
CTGGAATGGATCAGCA-1,GSM8500537_Cap.area4_DLBCL_V2,4508,2932,1,0.296027116987816,0.210112251750935,0.315525086267444,0.0280178336946896,0.07563593611628548,0.5301172626500141,0.008959352713550136,0.42763759634142445,0.0439429566067121,0.8056799096100407,0,0.34849757229669914
CTGGCGCACTTACTGA-1,GSM8500537_Cap.area4_DLBCL_V2,4461,2171,1,0.299279323296791,0.313505388723656,0.165450270253764,0.0791370201850551,0.07563593611628548,0.5301172626500141,0.008959352713550136,0.42763759634142445,0.0439429566067121,0.8056799096100407,0,0.34849757229669914
CTGGCGGACAACGCAC-1,GSM8500537_Cap.area4_DLBCL_V2,7106,4071,1,0.407350291629768,0.309699702580831,0.347833389318105,0.0538217241274009,0.07563593611628548,0.5301172626500141,0.008959352713550136,0.42763759634142445,0.0439429566067121,0.8056799096100407,0,0.34849757229669914
CTGGCTGGACGCTTGG-1,GSM8500537_Cap.area4_DLBCL_V2,6810,3305,1,0.479112590466302,0.407432281173047,0.577274254130149,0,0.07563593611628548,0.5301172626500141,0.008959352713550136,0.42763759634142445,0.0439429566067121,0.8056799096100407,0,0.34849757229669914
CTGGTGAGGTCTCGTC-1,GSM8500537_Cap.area4_DLBCL_V2,6790,7323,1,0.10051302409381,0.174917650068758,0.103108681711302,0.382172412740098,0.07563593611628548,0.5301172626500141,0.008959352713550136,0.42763759634142445,0.0439429566067121,0.8056799096100407,0,0.34849757229669914
CTGGTGATCCTGAAGG-1,GSM8500537_Cap.area4_DLBCL_V2,5121,6529,1,0.337633981738785,0.261536985512808,0.326228356796042,0.0333160289492167,0.07563593611628548,0.5301172626500141,0.008959352713550136,0.42763759634142445,0.0439429566067121,0.8056799096100407,0,0.34849757229669914
CTGGTGCGAGAAGCTT-1,GSM8500537_Cap.area4_DLBCL_V2,6407,7750,1,0.0368125324457202,0.124884070485145,0.0404769902586496,0.356780773811342,0.07563593611628548,0.5301172626500141,0.008959352713550136,0.42763759634142445,0.0439429566067121,0.8056799096100407,0,0.34849757229669914
CTGGTGCGTTCACGAG-1,GSM8500537_Cap.area4_DLBCL_V2,4060,3466,1,0.27747579930986,0.238654897822124,0.10900235136043,0.0271627935383394,0.07563593611628548,0.5301172626500141,0.008959352713550136,0.42763759634142445,0.0439429566067121,0.8056799096100407,0,0.34849757229669914
CTGGTGCTTATGACCA-1,GSM8500537_Cap.area4_DLBCL_V2,6262,5683,1,0.0886493419244511,0.0791518756595989,0.0408128988915015,0.168946773750267,0.07563593611628548,0.5301172626500141,0.008959352713550136,0.42763759634142445,0.0439429566067121,0.8056799096100407,0,0.34849757229669914
CTGGTTGGACATCACC-1,GSM8500537_Cap.area4_DLBCL_V2,3962,2161,1,0.310287965309799,0.152419329047939,0.11918649036553,0.0939628057531988,0.07563593611628548,0.5301172626500141,0.008959352713550136,0.42763759634142445,0.0439429566067121,0.8056799096100407,0,0.34849757229669914
CTGGTTGGCTTGTTAC-1,GSM8500537_Cap.area4_DLBCL_V2,5289,7510,1,0.312685131462424,0.2302120310851,0.131920481265459,0.0471188200445842,0.07563593611628548,0.5301172626500141,0.008959352713550136,0.42763759634142445,0.0439429566067121,0.8056799096100407,0,0.34849757229669914
CTGTATCTTCGCCATA-1,GSM8500537_Cap.area4_DLBCL_V2,4843,4894,1,0.376507771704278,0.279158271770763,0.296454637065991,0,0.07563593611628548,0.5301172626500141,0.008959352713550136,0.42763759634142445,0.0439429566067121,0.8056799096100407,0,0.34849757229669914
CTGTATGGCTCAACAT-1,GSM8500537_Cap.area4_DLBCL_V2,7024,5047,1,0.10872751702446,0.0941987271738782,0.0832748037988212,0.304302684215348,0.07563593611628548,0.5301172626500141,0.008959352713550136,0.42763759634142445,0.0439429566067121,0.8056799096100407,0,0.34849757229669914
CTGTCACTCGGCCTTA-1,GSM8500537_Cap.area4_DLBCL_V2,3350,4646,1,0.176123003633921,0.12915347468739,0.0664946407304486,0.0527987296546248,0.07563593611628548,0.5301172626500141,0.008959352713550136,0.42763759634142445,0.0439429566067121,0.8056799096100407,0,0.34849757229669914
CTGTCAGGCTTCCTAA-1,GSM8500537_Cap.area4_DLBCL_V2,7174,6896,1,0.18545210248267,0.183568390418625,0.116972547103551,0.350383241212936,0.07563593611628548,0.5301172626500141,0.008959352713550136,0.42763759634142445,0.0439429566067121,0.8056799096100407,0,0.34849757229669914
CTGTCAGGTGGATCGT-1,GSM8500537_Cap.area4_DLBCL_V2,6523,8187,1,0.0333160289492167,0.0697815728037353,0.0333160289492167,0.191132012092711,0.07563593611628548,0.5301172626500141,0.008959352713550136,0.42763759634142445,0.0439429566067121,0.8056799096100407,0,0.34849757229669914
CTGTCTATCCACATCT-1,GSM8500537_Cap.area4_DLBCL_V2,6866,3632,1,0.442544355208111,0.50802711951133706,0.397211958347329,0.0432253336183467,0.07563593611628548,0.5301172626500141,0.008959352713550136,0.42763759634142445,0.0439429566067121,0.8056799096100407,0,0.34849757229669914
CTGTGGCTTGTCAGCT-1,GSM8500537_Cap.area4_DLBCL_V2,1371,3737,1,0.475616086969799,0.117992260705491,0.846046966134302,0,0.07563593611628548,0.5301172626500141,0.008959352713550136,0.42763759634142445,0.0439429566067121,0.8056799096100407,0,0.34849757229669914
CTGTGGTAAGCTAATA-1,GSM8500537_Cap.area4_DLBCL_V2,1353,4606,1,0.573594527742999,0.18115385845406,0.834458118300913,0,0.07563593611628548,0.5301172626500141,0.008959352713550136,0.42763759634142445,0.0439429566067121,0.8056799096100407,0,0.34849757229669914
CTGTTCCAGAAGCTGA-1,GSM8500537_Cap.area4_DLBCL_V2,3913,4549,1,0.0896265306745656,0.184431865425821,0.0895654563776834,0.102391058722936,0.07563593611628548,0.5301172626500141,0.008959352713550136,0.42763759634142445,0.0439429566067121,0.8056799096100407,0,0.34849757229669914
CTGTTCGTATGCACCA-1,GSM8500537_Cap.area4_DLBCL_V2,4872,6524,1,0.33181665496076,0.343886916754613,0.13534064189086,0.0872751702446025,0.07563593611628548,0.5301172626500141,0.008959352713550136,0.42763759634142445,0.0439429566067121,0.8056799096100407,0,0.34849757229669914
CTTACGAACTCCGTCC-1,GSM8500537_Cap.area4_DLBCL_V2,4188,6401,1,0.286285766635112,0.145367616489175,0.103688887531682,0.12372125690903,0.07563593611628548,0.5301172626500141,0.008959352713550136,0.42763759634142445,0.0439429566067121,0.8056799096100407,0,0.34849757229669914
CTTACGCCATGCACAG-1,GSM8500537_Cap.area4_DLBCL_V2,6732,4064,1,0.401899410633035,0.545252486488215,0.621690536537698,0,0.07563593611628548,0.5301172626500141,0.008959352713550136,0.42763759634142445,0.0439429566067121,0.8056799096100407,0,0.34849757229669914
CTTACGGTAAGCCGAA-1,GSM8500537_Cap.area4_DLBCL_V2,4288,4557,1,0.289400555776102,0.427052352169881,0.0961920175893975,0.0335145204140838,0.07563593611628548,0.5301172626500141,0.008959352713550136,0.42763759634142445,0.0439429566067121,0.8056799096100407,0,0.34849757229669914
CTTACGTCATCCTTAT-1,GSM8500537_Cap.area4_DLBCL_V2,4985,4028,1,0.296347757046447,0.191467587706674,0.0655937948514368,0.0203377408617583,0.07563593611628548,0.5301172626500141,0.008959352713550136,0.42763759634142445,0.0439429566067121,0.8056799096100407,0,0.34849757229669914
CTTAGCAACTAGGACC-1,GSM8500537_Cap.area4_DLBCL_V2,7191,6028,1,0.168305493633005,0.10788640506572,0.0854124041896968,0.272818884172596,0.07563593611628548,0.5301172626500141,0.008959352713550136,0.42763759634142445,0.0439429566067121,0.8056799096100407,0,0.34849757229669914
CTTAGCAAGGACAGCC-1,GSM8500537_Cap.area4_DLBCL_V2,1611,4176,1,0.582908358017528,0.0610508810643129,0.749870217119125,0,0.07563593611628548,0.5301172626500141,0.008959352713550136,0.42763759634142445,0.0439429566067121,0.8056799096100407,0,0.34849757229669914
CTTAGCCTAATGGTAA-1,GSM8500537_Cap.area4_DLBCL_V2,1482,4391,1,0.574968699422848,0.0169816751415139,0.809906250954286,0,0.07563593611628548,0.5301172626500141,0.008959352713550136,0.42763759634142445,0.0439429566067121,0.8056799096100407,0,0.34849757229669914
CTTAGCGTAGCGTGCG-1,GSM8500537_Cap.area4_DLBCL_V2,6888,2546,1,0.505053898066999,0.474655409511017,0.358979448499099,0,0.07563593611628548,0.5301172626500141,0.008959352713550136,0.42763759634142445,0.0439429566067121,0.8056799096100407,0,0.34849757229669914
CTTAGCTACGCAAGGT-1,GSM8500537_Cap.area4_DLBCL_V2,3793,4330,1,0.198964790667847,0.108589977293805,0.148547958591627,0,0.07563593611628548,0.5301172626500141,0.008959352713550136,0.42763759634142445,0.0439429566067121,0.8056799096100407,0,0.34849757229669914
CTTAGCTATCCTTGCG-1,GSM8500537_Cap.area4_DLBCL_V2,7503,2993,1,0.0650288576052768,0.0888259937957722,0.0432558707667878,0.241838947079122,0.07563593611628548,0.5301172626500141,0.008959352713550136,0.42763759634142445,0.0439429566067121,0.8056799096100407,0,0.34849757229669914
CTTAGTAAGCGTGGCA-1,GSM8500537_Cap.area4_DLBCL_V2,6723,4498,1,0.154823342596268,0.125235856599188,0.0804501175680215,0.309845176657404,0.07563593611628548,0.5301172626500141,0.008959352713550136,0.42763759634142445,0.0439429566067121,0.8056799096100407,0,0.34849757229669914
CTTAGTCTATCGAGAC-1,GSM8500537_Cap.area4_DLBCL_V2,4232,4230,1,0.297263871499679,0.298170712206978,0.182260970470577,0.0686780468439857,0.07563593611628548,0.5301172626500141,0.008959352713550136,0.42763759634142445,0.0439429566067121,0.8056799096100407,0,0.34849757229669914
CTTAGTCTGTGCATCC-1,GSM8500537_Cap.area4_DLBCL_V2,5963,1984,1,0.155846337069044,0.116936902363363,0.0994289553241519,0.152578862185849,0.07563593611628548,0.5301172626500141,0.008959352713550136,0.42763759634142445,0.0439429566067121,0.8056799096100407,0,0.34849757229669914
CTTAGTGCGACCTATT-1,GSM8500537_Cap.area4_DLBCL_V2,5181,6639,1,0.374156411274315,0.238303111708081,0.194811738479861,0,0.07563593611628548,0.5301172626500141,0.008959352713550136,0.42763759634142445,0.0439429566067121,0.8056799096100407,0,0.34849757229669914
CTTAGTGGCTAAGACG-1,GSM8500537_Cap.area4_DLBCL_V2,4909,1637,1,0.32079274437353,0.0775208673126739,0.561211714050142,0,0.07563593611628548,0.5301172626500141,0.008959352713550136,0.42763759634142445,0.0439429566067121,0.8056799096100407,0,0.34849757229669914
CTTAGTTGGAGCGACC-1,GSM8500537_Cap.area4_DLBCL_V2,6291,7313,1,0.16166366384707,0.0924717771594871,0.176138272208141,0.162014841054142,0.07563593611628548,0.5301172626500141,0.008959352713550136,0.42763759634142445,0.0439429566067121,0.8056799096100407,0,0.34849757229669914
CTTCACAAGTTCCTCA-1,GSM8500537_Cap.area4_DLBCL_V2,4113,861,1,0.177145998106697,0.0680226422335221,0.20356063150823,0.0411793446727945,0.07563593611628548,0.5301172626500141,0.008959352713550136,0.42763759634142445,0.0439429566067121,0.8056799096100407,0,0.34849757229669914
CTTCATGCCTAGACGG-1,GSM8500537_Cap.area4_DLBCL_V2,4664,1415,1,0.221180566158732,0.143496753973584,0.137508779430177,0.124484685620057,0.07563593611628548,0.5301172626500141,0.008959352713550136,0.42763759634142445,0.0439429566067121,0.8056799096100407,0,0.34849757229669914
CTTCCACGATCCTGTA-1,GSM8500537_Cap.area4_DLBCL_V2,3859,1073,1,0.313402754450789,0.122405577408935,0.627385714721959,0.0495007176229884,0.07563593611628548,0.5301172626500141,0.008959352713550136,0.42763759634142445,0.0439429566067121,0.8056799096100407,0,0.34849757229669914
CTTCCGAGACATTGAT-1,GSM8500537_Cap.area4_DLBCL_V2,6618,477,1,0.128240754878309,0.184463845981643,0.0696552355941003,0.335740678535438,0.07563593611628548,0.5301172626500141,0.008959352713550136,0.42763759634142445,0.0439429566067121,0.8056799096100407,0,0.34849757229669914
CTTCCGTCGCTGCATC-1,GSM8500537_Cap.area4_DLBCL_V2,4129,3142,1,0.300775643570403,0.202804694745595,0.154120988182124,0.162366018261215,0.07563593611628548,0.5301172626500141,0.008959352713550136,0.42763759634142445,0.0439429566067121,0.8056799096100407,0,0.34849757229669914
CTTCGACTCCAGACTG-1,GSM8500537_Cap.area4_DLBCL_V2,1255,3300,1,0.442177909426818,0,0.876996366079336,0,0.07563593611628548,0.5301172626500141,0.008959352713550136,0.42763759634142445,0.0439429566067121,0.8056799096100407,0,0.34849757229669914
CTTCGAGCTGCAGCCT-1,GSM8500537_Cap.area4_DLBCL_V2,1083,2537,1,0.229288179069838,0,0.839985342168748,0,0.07563593611628548,0.5301172626500141,0.008959352713550136,0.42763759634142445,0.0439429566067121,0.8056799096100407,0,0.34849757229669914
CTTCGATAACATTGGT-1,GSM8500537_Cap.area4_DLBCL_V2,3840,5091,1,0.268604757687727,0.189916530749304,0.0801905518062723,0.0726020704186643,0.07563593611628548,0.5301172626500141,0.008959352713550136,0.42763759634142445,0.0439429566067121,0.8056799096100407,0,0.34849757229669914
CTTCGATACTCCGACC-1,GSM8500537_Cap.area4_DLBCL_V2,3604,4434,1,0.275063364583015,0.152994979052736,0.0840993068067304,0.0680673038751641,0.07563593611628548,0.5301172626500141,0.008959352713550136,0.42763759634142445,0.0439429566067121,0.8056799096100407,0,0.34849757229669914
CTTCGTATTAATACGG-1,GSM8500537_Cap.area4_DLBCL_V2,5001,6309,1,0.343359697071488,0.290239534363107,0.145326289431093,0.0219256725806944,0.07563593611628548,0.5301172626500141,0.008959352713550136,0.42763759634142445,0.0439429566067121,0.8056799096100407,0,0.34849757229669914
CTTGAGTCCAAGGCTG-1,GSM8500537_Cap.area4_DLBCL_V2,4535,7712,1,0.263062265245671,0.120358821836324,0.0560051302409381,0.0458515283842795,0.07563593611628548,0.5301172626500141,0.008959352713550136,0.42763759634142445,0.0439429566067121,0.8056799096100407,0,0.34849757229669914
CTTGCCGGAAGACGCA-1,GSM8500537_Cap.area4_DLBCL_V2,2372,6690,1,0.0706018871957736,0,0.615125049622866,0,0.07563593611628548,0.5301172626500141,0.008959352713550136,0.42763759634142445,0.0439429566067121,0.8056799096100407,0,0.34849757229669914
CTTGGAACTCCACGCC-1,GSM8500537_Cap.area4_DLBCL_V2,1079,2754,1,0.402784987937826,0.0102817486967923,0.829938620331633,0,0.07563593611628548,0.5301172626500141,0.008959352713550136,0.42763759634142445,0.0439429566067121,0.8056799096100407,0,0.34849757229669914
CTTGGACATTACAGGA-1,GSM8500537_Cap.area4_DLBCL_V2,6093,7852,1,0.0764192139737991,0.122229684351914,0.0576694048309769,0.300928329312609,0.07563593611628548,0.5301172626500141,0.008959352713550136,0.42763759634142445,0.0439429566067121,0.8056799096100407,0,0.34849757229669914
CTTGGATCAACCGTAT-1,GSM8500537_Cap.area4_DLBCL_V2,1152,2212,1,0.388096619537668,0.0171415779206242,0.781262405716554,0,0.07563593611628548,0.5301172626500141,0.008959352713550136,0.42763759634142445,0.0439429566067121,0.8056799096100407,0,0.34849757229669914
CTTGGTTAGAGTCATC-1,GSM8500537_Cap.area4_DLBCL_V2,4555,3693,1,0.27492594741503,0.201685375291823,0.0875805417290133,0.164350932909885,0.07563593611628548,0.5301172626500141,0.008959352713550136,0.42763759634142445,0.0439429566067121,0.8056799096100407,0,0.34849757229669914
CTTGTATCGTATGATT-1,GSM8500537_Cap.area4_DLBCL_V2,1453,2761,1,0.602070418664305,0,0.813112651540599,0,0.07563593611628548,0.5301172626500141,0.008959352713550136,0.42763759634142445,0.0439429566067121,0.8056799096100407,0,0.34849757229669914
CTTGTCAAGGCGTCAA-1,GSM8500537_Cap.area4_DLBCL_V2,2492,6910,1,0.324564082206004,0.0338034475039176,0.752786514795248,0,0.07563593611628548,0.5301172626500141,0.008959352713550136,0.42763759634142445,0.0439429566067121,0.8056799096100407,0,0.34849757229669914
CTTGTCAGTTCGGTAA-1,GSM8500537_Cap.area4_DLBCL_V2,4789,7500,1,0.28736983540477,0.175701173686399,0.0547073014321923,0.137050722203561,0.07563593611628548,0.5301172626500141,0.008959352713550136,0.42763759634142445,0.0439429566067121,0.8056799096100407,0,0.34849757229669914
GAACAGATAACCTTAA-1,GSM8500537_Cap.area4_DLBCL_V2,3474,4649,1,0.170748465508291,0.151204067926701,0.116300729837848,0.0259871133233579,0.07563593611628548,0.5301172626500141,0.008959352713550136,0.42763759634142445,0.0439429566067121,0.8056799096100407,0,0.34849757229669914
GAACCGAACGAAGACT-1,GSM8500537_Cap.area4_DLBCL_V2,6933,6457,1,0.134882584664244,0.132735296939461,0.0439429566067121,0.276116896204232,0.07563593611628548,0.5301172626500141,0.008959352713550136,0.42763759634142445,0.0439429566067121,0.8056799096100407,0,0.34849757229669914
GAACGCCACGGTGGTT-1,GSM8500537_Cap.area4_DLBCL_V2,6028,7959,1,0.242709255809692,0.162173398573667,0.574434299325129,0.0961156747182949,0.07563593611628548,0.5301172626500141,0.008959352713550136,0.42763759634142445,0.0439429566067121,0.8056799096100407,0,0.34849757229669914
GAACGCCAGTGCATAC-1,GSM8500537_Cap.area4_DLBCL_V2,5251,6314,1,0.252297920420191,0.104480475870671,0.244175038934864,0.0273154792805448,0.07563593611628548,0.5301172626500141,0.008959352713550136,0.42763759634142445,0.0439429566067121,0.8056799096100407,0,0.34849757229669914
GAACTAACTCTACGTG-1,GSM8500537_Cap.area4_DLBCL_V2,4069,3032,1,0.470333160289492,0.268460775848284,0.249457965615171,0.0623263199682413,0.07563593611628548,0.5301172626500141,0.008959352713550136,0.42763759634142445,0.0439429566067121,0.8056799096100407,0,0.34849757229669914
GAACTACAAGTAGGAG-1,GSM8500537_Cap.area4_DLBCL_V2,7291,4184,1,0.319907167068739,0.288832389906937,0.462576724585458,0.216325159556601,0.07563593611628548,0.5301172626500141,0.008959352713550136,0.42763759634142445,0.0439429566067121,0.8056799096100407,0,0.34849757229669914
GAACTCATAGTGAGTG-1,GSM8500537_Cap.area4_DLBCL_V2,4566,6192,1,0.334794026933765,0.36867184751671,0.0657312120194217,0.025849696155373,0.07563593611628548,0.5301172626500141,0.008959352713550136,0.42763759634142445,0.0439429566067121,0.8056799096100407,0,0.34849757229669914
GAAGCGATTGCCGAAT-1,GSM8500537_Cap.area4_DLBCL_V2,7082,2224,1,0.482548019665924,0.651555854040743,0.624881668549791,0.0374690811372034,0.07563593611628548,0.5301172626500141,0.008959352713550136,0.42763759634142445,0.0439429566067121,0.8056799096100407,0,0.34849757229669914
GAAGCGGCTGATCAGT-1,GSM8500537_Cap.area4_DLBCL_V2,6309,6444,1,0.081396769169695,0.133278966388436,0.0700064128011726,0.289843344428497,0.07563593611628548,0.5301172626500141,0.008959352713550136,0.42763759634142445,0.0439429566067121,0.8056799096100407,0,0.34849757229669914
GAAGCTGTTCTACATC-1,GSM8500537_Cap.area4_DLBCL_V2,6551,3734,1,0.583717592451217,0.423374588250344,0.438085931535713,0,0.07563593611628548,0.5301172626500141,0.008959352713550136,0.42763759634142445,0.0439429566067121,0.8056799096100407,0,0.34849757229669914
GAAGGATGGTATACGT-1,GSM8500537_Cap.area4_DLBCL_V2,6222,7637,1,0.148334198552539,0.134909974735361,0.244587290438819,0.29585916267139,0.07563593611628548,0.5301172626500141,0.008959352713550136,0.42763759634142445,0.0439429566067121,0.8056799096100407,0,0.34849757229669914
GAAGTTCTGCAGTTCT-1,GSM8500537_Cap.area4_DLBCL_V2,4053,751,1,0.116193849818304,0.155585404074323,0.0547683757290744,0.0648456347146303,0.07563593611628548,0.5301172626500141,0.008959352713550136,0.42763759634142445,0.0439429566067121,0.8056799096100407,0,0.34849757229669914
GAATAAGGAGAACTAA-1,GSM8500537_Cap.area4_DLBCL_V2,4404,4994,1,0.240281552508627,0.103153282804055,0.0437597337160656,0,0.07563593611628548,0.5301172626500141,0.008959352713550136,0.42763759634142445,0.0439429566067121,0.8056799096100407,0,0.34849757229669914
GAATACTAAGGCGAAT-1,GSM8500537_Cap.area4_DLBCL_V2,6491,3624,1,0.572739487586649,0.379177460104257,0.48500626011543,0.0319265886951476,0.07563593611628548,0.5301172626500141,0.008959352713550136,0.42763759634142445,0.0439429566067121,0.8056799096100407,0,0.34849757229669914
GAATCATAGTCTGAAG-1,GSM8500537_Cap.area4_DLBCL_V2,6336,5142,1,0.131355544019299,0.120390802392146,0.0579747763153877,0.319021589763948,0.07563593611628548,0.5301172626500141,0.008959352713550136,0.42763759634142445,0.0439429566067121,0.8056799096100407,0,0.34849757229669914
GAATCATGAACCAGTG-1,GSM8500537_Cap.area4_DLBCL_V2,4252,6294,1,0.305722661617858,0.271402986983914,0.0451797111185758,0.142776437536263,0.07563593611628548,0.5301172626500141,0.008959352713550136,0.42763759634142445,0.0439429566067121,0.8056799096100407,0,0.34849757229669914
GAATGACAACTAGTCA-1,GSM8500537_Cap.area4_DLBCL_V2,6420,7098,1,0.10304760741442,0.15213150404554,0.0785720829388952,0.322090573182276,0.07563593611628548,0.5301172626500141,0.008959352713550136,0.42763759634142445,0.0439429566067121,0.8056799096100407,0,0.34849757229669914
GAATGACCACAATCGA-1,GSM8500537_Cap.area4_DLBCL_V2,4575,5757,1,0.368186398754084,0.337538776423934,0.130469966714508,0.10871224845024,0.07563593611628548,0.5301172626500141,0.008959352713550136,0.42763759634142445,0.0439429566067121,0.8056799096100407,0,0.34849757229669914
GAATGTATTGGATCAA-1,GSM8500537_Cap.area4_DLBCL_V2,6384,2753,1,0.294469722417321,0.262176596629249,0.250786331572358,0.089809753565212,0.07563593611628548,0.5301172626500141,0.008959352713550136,0.42763759634142445,0.0439429566067121,0.8056799096100407,0,0.34849757229669914
GAATTAACCTTCAATT-1,GSM8500537_Cap.area4_DLBCL_V2,4613,6953,1,0.339939536446087,0.337570756979756,0.0826335236815586,0.158212966073228,0.07563593611628548,0.5301172626500141,0.008959352713550136,0.42763759634142445,0.0439429566067121,0.8056799096100407,0,0.34849757229669914
GACAACCTAGGAGTCT-1,GSM8500537_Cap.area4_DLBCL_V2,5667,7300,1,0.350535926955141,0.238399053375548,0.261504870675176,0.0750450422939506,0.07563593611628548,0.5301172626500141,0.008959352713550136,0.42763759634142445,0.0439429566067121,0.8056799096100407,0,0.34849757229669914
GACAACGGACTCAGCT-1,GSM8500537_Cap.area4_DLBCL_V2,4361,4015,1,0.262924848077686,0.204691547539096,0.0729990533483983,0.109307722844841,0.07563593611628548,0.5301172626500141,0.008959352713550136,0.42763759634142445,0.0439429566067121,0.8056799096100407,0,0.34849757229669914
GACAAGCTGAATCTGG-1,GSM8500537_Cap.area4_DLBCL_V2,3548,4107,1,0.202629248480777,0.196504525248649,0.0956881546401197,0.0173756374629737,0.07563593611628548,0.5301172626500141,0.008959352713550136,0.42763759634142445,0.0439429566067121,0.8056799096100407,0,0.34849757229669914
GACAGTCACTTCGCTC-1,GSM8500537_Cap.area4_DLBCL_V2,3849,4657,1,0.0668763550859621,0.114122613451022,0.0444926252786515,0.0576694048309769,0.07563593611628548,0.5301172626500141,0.008959352713550136,0.42763759634142445,0.0439429566067121,0.8056799096100407,0,0.34849757229669914
GACATTATCTTAATCT-1,GSM8500537_Cap.area4_DLBCL_V2,6148,2097,1,0.1806425016032,0.16799385973328201,0.240815952606346,0.225577915534247,0.07563593611628548,0.5301172626500141,0.008959352713550136,0.42763759634142445,0.0439429566067121,0.8056799096100407,0,0.34849757229669914
GACCAATTGCGTCAGA-1,GSM8500537_Cap.area4_DLBCL_V2,4100,1512,1,0.382401441353406,0.0568934088074451,0.642394723180749,0.0507527407090725,0.07563593611628548,0.5301172626500141,0.008959352713550136,0.42763759634142445,0.0439429566067121,0.8056799096100407,0,0.34849757229669914
GACCACATTCTTGAAT-1,GSM8500537_Cap.area4_DLBCL_V2,4301,3905,1,0.276177970501115,0.21468547123349,0.0837481295996579,0.0988792866522125,0.07563593611628548,0.5301172626500141,0.008959352713550136,0.42763759634142445,0.0439429566067121,0.8056799096100407,0,0.34849757229669914
GACCACTTACGGACAT-1,GSM8500537_Cap.area4_DLBCL_V2,1272,2432,1,0.355299722111949,0,0.879362995083519,0,0.07563593611628548,0.5301172626500141,0.008959352713550136,0.42763759634142445,0.0439429566067121,0.8056799096100407,0,0.34849757229669914
GACCGAATCTAATACG-1,GSM8500537_Cap.area4_DLBCL_V2,3882,6069,1,0.306134913121813,0.217595701813297,0.105719607903014,0.014382996915748,0.07563593611628548,0.5301172626500141,0.008959352713550136,0.42763759634142445,0.0439429566067121,0.8056799096100407,0,0.34849757229669914
GACCTGCTGTACGAAG-1,GSM8500537_Cap.area4_DLBCL_V2,7089,4940,1,0.128897303569793,0.132127666378842,0.0578220905731823,0.248602925458821,0.07563593611628548,0.5301172626500141,0.008959352713550136,0.42763759634142445,0.0439429566067121,0.8056799096100407,0,0.34849757229669914
GACGAGAAGTTACAGA-1,GSM8500537_Cap.area4_DLBCL_V2,6153,7962,1,0.100726784132898,0.14963702069142,0.088817296240877,0.233319082664061,0.07563593611628548,0.5301172626500141,0.008959352713550136,0.42763759634142445,0.0439429566067121,0.8056799096100407,0,0.34849757229669914
GACGCAGCGTCAAGTT-1,GSM8500537_Cap.area4_DLBCL_V2,3642,5630,1,0.316410663572236,0.322587866577121,0.0815341863376798,0.0492258832870187,0.07563593611628548,0.5301172626500141,0.008959352713550136,0.42763759634142445,0.0439429566067121,0.8056799096100407,0,0.34849757229669914
GACGCCGAACTTCCGT-1,GSM8500537_Cap.area4_DLBCL_V2,6119,467,1,0.101215378507955,0.153618599891266,0.0703881271566861,0.270681283781721,0.07563593611628548,0.5301172626500141,0.008959352713550136,0.42763759634142445,0.0439429566067121,0.8056799096100407,0,0.34849757229669914
GACGCCTCGTCAGAGG-1,GSM8500537_Cap.area4_DLBCL_V2,6955,5372,1,0.122362353803402,0.166458793053823,0.0482639631111247,0.320395761443796,0.07563593611628548,0.5301172626500141,0.008959352713550136,0.42763759634142445,0.0439429566067121,0.8056799096100407,0,0.34849757229669914
GACGCCTCTTGATTGT-1,GSM8500537_Cap.area4_DLBCL_V2,7137,2551,1,0.50821449293065,0.392561322715789,0.50764955568449,0,0.07563593611628548,0.5301172626500141,0.008959352713550136,0.42763759634142445,0.0439429566067121,0.8056799096100407,0,0.34849757229669914
GACGCTCACCAACCGG-1,GSM8500537_Cap.area4_DLBCL_V2,1780,2008,1,0.452209362689712,0.0943106591192555,0.775887867590924,0,0.07563593611628548,0.5301172626500141,0.008959352713550136,0.42763759634142445,0.0439429566067121,0.8056799096100407,0,0.34849757229669914
GACGGCTTAGGTGCGA-1,GSM8500537_Cap.area4_DLBCL_V2,4207,2383,1,0.307509084801661,0.168905305574211,0.127767429077473,0.18035239869301,0.07563593611628548,0.5301172626500141,0.008959352713550136,0.42763759634142445,0.0439429566067121,0.8056799096100407,0,0.34849757229669914
GACGGTACCTGGCCGT-1,GSM8500537_Cap.area4_DLBCL_V2,6968,4720,1,0.248694536904144,0.11890370654642,0.110086420130088,0.335771215683879,0.07563593611628548,0.5301172626500141,0.008959352713550136,0.42763759634142445,0.0439429566067121,0.8056799096100407,0,0.34849757229669914
GACGGTGGTTGATGTC-1,GSM8500537_Cap.area4_DLBCL_V2,4932,6634,1,0.33917610773506,0.344366625091944,0.0763428711026964,0.114300546614957,0.07563593611628548,0.5301172626500141,0.008959352713550136,0.42763759634142445,0.0439429566067121,0.8056799096100407,0,0.34849757229669914
GACGTACAGGAACGCT-1,GSM8500537_Cap.area4_DLBCL_V2,6636,5691,1,0.208751946743213,0.148517701237648,0.0666320578984334,0.292377927749107,0.07563593611628548,0.5301172626500141,0.008959352713550136,0.42763759634142445,0.0439429566067121,0.8056799096100407,0,0.34849757229669914
GACGTCTTATCTCAGC-1,GSM8500537_Cap.area4_DLBCL_V2,987,4164,1,0.519620117873393,0.372173718379225,0.702644517054997,0,0.07563593611628548,0.5301172626500141,0.008959352713550136,0.42763759634142445,0.0439429566067121,0.8056799096100407,0,0.34849757229669914
GACGTGGTGCTCCAGA-1,GSM8500537_Cap.area4_DLBCL_V2,2926,7027,1,0.081060860536843,0.0382807253190061,0.545439276880325,0,0.07563593611628548,0.5301172626500141,0.008959352713550136,0.42763759634142445,0.0439429566067121,0.8056799096100407,0,0.34849757229669914
GACTACGAGTTCCATT-1,GSM8500537_Cap.area4_DLBCL_V2,3931,3681,1,0.253748434971142,0.203732130864434,0.0792439002045989,0.071121018719272,0.07563593611628548,0.5301172626500141,0.008959352713550136,0.42763759634142445,0.0439429566067121,0.8056799096100407,0,0.34849757229669914
GACTAGGCAGACTTGG-1,GSM8500537_Cap.area4_DLBCL_V2,3864,855,1,0.141753443063487,0.0772810131440085,0.164381470058326,0.141875591657251,0.07563593611628548,0.5301172626500141,0.008959352713550136,0.42763759634142445,0.0439429566067121,0.8056799096100407,0,0.34849757229669914
GACTAGTAATCTTGCT-1,GSM8500537_Cap.area4_DLBCL_V2,4800,3916,1,0.328075854276728,0.257747289647894,0.233609185574251,0,0.07563593611628548,0.5301172626500141,0.008959352713550136,0.42763759634142445,0.0439429566067121,0.8056799096100407,0,0.34849757229669914
GACTCGGCTTGCGGAT-1,GSM8500537_Cap.area4_DLBCL_V2,1341,2107,1,0.481983082419764,0,0.816563349314441,0,0.07563593611628548,0.5301172626500141,0.008959352713550136,0.42763759634142445,0.0439429566067121,0.8056799096100407,0,0.34849757229669914
GACTGACAGGAACCAG-1,GSM8500537_Cap.area4_DLBCL_V2,7048,812,1,0.322854001893303,0.220138156001151,0.13647051638318,0.234448957156381,0.07563593611628548,0.5301172626500141,0.008959352713550136,0.42763759634142445,0.0439429566067121,0.8056799096100407,0,0.34849757229669914
GACTTCATACCGCTGT-1,GSM8500537_Cap.area4_DLBCL_V2,6280,4815,1,0.177894158243503,0.176324794524929,0.108193116926741,0.206018871957737,0.07563593611628548,0.5301172626500141,0.008959352713550136,0.42763759634142445,0.0439429566067121,0.8056799096100407,0,0.34849757229669914
GAGCCAAGCGATCGTA-1,GSM8500537_Cap.area4_DLBCL_V2,6382,5903,1,0.136775887867591,0.0897214493587899,0.0866796958500016,0.281216599993893,0.07563593611628548,0.5301172626500141,0.008959352713550136,0.42763759634142445,0.0439429566067121,0.8056799096100407,0,0.34849757229669914
GAGCCAGTATTGTCAA-1,GSM8500537_Cap.area4_DLBCL_V2,8075,2462,1,0.123629645463707,0.123317023249864,0.0885577304791278,0.35928481998351,0.07563593611628548,0.5301172626500141,0.008959352713550136,0.42763759634142445,0.0439429566067121,0.8056799096100407,0,0.34849757229669914
GAGCCTCACGTATGTA-1,GSM8500537_Cap.area4_DLBCL_V2,4254,3144,1,0.306852536110178,0.191563529374141,0.244816319052127,0.0421870705713501,0.07563593611628548,0.5301172626500141,0.008959352713550136,0.42763759634142445,0.0439429566067121,0.8056799096100407,0,0.34849757229669914
GAGCCTCCAGTACCGA-1,GSM8500537_Cap.area4_DLBCL_V2,6434,6447,1,0.100864201300882,0.149477117912309,0.0436528536965218,0.301371117965004,0.07563593611628548,0.5301172626500141,0.008959352713550136,0.42763759634142445,0.0439429566067121,0.8056799096100407,0,0.34849757229669914
GAGCGAATCGGTAGAA-1,GSM8500537_Cap.area4_DLBCL_V2,6525,5037,1,0.191925977952179,0.150084748472928,0.0792133630561578,0.365376981097505,0.07563593611628548,0.5301172626500141,0.008959352713550136,0.42763759634142445,0.0439429566067121,0.8056799096100407,0,0.34849757229669914
GAGCGATACTCCAGGC-1,GSM8500537_Cap.area4_DLBCL_V2,6587,1997,1,0.257046447002779,0.196088778022962,0.580618071884447,0.132164778452988,0.07563593611628548,0.5301172626500141,0.008959352713550136,0.42763759634142445,0.0439429566067121,0.8056799096100407,0,0.34849757229669914
GAGCGGCAATGGAATA-1,GSM8500537_Cap.area4_DLBCL_V2,7804,3542,1,0.0810455919626225,0.144600083149445,0.146272941032766,0.207728952270437,0.07563593611628548,0.5301172626500141,0.008959352713550136,0.42763759634142445,0.0439429566067121,0.8056799096100407,0,0.34849757229669914
GAGCTAACCTACTTAC-1,GSM8500537_Cap.area4_DLBCL_V2,1379,3303,1,0.470714874645006,0.0202916626690972,0.8414358567197,0,0.07563593611628548,0.5301172626500141,0.008959352713550136,0.42763759634142445,0.0439429566067121,0.8056799096100407,0,0.34849757229669914
GAGCTAAGGTTGCGTT-1,GSM8500537_Cap.area4_DLBCL_V2,6567,6015,1,0.144562860720066,0.148853497073779,0.0443704766848871,0.391913763092802,0.07563593611628548,0.5301172626500141,0.008959352713550136,0.42763759634142445,0.0439429566067121,0.8056799096100407,0,0.34849757229669914
GAGGAAGCCGATGTGA-1,GSM8500537_Cap.area4_DLBCL_V2,6274,8181,1,0.121492045072831,0.141561930346349,0.0916725196201179,0.383393898677741,0.07563593611628548,0.5301172626500141,0.008959352713550136,0.42763759634142445,0.0439429566067121,0.8056799096100407,0,0.34849757229669914
GAGGACAGATCGCCTA-1,GSM8500537_Cap.area4_DLBCL_V2,7080,5374,1,0.056173084557364,0.105375931433688,0.0437291965676245,0.384645921763826,0.07563593611628548,0.5301172626500141,0.008959352713550136,0.42763759634142445,0.0439429566067121,0.8056799096100407,0,0.34849757229669914
GAGGACGAGTCCTAGT-1,GSM8500537_Cap.area4_DLBCL_V2,6698,2651,1,0.32332732769414,0.626435127442515,0.49801508535133,0.0218798668580328,0.07563593611628548,0.5301172626500141,0.008959352713550136,0.42763759634142445,0.0439429566067121,0.8056799096100407,0,0.34849757229669914
GAGGATCCAGAACTGG-1,GSM8500537_Cap.area4_DLBCL_V2,3935,3464,1,0.352963630256207,0.290207553807285,0.148563227165847,0.0357742693987235,0.07563593611628548,0.5301172626500141,0.008959352713550136,0.42763759634142445,0.0439429566067121,0.8056799096100407,0,0.34849757229669914
GAGGCCACAAGGTGCA-1,GSM8500537_Cap.area4_DLBCL_V2,6010,2746,1,0.314715851833756,0.159630944385813,0.172122637188139,0.151739090603719,0.07563593611628548,0.5301172626500141,0.008959352713550136,0.42763759634142445,0.0439429566067121,0.8056799096100407,0,0.34849757229669914
GAGGCCACTTCTAGAT-1,GSM8500537_Cap.area4_DLBCL_V2,7752,2998,1,0.106284545149174,0.152419329047939,0.0582496106513574,0.363682169359025,0.07563593611628548,0.5301172626500141,0.008959352713550136,0.42763759634142445,0.0439429566067121,0.8056799096100407,0,0.34849757229669914
GAGGTATTAATAGCGG-1,GSM8500537_Cap.area4_DLBCL_V2,4107,4227,1,0.310516993923107,0.254805078512265,0.0450575625248114,0.0805569975875653,0.07563593611628548,0.5301172626500141,0.008959352713550136,0.42763759634142445,0.0439429566067121,0.8056799096100407,0,0.34849757229669914
GAGGTCCAAGTAGCTA-1,GSM8500537_Cap.area4_DLBCL_V2,6980,7218,1,0.108223654075182,0.143448783139851,0.0347054692032858,0.299325129019452,0.07563593611628548,0.5301172626500141,0.008959352713550136,0.42763759634142445,0.0439429566067121,0.8056799096100407,0,0.34849757229669914
GAGGTGAGATCATTGG-1,GSM8500537_Cap.area4_DLBCL_V2,6528,7969,1,0.0790606773139524,0.174741757011737,0.130179863804318,0.258267932940422,0.07563593611628548,0.5301172626500141,0.008959352713550136,0.42763759634142445,0.0439429566067121,0.8056799096100407,0,0.34849757229669914
GAGGTGAGGATTCATT-1,GSM8500537_Cap.area4_DLBCL_V2,6601,7428,1,0.115598375423703,0.156736704083917,0.0422176077197911,0.348291446544722,0.07563593611628548,0.5301172626500141,0.008959352713550136,0.42763759634142445,0.0439429566067121,0.8056799096100407,0,0.34849757229669914
GAGGTGCATTCGGATC-1,GSM8500537_Cap.area4_DLBCL_V2,4163,4554,1,0.265917488624912,0.311970322044197,0.0797172260054356,0.23811341496931,0.07563593611628548,0.5301172626500141,0.008959352713550136,0.42763759634142445,0.0439429566067121,0.8056799096100407,0,0.34849757229669914
GAGGTGCGGCTGACCA-1,GSM8500537_Cap.area4_DLBCL_V2,4913,1420,1,0.275780987571381,0.174869679235025,0.280911228509482,0.0856108956545638,0.07563593611628548,0.5301172626500141,0.008959352713550136,0.42763759634142445,0.0439429566067121,0.8056799096100407,0,0.34849757229669914
GAGGTGGCTCGAGGTT-1,GSM8500537_Cap.area4_DLBCL_V2,1297,4279,1,0.705041683207622,0.152579231827049,0.769017009191682,0,0.07563593611628548,0.5301172626500141,0.008959352713550136,0.42763759634142445,0.0439429566067121,0.8056799096100407,0,0.34849757229669914
GAGTAACGTGGCTTGA-1,GSM8500537_Cap.area4_DLBCL_V2,3994,6723,1,0.222402052096375,0.155905209632543,0.0593336794210156,0.0491342718416954,0.07563593611628548,0.5301172626500141,0.008959352713550136,0.42763759634142445,0.0439429566067121,0.8056799096100407,0,0.34849757229669914
GAGTAGGATGGTAGTC-1,GSM8500537_Cap.area4_DLBCL_V2,3737,4003,1,0.246862307997679,0.213150404554031,0.0874889302836901,0.0262619476593275,0.07563593611628548,0.5301172626500141,0.008959352713550136,0.42763759634142445,0.0439429566067121,0.8056799096100407,0,0.34849757229669914
GAGTCGAGCGTGCTTC-1,GSM8500537_Cap.area4_DLBCL_V2,6054,574,1,0.0635172687574435,0.155105695736992,0.043744465141845,0.0755030995205668,0.07563593611628548,0.5301172626500141,0.008959352713550136,0.42763759634142445,0.0439429566067121,0.8056799096100407,0,0.34849757229669914
GAGTCTCGAGATAGTC-1,GSM8500537_Cap.area4_DLBCL_V2,1533,4935,1,0.179176718478029,0.058956154657968,0.759840596085138,0.0375301554340856,0.07563593611628548,0.5301172626500141,0.008959352713550136,0.42763759634142445,0.0439429566067121,0.8056799096100407,0,0.34849757229669914
GAGTCTGACTATAGAA-1,GSM8500537_Cap.area4_DLBCL_V2,4577,2608,1,0.259703178917153,0.116633087083054,0.0813204262985923,0.258451155831068,0.07563593611628548,0.5301172626500141,0.008959352713550136,0.42763759634142445,0.0439429566067121,0.8056799096100407,0,0.34849757229669914
GAGTCTGGTGAATGAG-1,GSM8500537_Cap.area4_DLBCL_V2,3746,3568,1,0.257840412862247,0.181233809843615,0.148044095642349,0.00864201300882528,0.07563593611628548,0.5301172626500141,0.008959352713550136,0.42763759634142445,0.0439429566067121,0.8056799096100407,0,0.34849757229669914
GAGTGCCGCATTAGGC-1,GSM8500537_Cap.area4_DLBCL_V2,4025,5203,1,0.263535591046508,0.299929642777191,0.0768161969035331,0.0782361743060433,0.07563593611628548,0.5301172626500141,0.008959352713550136,0.42763759634142445,0.0439429566067121,0.8056799096100407,0,0.34849757229669914
GAGTGCGGATACAGTC-1,GSM8500537_Cap.area4_DLBCL_V2,5353,7402,1,0.308364124958011,0.269388211967124,0.181741838947079,0.0380645555318044,0.07563593611628548,0.5301172626500141,0.008959352713550136,0.42763759634142445,0.0439429566067121,0.8056799096100407,0,0.34849757229669914
GAGTTAATTCCACTGG-1,GSM8500537_Cap.area4_DLBCL_V2,4183,6618,1,0.235426145906495,0.209680514247338,0.149570953064403,0.052264329556906,0.07563593611628548,0.5301172626500141,0.008959352713550136,0.42763759634142445,0.0439429566067121,0.8056799096100407,0,0.34849757229669914
GAGTTCTATCGTGCCT-1,GSM8500537_Cap.area4_DLBCL_V2,4744,3589,1,0.313448560173451,0.111724071764367,0.111307906067731,0.117674901517696,0.07563593611628548,0.5301172626500141,0.008959352713550136,0.42763759634142445,0.0439429566067121,0.8056799096100407,0,0.34849757229669914
GATAAGCACGTGCGTA-1,GSM8500537_Cap.area4_DLBCL_V2,1629,3308,1,0.415396830243992,0.0114330487063865,0.625217577182643,0,0.07563593611628548,0.5301172626500141,0.008959352713550136,0.42763759634142445,0.0439429566067121,0.8056799096100407,0,0.34849757229669914
GATAATCAGCTATTGT-1,GSM8500537_Cap.area4_DLBCL_V2,6667,4171,1,0.381775429810364,0.263871566087819,0.254908846611903,0.218310074205271,0.07563593611628548,0.5301172626500141,0.008959352713550136,0.42763759634142445,0.0439429566067121,0.8056799096100407,0,0.34849757229669914
GATACTTCACTCAGCA-1,GSM8500537_Cap.area4_DLBCL_V2,4687,6411,1,0.358551928420924,0.219386612939333,0.110086420130088,0.0388737899654931,0.07563593611628548,0.5301172626500141,0.008959352713550136,0.42763759634142445,0.0439429566067121,0.8056799096100407,0,0.34849757229669914
GATAGAGTGATAAGCT-1,GSM8500537_Cap.area4_DLBCL_V2,6813,6237,1,0.086450667236693493,0.104208641146183,0.0418053562158366,0.293767368003176,0.07563593611628548,0.5301172626500141,0.008959352713550136,0.42763759634142445,0.0439429566067121,0.8056799096100407,0,0.34849757229669914
GATAGTGACACTCCAA-1,GSM8500537_Cap.area4_DLBCL_V2,4885,5872,1,0.36465935810914,0.276535866193354,0.226600910007024,0,0.07563593611628548,0.5301172626500141,0.008959352713550136,0.42763759634142445,0.0439429566067121,0.8056799096100407,0,0.34849757229669914
GATATCTTGTGACACG-1,GSM8500537_Cap.area4_DLBCL_V2,6594,4712,1,0.129156869331542,0.181857430682145,0.0904204965340336,0.254985189483006,0.07563593611628548,0.5301172626500141,0.008959352713550136,0.42763759634142445,0.0439429566067121,0.8056799096100407,0,0.34849757229669914
GATATGCTCACGTTAC-1,GSM8500537_Cap.area4_DLBCL_V2,4794,7282,1,0.250160320029316,0.394048418561515,0.0691513726448224,0.108376339817388,0.07563593611628548,0.5301172626500141,0.008959352713550136,0.42763759634142445,0.0439429566067121,0.8056799096100407,0,0.34849757229669914
GATCACTTAACGGATT-1,GSM8500537_Cap.area4_DLBCL_V2,1148,2429,1,0.196140104437048,0.0204675557261185,0.880615018169603,0,0.07563593611628548,0.5301172626500141,0.008959352713550136,0.42763759634142445,0.0439429566067121,0.8056799096100407,0,0.34849757229669914
GATCCGGACATACACC-1,GSM8500537_Cap.area4_DLBCL_V2,6505,2973,1,0.397089809753565,0.558940164380057,0.579717226005436,0.0424924420557609,0.07563593611628548,0.5301172626500141,0.008959352713550136,0.42763759634142445,0.0439429566067121,0.8056799096100407,0,0.34849757229669914
GATCGCGGAGTCTAAT-1,GSM8500537_Cap.area4_DLBCL_V2,1424,1132,1,0.240892295477448,0.0505932393104992,0.693193269612484,0.0483097688337863,0.07563593611628548,0.5301172626500141,0.008959352713550136,0.42763759634142445,0.0439429566067121,0.8056799096100407,0,0.34849757229669914
GATCGGAGATACGCAG-1,GSM8500537_Cap.area4_DLBCL_V2,4860,4025,1,0.233731334168015,0.147542294285075,0.0994594924725929,0.0663266864140226,0.07563593611628548,0.5301172626500141,0.008959352713550136,0.42763759634142445,0.0439429566067121,0.8056799096100407,0,0.34849757229669914
GATCGTAACATTAATA-1,GSM8500537_Cap.area4_DLBCL_V2,4096,1729,1,0.336549912969127,0.439428827273018,0.219775857330442,0.0486914831892998,0.07563593611628548,0.5301172626500141,0.008959352713550136,0.42763759634142445,0.0439429566067121,0.8056799096100407,0,0.34849757229669914
GATCTATGAAGATGCG-1,GSM8500537_Cap.area4_DLBCL_V2,5070,5985,1,0.294591871011085,0.159694905497458,0.22282957217455,0.0232693071121018,0.07563593611628548,0.5301172626500141,0.008959352713550136,0.42763759634142445,0.0439429566067121,0.8056799096100407,0,0.34849757229669914
GATCTTGTCATGATCT-1,GSM8500537_Cap.area4_DLBCL_V2,4983,7178,1,0.271658472531835,0.28888036074067,0.107399151067273,0.0946651601673436,0.07563593611628548,0.5301172626500141,0.008959352713550136,0.42763759634142445,0.0439429566067121,0.8056799096100407,0,0.34849757229669914
GATGACTCTGAATCTT-1,GSM8500537_Cap.area4_DLBCL_V2,5043,7288,1,0.288392829877546,0.143033035914164,0.136394173512077,0.106086053684307,0.07563593611628548,0.5301172626500141,0.008959352713550136,0.42763759634142445,0.0439429566067121,0.8056799096100407,0,0.34849757229669914
GATGCCGACAGATATT-1,GSM8500537_Cap.area4_DLBCL_V2,4789,1417,1,0.258848138760802,0.182529022354408,0.1064524994656,0.0651815433474822,0.07563593611628548,0.5301172626500141,0.008959352713550136,0.42763759634142445,0.0439429566067121,0.8056799096100407,0,0.34849757229669914
GATGCCTAGAGTCTGT-1,GSM8500537_Cap.area4_DLBCL_V2,4219,4881,1,0.292774910678841,0.243052224247657,0.0697926527620851,0.0327510917030568,0.07563593611628548,0.5301172626500141,0.008959352713550136,0.42763759634142445,0.0439429566067121,0.8056799096100407,0,0.34849757229669914
GATGGACGGCAGATGA-1,GSM8500537_Cap.area4_DLBCL_V2,6189,6225,1,0.111094146028644,0.11036489814193,0,0.0974440406754817,0.07563593611628548,0.5301172626500141,0.008959352713550136,0.42763759634142445,0.0439429566067121,0.8056799096100407,0,0.34849757229669914
GATGTAGGAGTTGGCC-1,GSM8500537_Cap.area4_DLBCL_V2,4241,3796,1,0.360262008733624,0.377978189260929,0.0832595352246007,0.143952117751244,0.07563593611628548,0.5301172626500141,0.008959352713550136,0.42763759634142445,0.0439429566067121,0.8056799096100407,0,0.34849757229669914
GATTCCGCTGCAAGAT-1,GSM8500537_Cap.area4_DLBCL_V2,4085,5313,1,0.298653311753748,0.235664715852761,0.0793507802241427,0.0898708278620942,0.07563593611628548,0.5301172626500141,0.008959352713550136,0.42763759634142445,0.0439429566067121,0.8056799096100407,0,0.34849757229669914
GCAACAGCCTGCTCTA-1,GSM8500537_Cap.area4_DLBCL_V2,7086,2007,1,0.477799493083336,0.564328888036074,0.424527437627874,0.0179100375606925,0.07563593611628548,0.5301172626500141,0.008959352713550136,0.42763759634142445,0.0439429566067121,0.8056799096100407,0,0.34849757229669914
GCAACATACATCAGCA-1,GSM8500537_Cap.area4_DLBCL_V2,3704,2590,1,0.353818670412557,0.178083725095142,0.174473997618102,0.0391638928756832,0.07563593611628548,0.5301172626500141,0.008959352713550136,0.42763759634142445,0.0439429566067121,0.8056799096100407,0,0.34849757229669914
GCAAGAATGTTCCACC-1,GSM8500537_Cap.area4_DLBCL_V2,6917,4176,1,0.405411182703759,0.263871566087819,0.0940696857727426,0.161007115155587,0.07563593611628548,0.5301172626500141,0.008959352713550136,0.42763759634142445,0.0439429566067121,0.8056799096100407,0,0.34849757229669914
GCAAGATAGGTTAACT-1,GSM8500537_Cap.area4_DLBCL_V2,4352,4450,1,0.184169542248145,0.374860085068279,0.158961126210035,0.0492106147127981,0.07563593611628548,0.5301172626500141,0.008959352713550136,0.42763759634142445,0.0439429566067121,0.8056799096100407,0,0.34849757229669914
GCAAGCACTACCGCCA-1,GSM8500537_Cap.area4_DLBCL_V2,4341,1951,1,0.328808745839314,0.164907736096453,0.223134943658961,0.0346443949064036,0.07563593611628548,0.5301172626500141,0.008959352713550136,0.42763759634142445,0.0439429566067121,0.8056799096100407,0,0.34849757229669914
GCAATCCTCGAGCGTT-1,GSM8500537_Cap.area4_DLBCL_V2,6895,5262,1,0.127431520444621,0.142921103968787,0.0789690658686292,0.315021223318167,0.07563593611628548,0.5301172626500141,0.008959352713550136,0.42763759634142445,0.0439429566067121,0.8056799096100407,0,0.34849757229669914
GCAATCGTGACTCCAA-1,GSM8500537_Cap.area4_DLBCL_V2,5302,6858,1,0.303661404098085,0.25053567431002,0.113094329251535,0.0743274193055853,0.07563593611628548,0.5301172626500141,0.008959352713550136,0.42763759634142445,0.0439429566067121,0.8056799096100407,0,0.34849757229669914
GCAATTAATCAACGTA-1,GSM8500537_Cap.area4_DLBCL_V2,1620,3742,1,0.42071029407274,0.16485976526272,0.762024002198675,0.0113292820716402,0.07563593611628548,0.5301172626500141,0.008959352713550136,0.42763759634142445,0.0439429566067121,0.8056799096100407,0,0.34849757229669914
GCAATTCCTATCATAC-1,GSM8500537_Cap.area4_DLBCL_V2,3938,6396,1,0.266070174367118,0.184160030701334,0.0938101200109934,0.153632393807066,0.07563593611628548,0.5301172626500141,0.008959352713550136,0.42763759634142445,0.0439429566067121,0.8056799096100407,0,0.34849757229669914
GCAATTCTGTGACAGA-1,GSM8500537_Cap.area4_DLBCL_V2,6563,6232,1,0.108529025559593,0.116169369023634,0.0764802882706813,0.29955415763276,0.07563593611628548,0.5301172626500141,0.008959352713550136,0.42763759634142445,0.0439429566067121,0.8056799096100407,0,0.34849757229669914
GCACAGCAGTCTGTAA-1,GSM8500537_Cap.area4_DLBCL_V2,1406,2000,1,0.6404250771063,0.00423742364642299,0.817510000916114,0.00404617216844294,0.07563593611628548,0.5301172626500141,0.008959352713550136,0.42763759634142445,0.0439429566067121,0.8056799096100407,0,0.34849757229669914
GCACCTTACTGGCTAC-1,GSM8500537_Cap.area4_DLBCL_V2,3534,4759,1,0.24121293553608,0.257187629921008,0.0842367239747153,0.0597001252023086,0.07563593611628548,0.5301172626500141,0.008959352713550136,0.42763759634142445,0.0439429566067121,0.8056799096100407,0,0.34849757229669914
GCACCTTCGCGGTAGA-1,GSM8500537_Cap.area4_DLBCL_V2,3993,641,1,0.152288759275659,0.0638971505324762,0.0226127584206187,0.139615842672611,0.07563593611628548,0.5301172626500141,0.008959352713550136,0.42763759634142445,0.0439429566067121,0.8056799096100407,0,0.34849757229669914
GCACGAGCAGTACCGA-1,GSM8500537_Cap.area4_DLBCL_V2,6828,2436,1,0.47876141325923,0.574434743675845,0.414831892997832,0.0556234158854246,0.07563593611628548,0.5301172626500141,0.008959352713550136,0.42763759634142445,0.0439429566067121,0.8056799096100407,0,0.34849757229669914
GCACGCAACCATACCA-1,GSM8500537_Cap.area4_DLBCL_V2,7098,4506,1,0.239426512352277,0.16361252358566,0.157541148807524,0.306989953278163,0.07563593611628548,0.5301172626500141,0.008959352713550136,0.42763759634142445,0.0439429566067121,0.8056799096100407,0,0.34849757229669914
GCACGCGTGACATCAG-1,GSM8500537_Cap.area4_DLBCL_V2,7117,487,1,0.28736983540477,0.218651060155425,0.0930161541515253,0.145005649372462,0.07563593611628548,0.5301172626500141,0.008959352713550136,0.42763759634142445,0.0439429566067121,0.8056799096100407,0,0.34849757229669914
GCACGCTTCGTTGTTC-1,GSM8500537_Cap.area4_DLBCL_V2,4493,6733,1,0.243976547469997,0.27041158975343,0.0700216813753932,0.111628546126363,0.07563593611628548,0.5301172626500141,0.008959352713550136,0.42763759634142445,0.0439429566067121,0.8056799096100407,0,0.34849757229669914
GCACGGAAGGATAGTA-1,GSM8500537_Cap.area4_DLBCL_V2,6763,2544,1,0.467386325464928,0.712015094822348,0.462607261733899,0.023131889944117,0.07563593611628548,0.5301172626500141,0.008959352713550136,0.42763759634142445,0.0439429566067121,0.8056799096100407,0,0.34849757229669914
GCACTCTTGCTACCGA-1,GSM8500537_Cap.area4_DLBCL_V2,6037,7525,1,0.113934100833664,0.130224823307429,0.0655174519803341,0.196476013069899,0.07563593611628548,0.5301172626500141,0.008959352713550136,0.42763759634142445,0.0439429566067121,0.8056799096100407,0,0.34849757229669914
GCACTGCCTCGATGCG-1,GSM8500537_Cap.area4_DLBCL_V2,7055,3527,1,0.413671481357071,0.534187214173782,0.401517696277522,0,0.07563593611628548,0.5301172626500141,0.008959352713550136,0.42763759634142445,0.0439429566067121,0.8056799096100407,0,0.34849757229669914
GCAGATACGTTGAACG-1,GSM8500537_Cap.area4_DLBCL_V2,6521,5254,1,0.0835191009863498,0.12480411909559,0.0445842367239747,0.378569029224051,0.07563593611628548,0.5301172626500141,0.008959352713550136,0.42763759634142445,0.0439429566067121,0.8056799096100407,0,0.34849757229669914
GCAGCGACAGTTCGGT-1,GSM8500537_Cap.area4_DLBCL_V2,6485,6991,1,0.102055150090085,0.121829927404138,0.0424924420557609,0.376126057348765,0.07563593611628548,0.5301172626500141,0.008959352713550136,0.42763759634142445,0.0439429566067121,0.8056799096100407,0,0.34849757229669914
GCAGCGATCTAACGAA-1,GSM8500537_Cap.area4_DLBCL_V2,4659,1632,1,0.381256298286866,0.163548562474016,0.672290591504565,0,0.07563593611628548,0.5301172626500141,0.008959352713550136,0.42763759634142445,0.0439429566067121,0.8056799096100407,0,0.34849757229669914
GCAGGCAGTGATCTAC-1,GSM8500537_Cap.area4_DLBCL_V2,7029,4830,1,0.138302745289645,0.152259426268829,0.0708767215317434,0.279323296790546,0.07563593611628548,0.5301172626500141,0.008959352713550136,0.42763759634142445,0.0439429566067121,0.8056799096100407,0,0.34849757229669914
GCAGGCCATTCCTGCC-1,GSM8500537_Cap.area4_DLBCL_V2,3909,4766,1,0.254466057959508,0.250823499312418,0.0798241060249794,0.16590832748038,0.07563593611628548,0.5301172626500141,0.008959352713550136,0.42763759634142445,0.0439429566067121,0.8056799096100407,0,0.34849757229669914
GCAGTAGATGTCCAAT-1,GSM8500537_Cap.area4_DLBCL_V2,7421,3969,1,0.416801539072281,0.481691131791871,0.404663022566953,0.114346352337619,0.07563593611628548,0.5301172626500141,0.008959352713550136,0.42763759634142445,0.0439429566067121,0.8056799096100407,0,0.34849757229669914
GCAGTTCGGCATTAGC-1,GSM8500537_Cap.area4_DLBCL_V2,1333,2542,1,0.337267535957492,0,0.823098299080832,0,0.07563593611628548,0.5301172626500141,0.008959352713550136,0.42763759634142445,0.0439429566067121,0.8056799096100407,0,0.34849757229669914
GCATACTAGCATCGAA-1,GSM8500537_Cap.area4_DLBCL_V2,4829,5545,1,0.349787766818334,0.322747769356231,0.21998961736953,0.0305371484410786,0.07563593611628548,0.5301172626500141,0.008959352713550136,0.42763759634142445,0.0439429566067121,0.8056799096100407,0,0.34849757229669914
GCCAACGAGCGGCATA-1,GSM8500537_Cap.area4_DLBCL_V2,996,3730,1,0.543164259321465,0.196296651635805,0.759825327510917,0,0.07563593611628548,0.5301172626500141,0.008959352713550136,0.42763759634142445,0.0439429566067121,0.8056799096100407,0,0.34849757229669914
GCCACGACCGTTAAGT-1,GSM8500537_Cap.area4_DLBCL_V2,6717,7865,1,0.244068158915321,0.144504141481979,0.0609826854368339,0.123889211225456,0.07563593611628548,0.5301172626500141,0.008959352713550136,0.42763759634142445,0.0439429566067121,0.8056799096100407,0,0.34849757229669914
GCCACTATAGACCATA-1,GSM8500537_Cap.area4_DLBCL_V2,4693,3045,1,0.443353589641799,0.306949374780134,0.494411701835283,0.0183222890646472,0.07563593611628548,0.5301172626500141,0.008959352713550136,0.42763759634142445,0.0439429566067121,0.8056799096100407,0,0.34849757229669914
GCCACTCCGTCACCTC-1,GSM8500537_Cap.area4_DLBCL_V2,7619,3430,1,0.0792439002045989,0.155121686014903,0.0558066387760711,0.271612666809173,0.07563593611628548,0.5301172626500141,0.008959352713550136,0.42763759634142445,0.0439429566067121,0.8056799096100407,0,0.34849757229669914
GCCAGGCTTAATGGCC-1,GSM8500537_Cap.area4_DLBCL_V2,725,4810,1,0.0434238250832137,0.0454763503789696,0.175893975020613,0,0.07563593611628548,0.5301172626500141,0.008959352713550136,0.42763759634142445,0.0439429566067121,0.8056799096100407,0,0.34849757229669914
GCCAGTAGACGATACC-1,GSM8500537_Cap.area4_DLBCL_V2,4038,4552,1,0.156380737166763,0.188349483514023,0.0989708980975357,0.125477142944392,0.07563593611628548,0.5301172626500141,0.008959352713550136,0.42763759634142445,0.0439429566067121,0.8056799096100407,0,0.34849757229669914
GCCAGTTAATTCTTGC-1,GSM8500537_Cap.area4_DLBCL_V2,2294,7449,1,0.102711698781568,0.00474911253957588,0.653006382264024,0.0300790912144624,0.07563593611628548,0.5301172626500141,0.008959352713550136,0.42763759634142445,0.0439429566067121,0.8056799096100407,0,0.34849757229669914
GCCATTCTCGTGTAGA-1,GSM8500537_Cap.area4_DLBCL_V2,3786,1614,1,0.28481998350994,0.0838370270875308,0.0449812196537087,0.0718386417076373,0.07563593611628548,0.5301172626500141,0.008959352713550136,0.42763759634142445,0.0439429566067121,0.8056799096100407,0,0.34849757229669914
GCCATTGATACTCAAG-1,GSM8500537_Cap.area4_DLBCL_V2,4742,656,1,0.210492564204355,0.115385845405993,0.044874339634165,0.0691666412190429,0.07563593611628548,0.5301172626500141,0.008959352713550136,0.42763759634142445,0.0439429566067121,0.8056799096100407,0,0.34849757229669914
GCCATTGTAATGTCTT-1,GSM8500537_Cap.area4_DLBCL_V2,6389,2536,1,0.291156441811464,0.321548498512904,0.175985586465936,0.25074052584969603,0.07563593611628548,0.5301172626500141,0.008959352713550136,0.42763759634142445,0.0439429566067121,0.8056799096100407,0,0.34849757229669914
GCCGAGTCCTCGTCCA-1,GSM8500537_Cap.area4_DLBCL_V2,3521,5410,1,0.225150395456072,0.137708273369791,0.174351849024338,0.108238922649403,0.07563593611628548,0.5301172626500141,0.008959352713550136,0.42763759634142445,0.0439429566067121,0.8056799096100407,0,0.34849757229669914
GCCGATCGAGTGAAGT-1,GSM8500537_Cap.area4_DLBCL_V2,4711,2176,1,0.39185268879592,0.303495474751351,0.20612575197728,0.106620453782026,0.07563593611628548,0.5301172626500141,0.008959352713550136,0.42763759634142445,0.0439429566067121,0.8056799096100407,0,0.34849757229669914
GCCGATCTCGTGACTC-1,GSM8500537_Cap.area4_DLBCL_V2,3915,1400,1,0.299355666167893,0.178739326489494,0.370858399242679,0.123110513940208,0.07563593611628548,0.5301172626500141,0.008959352713550136,0.42763759634142445,0.0439429566067121,0.8056799096100407,0,0.34849757229669914
GCCGCTGATTGGCCAG-1,GSM8500537_Cap.area4_DLBCL_V2,3862,4005,1,0.187192719943812,0.398045988039272,0.0613033254954652,0.11324701499374,0.07563593611628548,0.5301172626500141,0.008959352713550136,0.42763759634142445,0.0439429566067121,0.8056799096100407,0,0.34849757229669914
GCCGCTTCTAAGGTGA-1,GSM8500537_Cap.area4_DLBCL_V2,6453,2429,1,0.327480379882127,0.197000223863891,0.214370782056372,0.116743518490243,0.07563593611628548,0.5301172626500141,0.008959352713550136,0.42763759634142445,0.0439429566067121,0.8056799096100407,0,0.34849757229669914
GCCGGCAATAGGCAGG-1,GSM8500537_Cap.area4_DLBCL_V2,4230,7380,1,0.308852719333069,0.202852665579328,0.0807249519039912,0.0263688276788714,0.07563593611628548,0.5301172626500141,0.008959352713550136,0.42763759634142445,0.0439429566067121,0.8056799096100407,0,0.34849757229669914
GCCGGCGTGAACTTGC-1,GSM8500537_Cap.area4_DLBCL_V2,4903,5004,1,0.351528384279476,0.240062042278295,0.258603841573274,0.0675176352032247,0.07563593611628548,0.5301172626500141,0.008959352713550136,0.42763759634142445,0.0439429566067121,0.8056799096100407,0,0.34849757229669914
GCCGGTATGCTCATGC-1,GSM8500537_Cap.area4_DLBCL_V2,3724,4654,1,0.0821449293065014,0.150084748472928,0.054783644303295,0.0589519650655022,0.07563593611628548,0.5301172626500141,0.008959352713550136,0.42763759634142445,0.0439429566067121,0.8056799096100407,0,0.34849757229669914
GCCGTACCAGATCTAG-1,GSM8500537_Cap.area4_DLBCL_V2,6152,1880,1,0.162259138241671,0.0757619367424606,0,0.140409808532079,0.07563593611628548,0.5301172626500141,0.008959352713550136,0.42763759634142445,0.0439429566067121,0.8056799096100407,0,0.34849757229669914
GCCGTATGCCAGTCTT-1,GSM8500537_Cap.area4_DLBCL_V2,1685,3635,1,0.360826945979784,0.025504493268093,0.810486456774666,6.10742968821798e-5,0.07563593611628548,0.5301172626500141,0.008959352713550136,0.42763759634142445,0.0439429566067121,0.8056799096100407,0,0.34849757229669914
GCCTATAGCATACCTT-1,GSM8500537_Cap.area4_DLBCL_V2,6367,3622,1,0.374614468500931,0.204883430874029,0.237136226219196,0.0444315509817693,0.07563593611628548,0.5301172626500141,0.008959352713550136,0.42763759634142445,0.0439429566067121,0.8056799096100407,0,0.34849757229669914
GCCTCCTGCGGCCGTT-1,GSM8500537_Cap.area4_DLBCL_V2,3893,2485,1,0.263566128194949,0.177076337586747,0.14523467798577,0.142287843161206,0.07563593611628548,0.5301172626500141,0.008959352713550136,0.42763759634142445,0.0439429566067121,0.8056799096100407,0,0.34849757229669914
GCCTGGTACATGGTCG-1,GSM8500537_Cap.area4_DLBCL_V2,4684,3479,1,0.298439551714661,0.151060155425501,0.097932635050539,0.083549638134791,0.07563593611628548,0.5301172626500141,0.008959352713550136,0.42763759634142445,0.0439429566067121,0.8056799096100407,0,0.34849757229669914
GCCTGTGAAGTCGGCG-1,GSM8500537_Cap.area4_DLBCL_V2,5366,6751,1,0.414801355849391,0.308276567846749,0.19591107582374,0.0427672763917305,0.07563593611628548,0.5301172626500141,0.008959352713550136,0.42763759634142445,0.0439429566067121,0.8056799096100407,0,0.34849757229669914
GCCTGTGATAGATTGG-1,GSM8500537_Cap.area4_DLBCL_V2,4540,7494,1,0.269154426359667,0.272394384214398,0.151784896326381,0.0517910037560693,0.07563593611628548,0.5301172626500141,0.008959352713550136,0.42763759634142445,0.0439429566067121,0.8056799096100407,0,0.34849757229669914
GCCTTAATTGACGGAT-1,GSM8500537_Cap.area4_DLBCL_V2,4423,976,1,0.124912205698232,0.125939428827273,0.050706934986411,0.0198796836351421,0.07563593611628548,0.5301172626500141,0.008959352713550136,0.42763759634142445,0.0439429566067121,0.8056799096100407,0,0.34849757229669914
GCCTTGCCACTTCTGA-1,GSM8500537_Cap.area4_DLBCL_V2,4615,3803,1,0.33183192353498,0.226342383830631,0.137722539469264,0.06936513268391,0.07563593611628548,0.5301172626500141,0.008959352713550136,0.42763759634142445,0.0439429566067121,0.8056799096100407,0,0.34849757229669914
GCCTTGGCGAACAATC-1,GSM8500537_Cap.area4_DLBCL_V2,4116,3793,1,0.270146883684002,0.44985448847101,0.0983448865544936,0.071884447430299,0.07563593611628548,0.5301172626500141,0.008959352713550136,0.42763759634142445,0.0439429566067121,0.8056799096100407,0,0.34849757229669914
GCGAATCGAGAACACG-1,GSM8500537_Cap.area4_DLBCL_V2,3715,5088,1,0.240693804012581,0.237951325594039,0.0439429566067121,0.0854276727639173,0.07563593611628548,0.5301172626500141,0.008959352713550136,0.42763759634142445,0.0439429566067121,0.8056799096100407,0,0.34849757229669914
GCGAATTGGCTAGCCA-1,GSM8500537_Cap.area4_DLBCL_V2,2432,6800,1,0.121644730815036,0.0379449294828744,0.438208080129478,0,0.07563593611628548,0.5301172626500141,0.008959352713550136,0.42763759634142445,0.0439429566067121,0.8056799096100407,0,0.34849757229669914
GCGACACTAAGCTAAG-1,GSM8500537_Cap.area4_DLBCL_V2,3483,4215,1,0.244007084618438,0.193306469666443,0.0472409686383486,0.0464470027788805,0.07563593611628548,0.5301172626500141,0.008959352713550136,0.42763759634142445,0.0439429566067121,0.8056799096100407,0,0.34849757229669914
GCGACGTAGAGCGTTA-1,GSM8500537_Cap.area4_DLBCL_V2,4660,7714,1,0.208263352368156,0.0906808660334517,0.0343084862735518,0.0398509787156075,0.07563593611628548,0.5301172626500141,0.008959352713550136,0.42763759634142445,0.0439429566067121,0.8056799096100407,0,0.34849757229669914
GCGAGCGGACCATAAC-1,GSM8500537_Cap.area4_DLBCL_V2,4065,3249,1,0.341374782422817,0.314720649844894,0.184184810822365,0.0395303386569762,0.07563593611628548,0.5301172626500141,0.008959352713550136,0.42763759634142445,0.0439429566067121,0.8056799096100407,0,0.34849757229669914
GCGAGCGGTTGTCATG-1,GSM8500537_Cap.area4_DLBCL_V2,1431,3847,1,0.353833938986777,0.059499824106943,0.856658625217577,0,0.07563593611628548,0.5301172626500141,0.008959352713550136,0.42763759634142445,0.0439429566067121,0.8056799096100407,0,0.34849757229669914
GCGAGGTGCTACCTCG-1,GSM8500537_Cap.area4_DLBCL_V2,4367,649,1,0.230555470730143,0.0233458057501039,0.065288423367026,0.108391608391608,0.07563593611628548,0.5301172626500141,0.008959352713550136,0.42763759634142445,0.0439429566067121,0.8056799096100407,0,0.34849757229669914
GCGATGTACTGCTATT-1,GSM8500537_Cap.area4_DLBCL_V2,4734,7173,1,0.240754878309464,0.339857366721034,0.116392341283171,0.227120041530522,0.07563593611628548,0.5301172626500141,0.008959352713550136,0.42763759634142445,0.0439429566067121,0.8056799096100407,0,0.34849757229669914
GCGGCAAGTGTTATGT-1,GSM8500537_Cap.area4_DLBCL_V2,4791,4350,1,0.170763734082511,0.155905209632543,0.0597001252023086,0.0221699697682231,0.07563593611628548,0.5301172626500141,0.008959352713550136,0.42763759634142445,0.0439429566067121,0.8056799096100407,0,0.34849757229669914
GCGGTCCGCTGTCTCA-1,GSM8500537_Cap.area4_DLBCL_V2,1036,1775,1,0.225898555592879,0,0.618041347298989,0,0.07563593611628548,0.5301172626500141,0.008959352713550136,0.42763759634142445,0.0439429566067121,0.8056799096100407,0,0.34849757229669914
GCGGTCCTGTAGTCTG-1,GSM8500537_Cap.area4_DLBCL_V2,1422,4281,1,0.549683940513635,0.0573091560331318,0.69734632180047,0,0.07563593611628548,0.5301172626500141,0.008959352713550136,0.42763759634142445,0.0439429566067121,0.8056799096100407,0,0.34849757229669914
GCGGTCGGCGTACCTT-1,GSM8500537_Cap.area4_DLBCL_V2,7826,2457,1,0.0662656121171405,0.0915123604848253,0.0651052004763795,0.344504840138028,0.07563593611628548,0.5301172626500141,0.008959352713550136,0.42763759634142445,0.0439429566067121,0.8056799096100407,0,0.34849757229669914
GCGGTGGACATCAATC-1,GSM8500537_Cap.area4_DLBCL_V2,6183,360,1,0.119736159037469,0.171927468099396,0.0438208080129477,0.343023788438636,0.07563593611628548,0.5301172626500141,0.008959352713550136,0.42763759634142445,0.0439429566067121,0.8056799096100407,0,0.34849757229669914
GCGGTGGCCGACGCAT-1,GSM8500537_Cap.area4_DLBCL_V2,4602,4455,1,0.183131279201148,0.465636892769196,0.0824961065135738,0.0979479036247595,0.07563593611628548,0.5301172626500141,0.008959352713550136,0.42763759634142445,0.0439429566067121,0.8056799096100407,0,0.34849757229669914
GCGTAACGTTACAGGT-1,GSM8500537_Cap.area4_DLBCL_V2,6989,6784,1,0.119018536049104,0.12015094822348,0.157999206034141,0.252053623232663,0.07563593611628548,0.5301172626500141,0.008959352713550136,0.42763759634142445,0.0439429566067121,0.8056799096100407,0,0.34849757229669914
GCGTAATTCTTGCCTT-1,GSM8500537_Cap.area4_DLBCL_V2,4681,546,1,0.27604055333313,0.0943746202308996,0.0861911014749442,0.151158884783339,0.07563593611628548,0.5301172626500141,0.008959352713550136,0.42763759634142445,0.0439429566067121,0.8056799096100407,0,0.34849757229669914
GCGTACCGGAACGACA-1,GSM8500537_Cap.area4_DLBCL_V2,7628,2996,1,0.0912297309677222,0.118056221817135,0.0445536995755337,0.271780621125599,0.07563593611628548,0.5301172626500141,0.008959352713550136,0.42763759634142445,0.0439429566067121,0.8056799096100407,0,0.34849757229669914
GCGTCCAGCAATTGGC-1,GSM8500537_Cap.area4_DLBCL_V2,7554,3537,1,0.0918862796592054,0.0647446352617609,0.0958866461049868,0.0692582526643662,0.07563593611628548,0.5301172626500141,0.008959352713550136,0.42763759634142445,0.0439429566067121,0.8056799096100407,0,0.34849757229669914
GCGTCGGTCACGCCAG-1,GSM8500537_Cap.area4_DLBCL_V2,1672,4286,1,0.391058722936452,0.0201317598899868,0.63929520261398,0.019223134943659,0.07563593611628548,0.5301172626500141,0.008959352713550136,0.42763759634142445,0.0439429566067121,0.8056799096100407,0,0.34849757229669914
GCGTCTCGCAACTCAT-1,GSM8500537_Cap.area4_DLBCL_V2,6190,3075,1,0.36720921000397,0.193354440500176,0.136348367789416,0.233548111277369,0.07563593611628548,0.5301172626500141,0.008959352713550136,0.42763759634142445,0.0439429566067121,0.8056799096100407,0,0.34849757229669914
GCGTTAATAGTCAGTA-1,GSM8500537_Cap.area4_DLBCL_V2,5297,7075,1,0.331877729257642,0.227829479676357,0.241564112743152,0.0511497236388067,0.07563593611628548,0.5301172626500141,0.008959352713550136,0.42763759634142445,0.0439429566067121,0.8056799096100407,0,0.34849757229669914
GCGTTGTATCGGAGCT-1,GSM8500537_Cap.area4_DLBCL_V2,6447,5796,1,0.162930955507375,0.139850970609869,0.0834427581152472,0.36241487769872,0.07563593611628548,0.5301172626500141,0.008959352713550136,0.42763759634142445,0.0439429566067121,0.8056799096100407,0,0.34849757229669914
GCTACCATCCTGTAGA-1,GSM8500537_Cap.area4_DLBCL_V2,4637,2718,1,0.265413625675634,0.193674246058396,0.149128164412007,0.067807738113415,0.07563593611628548,0.5301172626500141,0.008959352713550136,0.42763759634142445,0.0439429566067121,0.8056799096100407,0,0.34849757229669914
GCTACTTCTGACGCGA-1,GSM8500537_Cap.area4_DLBCL_V2,3887,5852,1,0.184261153693468,0.104256611979916,0.0659907777811708,0.0368125324457202,0.07563593611628548,0.5301172626500141,0.008959352713550136,0.42763759634142445,0.0439429566067121,0.8056799096100407,0,0.34849757229669914
GCTCATACAATTAGAC-1,GSM8500537_Cap.area4_DLBCL_V2,4181,3686,1,0.244281918954408,0.299833701109725,0.119125416068647,0.132760252847589,0.07563593611628548,0.5301172626500141,0.008959352713550136,0.42763759634142445,0.0439429566067121,0.8056799096100407,0,0.34849757229669914
GCTCCGGCAACATGAT-1,GSM8500537_Cap.area4_DLBCL_V2,2423,7234,1,0.115109781048646,0.0553583421279862,0.600268726906281,0,0.07563593611628548,0.5301172626500141,0.008959352713550136,0.42763759634142445,0.0439429566067121,0.8056799096100407,0,0.34849757229669914
GCTCCTATGTCTTCGC-1,GSM8500537_Cap.area4_DLBCL_V2,6873,6347,1,0.135157419000214,0.187789823787137,0.0718386417076373,0.268329923351757,0.07563593611628548,0.5301172626500141,0.008959352713550136,0.42763759634142445,0.0439429566067121,0.8056799096100407,0,0.34849757229669914
GCTCGGAGATGAATGT-1,GSM8500537_Cap.area4_DLBCL_V2,4443,3040,1,0.355650899319022,0.146199110940548,0.464393684917702,0.0102604818762024,0.07563593611628548,0.5301172626500141,0.008959352713550136,0.42763759634142445,0.0439429566067121,0.8056799096100407,0,0.34849757229669914
GCTGAGGACAAGAAGT-1,GSM8500537_Cap.area4_DLBCL_V2,4747,6521,1,0.380645555318044,0.359221593271291,0.143448254801967,0.0222921183619874,0.07563593611628548,0.5301172626500141,0.008959352713550136,0.42763759634142445,0.0439429566067121,0.8056799096100407,0,0.34849757229669914
GCTGAGTGTTCAACCG-1,GSM8500537_Cap.area4_DLBCL_V2,7020,5264,1,0.145387363727975,0.167082413892353,0.0677466638165328,0.269566677863621,0.07563593611628548,0.5301172626500141,0.008959352713550136,0.42763759634142445,0.0439429566067121,0.8056799096100407,0,0.34849757229669914
GCTGCGTTATGTGGAC-1,GSM8500537_Cap.area4_DLBCL_V2,6429,6664,1,0.156655571502733,0.158943362435639,0.0949705316517544,0.285354383607659,0.07563593611628548,0.5301172626500141,0.008959352713550136,0.42763759634142445,0.0439429566067121,0.8056799096100407,0,0.34849757229669914
GCTGTTCAACCGAATA-1,GSM8500537_Cap.area4_DLBCL_V2,7053,6677,1,0.310532262497328,0.1775880264799,0.260863590557914,0.165999938925703,0.07563593611628548,0.5301172626500141,0.008959352713550136,0.42763759634142445,0.0439429566067121,0.8056799096100407,0,0.34849757229669914
GCTTAATAGAGGCGAG-1,GSM8500537_Cap.area4_DLBCL_V2,7873,3218,1,0.0256664732647265,0.132239598324219,0.0446453110208569,0.368079518734541,0.07563593611628548,0.5301172626500141,0.008959352713550136,0.42763759634142445,0.0439429566067121,0.8056799096100407,0,0.34849757229669914
GCTTACAGATGTGCAC-1,GSM8500537_Cap.area4_DLBCL_V2,1032,1992,1,0.580450117568021,0,0.726860475768773,0.0133600024429719,0.07563593611628548,0.5301172626500141,0.008959352713550136,0.42763759634142445,0.0439429566067121,0.8056799096100407,0,0.34849757229669914
GCTTACCTCGTGCTAT-1,GSM8500537_Cap.area4_DLBCL_V2,2543,7454,1,0.135187956148655,0,0.65315906800623,0,0.07563593611628548,0.5301172626500141,0.008959352713550136,0.42763759634142445,0.0439429566067121,0.8056799096100407,0,0.34849757229669914
GCTTACGCAATACTAG-1,GSM8500537_Cap.area4_DLBCL_V2,6738,697,1,0.226127584206187,0.147142537337299,0.0440803737746969,0.182093016154152,0.07563593611628548,0.5301172626500141,0.008959352713550136,0.42763759634142445,0.0439429566067121,0.8056799096100407,0,0.34849757229669914
GCTTCGCTCAAGCGAT-1,GSM8500537_Cap.area4_DLBCL_V2,6438,6230,1,0.0915656396005741,0.145735392881128,0.0428436192628332,0.290973218920817,0.07563593611628548,0.5301172626500141,0.008959352713550136,0.42763759634142445,0.0439429566067121,0.8056799096100407,0,0.34849757229669914
GCTTCGGCATCAGAGT-1,GSM8500537_Cap.area4_DLBCL_V2,4132,6074,1,0.282056371576022,0.275864274521091,0.165755641738174,0.106696796653128,0.07563593611628548,0.5301172626500141,0.008959352713550136,0.42763759634142445,0.0439429566067121,0.8056799096100407,0,0.34849757229669914
GCTTCTAAGTCTGACG-1,GSM8500537_Cap.area4_DLBCL_V2,1745,3745,1,0.155067639783797,0,0.741090786942315,0,0.07563593611628548,0.5301172626500141,0.008959352713550136,0.42763759634142445,0.0439429566067121,0.8056799096100407,0,0.34849757229669914
GCTTCTGTTACGAGAA-1,GSM8500537_Cap.area4_DLBCL_V2,4691,6194,1,0.372660091000702,0.305142473376187,0.153632393807066,0.0346596634806242,0.07563593611628548,0.5301172626500141,0.008959352713550136,0.42763759634142445,0.0439429566067121,0.8056799096100407,0,0.34849757229669914
GCTTCTTGGACGAGCG-1,GSM8500537_Cap.area4_DLBCL_V2,3759,2917,1,0.383134332915992,0.121638044069206,0.190887714905182,0.054386661373561,0.07563593611628548,0.5301172626500141,0.008959352713550136,0.42763759634142445,0.0439429566067121,0.8056799096100407,0,0.34849757229669914
GCTTGCCATAGTGGAT-1,GSM8500537_Cap.area4_DLBCL_V2,3708,2373,1,0.3652242953553,0.110540791198951,0.146822609704706,0.095611811769017,0.07563593611628548,0.5301172626500141,0.008959352713550136,0.42763759634142445,0.0439429566067121,0.8056799096100407,0,0.34849757229669914
GCTTGCTTACTTAACG-1,GSM8500537_Cap.area4_DLBCL_V2,4818,3047,1,0.356643356643357,0.175637212574755,0.512764528048371,0.0849543469630806,0.07563593611628548,0.5301172626500141,0.008959352713550136,0.42763759634142445,0.0439429566067121,0.8056799096100407,0,0.34849757229669914
GCTTGGATCCAACCGG-1,GSM8500537_Cap.area4_DLBCL_V2,1633,3091,1,0.399578587351513,0,0.710859009985648,0,0.07563593611628548,0.5301172626500141,0.008959352713550136,0.42763759634142445,0.0439429566067121,0.8056799096100407,0,0.34849757229669914
GCTTGGATGCTCGCTT-1,GSM8500537_Cap.area4_DLBCL_V2,3775,5198,1,0.279872965462485,0.317167162365282,0.0828014779979845,0.127233028979754,0.07563593611628548,0.5301172626500141,0.008959352713550136,0.42763759634142445,0.0439429566067121,0.8056799096100407,0,0.34849757229669914
GGAACGATAACATTAT-1,GSM8500537_Cap.area4_DLBCL_V2,7891,2350,1,0.0749686994228479,0.0989478397134542,0.0446911167435184,0.367468775765719,0.07563593611628548,0.5301172626500141,0.008959352713550136,0.42763759634142445,0.0439429566067121,0.8056799096100407,0,0.34849757229669914
GGAAGAATAACTAACC-1,GSM8500537_Cap.area4_DLBCL_V2,3657,1829,1,0.296622591382417,0.0915283507627362,0.0893364277643753,0.0443552081106666,0.07563593611628548,0.5301172626500141,0.008959352713550136,0.42763759634142445,0.0439429566067121,0.8056799096100407,0,0.34849757229669914
GGAAGCAGTCATTCAG-1,GSM8500537_Cap.area4_DLBCL_V2,7105,7221,1,0.114896021009558,0.138187981707122,0.0205209637524048,0.256664732647265,0.07563593611628548,0.5301172626500141,0.008959352713550136,0.42763759634142445,0.0439429566067121,0.8056799096100407,0,0.34849757229669914
GGAAGTCTTGTCGCAT-1,GSM8500537_Cap.area4_DLBCL_V2,4863,6958,1,0.364781506702904,0.306501646998625,0.264497511222402,0.0352551378752252,0.07563593611628548,0.5301172626500141,0.008959352713550136,0.42763759634142445,0.0439429566067121,0.8056799096100407,0,0.34849757229669914
GGAATCCTTAGACTGT-1,GSM8500537_Cap.area4_DLBCL_V2,4408,4777,1,0.273612850032064,0.26436726470306,0.0769078083488564,0.0373011268207775,0.07563593611628548,0.5301172626500141,0.008959352713550136,0.42763759634142445,0.0439429566067121,0.8056799096100407,0,0.34849757229669914
GGACAGTGCGGCAACA-1,GSM8500537_Cap.area4_DLBCL_V2,4448,2822,1,0.391012917213791,0.161885573571269,0.15770910312395,0.0647387546950866,0.07563593611628548,0.5301172626500141,0.008959352713550136,0.42763759634142445,0.0439429566067121,0.8056799096100407,0,0.34849757229669914
GGACCAGATAGGATGT-1,GSM8500537_Cap.area4_DLBCL_V2,6588,8079,1,0.124835862827129,0.104592407816048,0.0515314379943201,0.200216813753932,0.07563593611628548,0.5301172626500141,0.008959352713550136,0.42763759634142445,0.0439429566067121,0.8056799096100407,0,0.34849757229669914
GGACCATCACCGCCAA-1,GSM8500537_Cap.area4_DLBCL_V2,6324,2643,1,0.316563349314441,0.161789631903802,0.184566525177879,0.129828686597246,0.07563593611628548,0.5301172626500141,0.008959352713550136,0.42763759634142445,0.0439429566067121,0.8056799096100407,0,0.34849757229669914
GGACCGCTTCCTGGCA-1,GSM8500537_Cap.area4_DLBCL_V2,4528,4996,1,0.381882309829908,0.319229908215805,0.109521482883928,0.030323388401991,0.07563593611628548,0.5301172626500141,0.008959352713550136,0.42763759634142445,0.0439429566067121,0.8056799096100407,0,0.34849757229669914
GGACGGCTATCGACCA-1,GSM8500537_Cap.area4_DLBCL_V2,4044,1185,1,0.280193605521116,0.0992516549937638,0.622377622377622,0.0896265306745656,0.07563593611628548,0.5301172626500141,0.008959352713550136,0.42763759634142445,0.0439429566067121,0.8056799096100407,0,0.34849757229669914
GGACGTACATACCAGA-1,GSM8500537_Cap.area4_DLBCL_V2,5362,6968,1,0.347222646349284,0.232642553327577,0.248221211103307,0.0177115460958256,0.07563593611628548,0.5301172626500141,0.008959352713550136,0.42763759634142445,0.0439429566067121,0.8056799096100407,0,0.34849757229669914
GGACGTACTTCGGACA-1,GSM8500537_Cap.area4_DLBCL_V2,6975,7436,1,0.0413320304149999,0.175925037577153,0.0601123767062631,0.219485754420252,0.07563593611628548,0.5301172626500141,0.008959352713550136,0.42763759634142445,0.0439429566067121,0.8056799096100407,0,0.34849757229669914
GGACGTAGTGTAGAAG-1,GSM8500537_Cap.area4_DLBCL_V2,4904,1854,1,0.333496198125019,0.118647862099843,0.462591993159679,0.0226585641432803,0.07563593611628548,0.5301172626500141,0.008959352713550136,0.42763759634142445,0.0439429566067121,0.8056799096100407,0,0.34849757229669914
GGACGTCGAACGGCTT-1,GSM8500537_Cap.area4_DLBCL_V2,6327,5576,1,0.304592787125538,0.0992516549937638,0.0997343268085626,0.204659968852109,0.07563593611628548,0.5301172626500141,0.008959352713550136,0.42763759634142445,0.0439429566067121,0.8056799096100407,0,0.34849757229669914
GGAGAAGCCAAGCGCT-1,GSM8500537_Cap.area4_DLBCL_V2,6585,5147,1,0.206629614926558,0.180738111228373,0.0910617766512963,0.295737014077625,0.07563593611628548,0.5301172626500141,0.008959352713550136,0.42763759634142445,0.0439429566067121,0.8056799096100407,0,0.34849757229669914
GGAGACATGACCTAGG-1,GSM8500537_Cap.area4_DLBCL_V2,4058,534,1,0.134134424527438,0.0814544756787873,0,0.0999938925703118,0.07563593611628548,0.5301172626500141,0.008959352713550136,0.42763759634142445,0.0439429566067121,0.8056799096100407,0,0.34849757229669914
GGAGCGAATTGGACGG-1,GSM8500537_Cap.area4_DLBCL_V2,6130,2965,1,0.319907167068739,0.341920112571557,0.0854276727639173,0.127660549057929,0.07563593611628548,0.5301172626500141,0.008959352713550136,0.42763759634142445,0.0439429566067121,0.8056799096100407,0,0.34849757229669914
GGAGTCTAAGGCCGCT-1,GSM8500537_Cap.area4_DLBCL_V2,3902,2051,1,0.350551195529361,0.148581662349292,0.221852383424436,0.0421718019971296,0.07563593611628548,0.5301172626500141,0.008959352713550136,0.42763759634142445,0.0439429566067121,0.8056799096100407,0,0.34849757229669914
GGAGTCTAAGTGGTCC-1,GSM8500537_Cap.area4_DLBCL_V2,1487,4174,1,0.559577976608544,0.0693498353001375,0.793813173725837,0,0.07563593611628548,0.5301172626500141,0.008959352713550136,0.42763759634142445,0.0439429566067121,0.8056799096100407,0,0.34849757229669914
GGAGTGTCCATGTATT-1,GSM8500537_Cap.area4_DLBCL_V2,3648,2263,1,0.330442483280911,0.146087178995171,0.232891562585886,0,0.07563593611628548,0.5301172626500141,0.008959352713550136,0.42763759634142445,0.0439429566067121,0.8056799096100407,0,0.34849757229669914
GGATAAGTCAGGATAG-1,GSM8500537_Cap.area4_DLBCL_V2,6817,6020,1,0.129981372339451,0.104240621702005,0.0824197636424711,0.301493266558769,0.07563593611628548,0.5301172626500141,0.008959352713550136,0.42763759634142445,0.0439429566067121,0.8056799096100407,0,0.34849757229669914
GGATAATTCAATGCTG-1,GSM8500537_Cap.area4_DLBCL_V2,4203,2600,1,0.352108590099857,0.151220058204612,0.224860292545882,0.149693101658167,0.07563593611628548,0.5301172626500141,0.008959352713550136,0.42763759634142445,0.0439429566067121,0.8056799096100407,0,0.34849757229669914
GGATCGCTGGCATATT-1,GSM8500537_Cap.area4_DLBCL_V2,4943,3050,1,0.239930375301554,0.202916626690972,0.201117659632943,0.0238189757840412,0.07563593611628548,0.5301172626500141,0.008959352713550136,0.42763759634142445,0.0439429566067121,0.8056799096100407,0,0.34849757229669914
GGATCTTCTAAGCGAA-1,GSM8500537_Cap.area4_DLBCL_V2,1738,1029,1,0.320472104314899,0.0398637628321981,0.647265398357101,0.0126881851772681,0.07563593611628548,0.5301172626500141,0.008959352713550136,0.42763759634142445,0.0439429566067121,0.8056799096100407,0,0.34849757229669914
GGATGTAACTAATCCG-1,GSM8500537_Cap.area4_DLBCL_V2,7937,3111,1,0.0646624118239839,0.112795420384406,0.0690444926252787,0.323434207713684,0.07563593611628548,0.5301172626500141,0.008959352713550136,0.42763759634142445,0.0439429566067121,0.8056799096100407,0,0.34849757229669914
GGATTCCGACGTGATG-1,GSM8500537_Cap.area4_DLBCL_V2,6688,6235,1,0.064326503191132,0.096741181361732,0.0633035087183559,0.306806730387516,0.07563593611628548,0.5301172626500141,0.008959352713550136,0.42763759634142445,0.0439429566067121,0.8056799096100407,0,0.34849757229669914
GGCAAGACAATCAGCT-1,GSM8500537_Cap.area4_DLBCL_V2,3929,6830,1,0.223043332213638,0.214637500399757,0.0442788652395639,0.138241670992763,0.07563593611628548,0.5301172626500141,0.008959352713550136,0.42763759634142445,0.0439429566067121,0.8056799096100407,0,0.34849757229669914
GGCACGACGGACGTCG-1,GSM8500537_Cap.area4_DLBCL_V2,3717,1939,1,0.331083763398174,0.096133550801113,0.107154853879745,0.079472928817907,0.07563593611628548,0.5301172626500141,0.008959352713550136,0.42763759634142445,0.0439429566067121,0.8056799096100407,0,0.34849757229669914
GGCAGCGTATACGACT-1,GSM8500537_Cap.area4_DLBCL_V2,3461,5300,1,0.199941979417962,0.129857046915475,0.0527681925061838,0.105918099367881,0.07563593611628548,0.5301172626500141,0.008959352713550136,0.42763759634142445,0.0439429566067121,0.8056799096100407,0,0.34849757229669914
GGCAGCTCCTGGACGG-1,GSM8500537_Cap.area4_DLBCL_V2,2677,7022,1,0.126698628882035,0.0479708337330903,0.412159892509237,0.00763428711026959,0.07563593611628548,0.5301172626500141,0.008959352713550136,0.42763759634142445,0.0439429566067121,0.8056799096100407,0,0.34849757229669914
GGCAGGAAGTCTTCTA-1,GSM8500537_Cap.area4_DLBCL_V2,1513,2871,1,0.50367972638715,0,0.809845176657404,0,0.07563593611628548,0.5301172626500141,0.008959352713550136,0.42763759634142445,0.0439429566067121,0.8056799096100407,0,0.34849757229669914
GGCATAATCCTATCGC-1,GSM8500537_Cap.area4_DLBCL_V2,4319,3037,1,0.361223928909518,0.198679203044549,0.405762359910832,0.0123980822670779,0.07563593611628548,0.5301172626500141,0.008959352713550136,0.42763759634142445,0.0439429566067121,0.8056799096100407,0,0.34849757229669914
GGCATAATCCTTCATG-1,GSM8500537_Cap.area4_DLBCL_V2,7049,6894,1,0.103230830305066,0.137756244203524,0.0462943170366751,0.241304546981403,0.07563593611628548,0.5301172626500141,0.008959352713550136,0.42763759634142445,0.0439429566067121,0.8056799096100407,0,0.34849757229669914
GGCATCGAACCTCATA-1,GSM8500537_Cap.area4_DLBCL_V2,6433,365,1,0.131981555562342,0.181057916786594,0.0853818670412557,0.315036491892387,0.07563593611628548,0.5301172626500141,0.008959352713550136,0.42763759634142445,0.0439429566067121,0.8056799096100407,0,0.34849757229669914
GGCATTCCGATGCTCG-1,GSM8500537_Cap.area4_DLBCL_V2,6757,5911,1,0.141524414450179,0.136397070581087,0.0927413198155557,0.251336000244297,0.07563593611628548,0.5301172626500141,0.008959352713550136,0.42763759634142445,0.0439429566067121,0.8056799096100407,0,0.34849757229669914
GGCATTGCTAAGAATG-1,GSM8500537_Cap.area4_DLBCL_V2,4662,4564,1,0.252191040400647,0.373452940612108,0.0768772712004153,0.0318960515467066,0.07563593611628548,0.5301172626500141,0.008959352713550136,0.42763759634142445,0.0439429566067121,0.8056799096100407,0,0.34849757229669914
GGCCAGTAGGTATGAG-1,GSM8500537_Cap.area4_DLBCL_V2,6144,2314,1,0.244190307509085,0.166698647222489,0.206889180688307,0.232067059577977,0.07563593611628548,0.5301172626500141,0.008959352713550136,0.42763759634142445,0.0439429566067121,0.8056799096100407,0,0.34849757229669914
GGCCGCCAACTATTGC-1,GSM8500537_Cap.area4_DLBCL_V2,4480,7385,1,0.285644486517849,0.2982026927628,0.10559745930925,0.0703881271566861,0.07563593611628548,0.5301172626500141,0.008959352713550136,0.42763759634142445,0.0439429566067121,0.8056799096100407,0,0.34849757229669914
GGCCGTCCAGTAGGAC-1,GSM8500537_Cap.area4_DLBCL_V2,4359,7165,1,0.295263688276789,0.261760849403563,0.093061959874187,0.0029926405472257,0.07563593611628548,0.5301172626500141,0.008959352713550136,0.42763759634142445,0.0439429566067121,0.8056799096100407,0,0.34849757229669914
GGCCTGCGTTATGCCG-1,GSM8500537_Cap.area4_DLBCL_V2,4941,6199,1,0.334519192597795,0.231203428315584,0.244266650380187,0.0288270681283782,0.07563593611628548,0.5301172626500141,0.008959352713550136,0.42763759634142445,0.0439429566067121,0.8056799096100407,0,0.34849757229669914
GGCGAGGCAGCCTACT-1,GSM8500537_Cap.area4_DLBCL_V2,1302,4062,1,0.451171099642715,0.120023026000192,0.811830091306074,0,0.07563593611628548,0.5301172626500141,0.008959352713550136,0.42763759634142445,0.0439429566067121,0.8056799096100407,0,0.34849757229669914
GGCGATCGGTCTGCTC-1,GSM8500537_Cap.area4_DLBCL_V2,7933,3328,1,0.109261917122179,0.118200134318334,0.0447674596146211,0.350169481173848,0.07563593611628548,0.5301172626500141,0.008959352713550136,0.42763759634142445,0.0439429566067121,0.8056799096100407,0,0.34849757229669914
GGCGCCAAGGAGCGCT-1,GSM8500537_Cap.area4_DLBCL_V2,7180,3530,1,0.497786056738022,0.365601714157792,0.446850093138303,0,0.07563593611628548,0.5301172626500141,0.008959352713550136,0.42763759634142445,0.0439429566067121,0.8056799096100407,0,0.34849757229669914
GGCGGAAGTCTTGTAG-1,GSM8500537_Cap.area4_DLBCL_V2,4606,4238,1,0.158106086053684,0.39739038664492,0.0648761718630714,0.0405533331297523,0.07563593611628548,0.5301172626500141,0.008959352713550136,0.42763759634142445,0.0439429566067121,0.8056799096100407,0,0.34849757229669914
GGCGGAGCACTGATAA-1,GSM8500537_Cap.area4_DLBCL_V2,4056,3683,1,0.288163801264238,0.276999584252774,0.0806486090328885,0.153052187986686,0.07563593611628548,0.5301172626500141,0.008959352713550136,0.42763759634142445,0.0439429566067121,0.8056799096100407,0,0.34849757229669914
GGCGGAGTTGAACTAT-1,GSM8500537_Cap.area4_DLBCL_V2,6195,2858,1,0.309524536598772,0.24417154370143,0.158228234647449,0.136821693590253,0.07563593611628548,0.5301172626500141,0.008959352713550136,0.42763759634142445,0.0439429566067121,0.8056799096100407,0,0.34849757229669914
GGCGGATATTGATTGA-1,GSM8500537_Cap.area4_DLBCL_V2,7175,3747,1,0.523620484319174,0.453468291278902,0.5045347665435,0.0322624973279995,0.07563593611628548,0.5301172626500141,0.008959352713550136,0.42763759634142445,0.0439429566067121,0.8056799096100407,0,0.34849757229669914
GGCGTCGGTAGTGATA-1,GSM8500537_Cap.area4_DLBCL_V2,4489,6950,1,0.179970684337497,0.254901020179731,0.0621736342260359,0.142272574586985,0.07563593611628548,0.5301172626500141,0.008959352713550136,0.42763759634142445,0.0439429566067121,0.8056799096100407,0,0.34849757229669914
GGCGTGTAATTACTTA-1,GSM8500537_Cap.area4_DLBCL_V2,4542,4345,1,0.243533758817602,0.380792478173271,0.140012825602345,0.0358048065471647,0.07563593611628548,0.5301172626500141,0.008959352713550136,0.42763759634142445,0.0439429566067121,0.8056799096100407,0,0.34849757229669914
GGCTAATGTCTAGCGT-1,GSM8500537_Cap.area4_DLBCL_V2,1535,1786,1,0.329969157480074,0.00193482362723463,0.859208477112407,0,0.07563593611628548,0.5301172626500141,0.008959352713550136,0.42763759634142445,0.0439429566067121,0.8056799096100407,0,0.34849757229669914
GGCTCAATCAACATGA-1,GSM8500537_Cap.area4_DLBCL_V2,3702,5740,1,0.293065013589031,0.180082509834021,0.197560081839558,0.0436833908449629,0.07563593611628548,0.5301172626500141,0.008959352713550136,0.42763759634142445,0.0439429566067121,0.8056799096100407,0,0.34849757229669914
GGCTGTTCAATGTCAA-1,GSM8500537_Cap.area4_DLBCL_V2,7149,5050,1,0.125324457202186,0.0774089353672966,0.0445231624270925,0.396769169694934,0.07563593611628548,0.5301172626500141,0.008959352713550136,0.42763759634142445,0.0439429566067121,0.8056799096100407,0,0.34849757229669914
GGTAAGGCGACGATGA-1,GSM8500537_Cap.area4_DLBCL_V2,4158,4771,1,0.267673374660274,0.246650036777639,0.104085870461416,0.132989281460897,0.07563593611628548,0.5301172626500141,0.008959352713550136,0.42763759634142445,0.0439429566067121,0.8056799096100407,0,0.34849757229669914
GGTACCACCTATACCT-1,GSM8500537_Cap.area4_DLBCL_V2,7757,2781,1,0.0922527254404983,0.14933320541111,0.0473783858063334,0.276681833450392,0.07563593611628548,0.5301172626500141,0.008959352713550136,0.42763759634142445,0.0439429566067121,0.8056799096100407,0,0.34849757229669914
GGTACGGAGCATCAGC-1,GSM8500537_Cap.area4_DLBCL_V2,4831,2396,1,0.373942651235228,0.175301416738623,0.189956331877729,0.113353895013284,0.07563593611628548,0.5301172626500141,0.008959352713550136,0.42763759634142445,0.0439429566067121,0.8056799096100407,0,0.34849757229669914
GGTACGGTATGCTCCA-1,GSM8500537_Cap.area4_DLBCL_V2,4058,6616,1,0.305279872965462,0.257363522978029,0.0673649494610193,0.104772956301341,0.07563593611628548,0.5301172626500141,0.008959352713550136,0.42763759634142445,0.0439429566067121,0.8056799096100407,0,0.34849757229669914
GGTACGTGCTCGGCAA-1,GSM8500537_Cap.area4_DLBCL_V2,7559,3320,1,0.0575777933856536,0.149109341520356,0.0444315509817693,0.284453537728647,0.07563593611628548,0.5301172626500141,0.008959352713550136,0.42763759634142445,0.0439429566067121,0.8056799096100407,0,0.34849757229669914
GGTACTGTGATCTTCC-1,GSM8500537_Cap.area4_DLBCL_V2,4174,7053,1,0.219516291568693,0.320541111004509,0.0447674596146211,0.0674107551836809,0.07563593611628548,0.5301172626500141,0.008959352713550136,0.42763759634142445,0.0439429566067121,0.8056799096100407,0,0.34849757229669914
GGTAGCCATCAATCCG-1,GSM8500537_Cap.area4_DLBCL_V2,3695,3024,1,0.359071059944422,0.208737087850587,0.159342840565548,0.0353314807463279,0.07563593611628548,0.5301172626500141,0.008959352713550136,0.42763759634142445,0.0439429566067121,0.8056799096100407,0,0.34849757229669914
GGTAGGTTGTTACGGC-1,GSM8500537_Cap.area4_DLBCL_V2,8183,3333,1,0.153357559471097,0.118088202372957,0.146440895349192,0.218920817174092,0.07563593611628548,0.5301172626500141,0.008959352713550136,0.42763759634142445,0.0439429566067121,0.8056799096100407,0,0.34849757229669914
GGTAGGTTGTTCTAAG-1,GSM8500537_Cap.area4_DLBCL_V2,2741,6915,1,0.331923534980304,0.0351466308484442,0.585397135615476,0.059058845085046,0.07563593611628548,0.5301172626500141,0.008959352713550136,0.42763759634142445,0.0439429566067121,0.8056799096100407,0,0.34849757229669914
GGTAGTGCATGAAGTG-1,GSM8500537_Cap.area4_DLBCL_V2,6609,911,1,0.252725440498366,0.13614122613451,0.0852139127248298,0.246801233700797,0.07563593611628548,0.5301172626500141,0.008959352713550136,0.42763759634142445,0.0439429566067121,0.8056799096100407,0,0.34849757229669914
GGTATGCAACAGTGGC-1,GSM8500537_Cap.area4_DLBCL_V2,4997,6526,1,0.274269398723547,0.165835172215293,0.290026567319144,0.0842672611231563,0.07563593611628548,0.5301172626500141,0.008959352713550136,0.42763759634142445,0.0439429566067121,0.8056799096100407,0,0.34849757229669914
GGTATGGTTGTCCTCG-1,GSM8500537_Cap.area4_DLBCL_V2,8067,2896,1,0.0642043545973677,0.117320669033228,0.0434085565089932,0.399456438757749,0.07563593611628548,0.5301172626500141,0.008959352713550136,0.42763759634142445,0.0439429566067121,0.8056799096100407,0,0.34849757229669914
GGTCACCGCATAACAA-1,GSM8500537_Cap.area4_DLBCL_V2,6246,3402,1,0.409762726356613,0.4276599827305,0.242266467157297,0.100833664152441,0.07563593611628548,0.5301172626500141,0.008959352713550136,0.42763759634142445,0.0439429566067121,0.8056799096100407,0,0.34849757229669914
GGTCATGCTCTGCCAA-1,GSM8500537_Cap.area4_DLBCL_V2,3855,1290,1,0.217210736861392,0.240653682561003,0.30237884386356,0.101032155617308,0.07563593611628548,0.5301172626500141,0.008959352713550136,0.42763759634142445,0.0439429566067121,0.8056799096100407,0,0.34849757229669914
GGTCTGGTTGTAGAAC-1,GSM8500537_Cap.area4_DLBCL_V2,1112,4166,1,0.627645280483708,0.354440500175893,0.776941399212142,0,0.07563593611628548,0.5301172626500141,0.008959352713550136,0.42763759634142445,0.0439429566067121,0.8056799096100407,0,0.34849757229669914
GGTCTTCCGGCTGGAC-1,GSM8500537_Cap.area4_DLBCL_V2,6875,3198,1,0.432650319113201,0.436806421695609,0.606635722356246,0,0.07563593611628548,0.5301172626500141,0.008959352713550136,0.42763759634142445,0.0439429566067121,0.8056799096100407,0,0.34849757229669914
GGTCTTGAACCGGCCA-1,GSM8500537_Cap.area4_DLBCL_V2,4473,4669,1,0.311188811188811,0.435958936966324,0.0594252908663389,0.0783583228998076,0.07563593611628548,0.5301172626500141,0.008959352713550136,0.42763759634142445,0.0439429566067121,0.8056799096100407,0,0.34849757229669914
GGTGCAATCAGACTTC-1,GSM8500537_Cap.area4_DLBCL_V2,1293,4496,1,0.643799432009039,0.180018548722377,0.7870950010688,0,0.07563593611628548,0.5301172626500141,0.008959352713550136,0.42763759634142445,0.0439429566067121,0.8056799096100407,0,0.34849757229669914
GGTGCACTCCGGTTCG-1,GSM8500537_Cap.area4_DLBCL_V2,6522,2104,1,0.250816868720799,0.187342096005629,0.381149418267322,0.0930314227257458,0.07563593611628548,0.5301172626500141,0.008959352713550136,0.42763759634142445,0.0439429566067121,0.8056799096100407,0,0.34849757229669914
GGTGCAGTTCCATATG-1,GSM8500537_Cap.area4_DLBCL_V2,6619,6559,1,0.12485113140135,0.0968211327512872,0.0550432100650441,0.307799187711851,0.07563593611628548,0.5301172626500141,0.008959352713550136,0.42763759634142445,0.0439429566067121,0.8056799096100407,0,0.34849757229669914
GGTGCATCCAGAACGG-1,GSM8500537_Cap.area4_DLBCL_V2,6424,799,1,0.304180535621584,0.240429818670248,0.145738540935047,0.266940483097688,0.07563593611628548,0.5301172626500141,0.008959352713550136,0.42763759634142445,0.0439429566067121,0.8056799096100407,0,0.34849757229669914
GGTTACAGCCGGCCGG-1,GSM8500537_Cap.area4_DLBCL_V2,4720,1742,1,0.405014199774025,0.098308228597013,0.68516199957248,0,0.07563593611628548,0.5301172626500141,0.008959352713550136,0.42763759634142445,0.0439429566067121,0.8056799096100407,0,0.34849757229669914
GGTTACCAGACAACAT-1,GSM8500537_Cap.area4_DLBCL_V2,2303,7014,1,0.0633035087183559,0.0331478461095653,0.344474302989587,0.0316517543591779,0.07563593611628548,0.5301172626500141,0.008959352713550136,0.42763759634142445,0.0439429566067121,0.8056799096100407,0,0.34849757229669914
GGTTAGACTCACTAGC-1,GSM8500537_Cap.area4_DLBCL_V2,6202,5573,1,0.15883897761627,0.0586843199334804,0.0508290835801752,0.13137081259352,0.07563593611628548,0.5301172626500141,0.008959352713550136,0.42763759634142445,0.0439429566067121,0.8056799096100407,0,0.34849757229669914
GGTTAGATGAGTCTAA-1,GSM8500537_Cap.area4_DLBCL_V2,4548,978,1,0.15344917091642,0.0371294253094119,0.0531804440101383,0.117995541576328,0.07563593611628548,0.5301172626500141,0.008959352713550136,0.42763759634142445,0.0439429566067121,0.8056799096100407,0,0.34849757229669914
GGTTAGCTTCATGAGT-1,GSM8500537_Cap.area4_DLBCL_V2,7122,6352,1,0.176993312364491,0.111180402315392,0.117751244388799,0.156747182948056,0.07563593611628548,0.5301172626500141,0.008959352713550136,0.42763759634142445,0.0439429566067121,0.8056799096100407,0,0.34849757229669914
GGTTAGTGCTCCTACT-1,GSM8500537_Cap.area4_DLBCL_V2,1488,1024,1,0.409258863407335,0.0821260673510505,0.704659968852109,0,0.07563593611628548,0.5301172626500141,0.008959352713550136,0.42763759634142445,0.0439429566067121,0.8056799096100407,0,0.34849757229669914
GGTTCAAGGTTAAGCC-1,GSM8500537_Cap.area4_DLBCL_V2,4104,1295,1,0.161465172382203,0.0791518756595989,0.469875103062876,0.0564479188933338,0.07563593611628548,0.5301172626500141,0.008959352713550136,0.42763759634142445,0.0439429566067121,0.8056799096100407,0,0.34849757229669914
GGTTCTATACCGCTTG-1,GSM8500537_Cap.area4_DLBCL_V2,6449,2646,1,0.380905121079794,0.340097220889699,0.228982807585428,0.0572724219012428,0.07563593611628548,0.5301172626500141,0.008959352713550136,0.42763759634142445,0.0439429566067121,0.8056799096100407,0,0.34849757229669914
GGTTCTCCTATCAGTT-1,GSM8500537_Cap.area4_DLBCL_V2,7102,4288,1,0.291980944819373,0.180450286225975,0.148410541423642,0.268650563410389,0.07563593611628548,0.5301172626500141,0.008959352713550136,0.42763759634142445,0.0439429566067121,0.8056799096100407,0,0.34849757229669914
GGTTCTGGAGTCTACC-1,GSM8500537_Cap.area4_DLBCL_V2,4452,2605,1,0.27830030231777,0.138379865042054,0.14013497419611,0.147295935505543,0.07563593611628548,0.5301172626500141,0.008959352713550136,0.42763759634142445,0.0439429566067121,0.8056799096100407,0,0.34849757229669914
GGTTGCGATTGAACAG-1,GSM8500537_Cap.area4_DLBCL_V2,4040,1402,1,0.360826945979784,0.0513607726502286,0.610391791614499,0.0205056951781842,0.07563593611628548,0.5301172626500141,0.008959352713550136,0.42763759634142445,0.0439429566067121,0.8056799096100407,0,0.34849757229669914
GGTTGCTACCGGAACA-1,GSM8500537_Cap.area4_DLBCL_V2,8136,2572,1,0.0722508932115919,0.194409798842304,0.0447521910404006,0.366690078480472,0.07563593611628548,0.5301172626500141,0.008959352713550136,0.42763759634142445,0.0439429566067121,0.8056799096100407,0,0.34849757229669914
GTAACCACCTACAACC-1,GSM8500537_Cap.area4_DLBCL_V2,4608,1088,1,0.158289308944331,0.145431577600819,0.0429199621339359,0.0639600574098391,0.07563593611628548,0.5301172626500141,0.008959352713550136,0.42763759634142445,0.0439429566067121,0.8056799096100407,0,0.34849757229669914
GTAACCTAGCGTCACG-1,GSM8500537_Cap.area4_DLBCL_V2,4225,1515,1,0.150471798943415,0.171655633374908,0.509359635997191,0.0363392066448835,0.07563593611628548,0.5301172626500141,0.008959352713550136,0.42763759634142445,0.0439429566067121,0.8056799096100407,0,0.34849757229669914
GTAAGTATTGCTATCG-1,GSM8500537_Cap.area4_DLBCL_V2,6213,1989,1,0.145570586618622,0.113291118999648,0.190002137600391,0.141173237243106,0.07563593611628548,0.5301172626500141,0.008959352713550136,0.42763759634142445,0.0439429566067121,0.8056799096100407,0,0.34849757229669914
GTAAGTTGCGGAGCGT-1,GSM8500537_Cap.area4_DLBCL_V2,4580,5540,1,0.254954652334565,0.190300297419169,0.122957828198003,0.0112834763489785,0.07563593611628548,0.5301172626500141,0.008959352713550136,0.42763759634142445,0.0439429566067121,0.8056799096100407,0,0.34849757229669914
GTAAGTTGCTGGTGGA-1,GSM8500537_Cap.area4_DLBCL_V2,6375,3187,1,0.379714172290591,0.352729540439413,0.295706476929184,0.13193574983968,0.07563593611628548,0.5301172626500141,0.008959352713550136,0.42763759634142445,0.0439429566067121,0.8056799096100407,0,0.34849757229669914
GTAATCACGCACAGCT-1,GSM8500537_Cap.area4_DLBCL_V2,3958,2378,1,0.280040919778911,0.122277655185647,0.0708767215317434,0.215821296607323,0.07563593611628548,0.5301172626500141,0.008959352713550136,0.42763759634142445,0.0439429566067121,0.8056799096100407,0,0.34849757229669914
GTAATCAGGCGGACGG-1,GSM8500537_Cap.area4_DLBCL_V2,6926,3742,1,0.427107826671145,0.40516166170968,0.366705347054692,0.0149632027361285,0.07563593611628548,0.5301172626500141,0.008959352713550136,0.42763759634142445,0.0439429566067121,0.8056799096100407,0,0.34849757229669914
GTAATGATCACGTAAG-1,GSM8500537_Cap.area4_DLBCL_V2,4849,1527,1,0.304837084313067,0.186686494611276,0.568830732586191,0.0805569975875653,0.07563593611628548,0.5301172626500141,0.008959352713550136,0.42763759634142445,0.0439429566067121,0.8056799096100407,0,0.34849757229669914
GTACAGCCGTTACAGA-1,GSM8500537_Cap.area4_DLBCL_V2,6690,3085,1,0.442208446575259,0.235744667242317,0.63929520261398,0.0230860842214554,0.07563593611628548,0.5301172626500141,0.008959352713550136,0.42763759634142445,0.0439429566067121,0.8056799096100407,0,0.34849757229669914
GTACAGCTGAGCCGGA-1,GSM8500537_Cap.area4_DLBCL_V2,6605,7211,1,0.0852749870217119,0.138603728932809,0.0403853788133264,0.292347390600666,0.07563593611628548,0.5301172626500141,0.008959352713550136,0.42763759634142445,0.0439429566067121,0.8056799096100407,0,0.34849757229669914
GTACAGGAACGAATGG-1,GSM8500537_Cap.area4_DLBCL_V2,6360,6989,1,0.108467951262711,0.207186030893217,0.11665190704492,0.315433474822121,0.07563593611628548,0.5301172626500141,0.008959352713550136,0.42763759634142445,0.0439429566067121,0.8056799096100407,0,0.34849757229669914
GTACAGTATCGGAATT-1,GSM8500537_Cap.area4_DLBCL_V2,4515,5648,1,0.244495678993496,0.210687901755732,0.0936116285461264,0.0842214554004947,0.07563593611628548,0.5301172626500141,0.008959352713550136,0.42763759634142445,0.0439429566067121,0.8056799096100407,0,0.34849757229669914
GTACCTGAAGTGAATG-1,GSM8500537_Cap.area4_DLBCL_V2,4112,4010,1,0.256817418389471,0.275656400908248,0.120377439154732,0.0208568723852567,0.07563593611628548,0.5301172626500141,0.008959352713550136,0.42763759634142445,0.0439429566067121,0.8056799096100407,0,0.34849757229669914
GTACCTTCATGTGCAA-1,GSM8500537_Cap.area4_DLBCL_V2,4780,1852,1,0.419366659541332,0.220505932393105,0.665236510214676,0,0.07563593611628548,0.5301172626500141,0.008959352713550136,0.42763759634142445,0.0439429566067121,0.8056799096100407,0,0.34849757229669914
GTACGAATTACATAAT-1,GSM8500537_Cap.area4_DLBCL_V2,7581,2235,1,0.117522215775491,0.0897214493587899,0.0756863224112132,0.336565181543347,0.07563593611628548,0.5301172626500141,0.008959352713550136,0.42763759634142445,0.0439429566067121,0.8056799096100407,0,0.34849757229669914
GTACGAGGTAGTGCAC-1,GSM8500537_Cap.area4_DLBCL_V2,7244,3422,1,0.522215775490885,0.226406344942275,0.415305218798669,0.0253305646318747,0.07563593611628548,0.5301172626500141,0.008959352713550136,0.42763759634142445,0.0439429566067121,0.8056799096100407,0,0.34849757229669914
GTACGCCTCGCTTCCA-1,GSM8500537_Cap.area4_DLBCL_V2,7075,5591,1,0.154731731150945,0.169321052799898,0.0885424619049073,0.294943048218157,0.07563593611628548,0.5301172626500141,0.008959352713550136,0.42763759634142445,0.0439429566067121,0.8056799096100407,0,0.34849757229669914
GTACTACCGTTAGGTG-1,GSM8500537_Cap.area4_DLBCL_V2,4900,2071,1,0.367163404281308,0.265006875819502,0.28907991571747,0.0169481173847986,0.07563593611628548,0.5301172626500141,0.008959352713550136,0.42763759634142445,0.0439429566067121,0.8056799096100407,0,0.34849757229669914
GTACTGCATAAGGTTA-1,GSM8500537_Cap.area4_DLBCL_V2,7046,3961,1,0.361743060433017,0.378553839265726,0.376904754634012,0,0.07563593611628548,0.5301172626500141,0.008959352713550136,0.42763759634142445,0.0439429566067121,0.8056799096100407,0,0.34849757229669914
GTACTTAACTTCAGCG-1,GSM8500537_Cap.area4_DLBCL_V2,3639,2697,1,0.282896143158152,0.203908023921456,0.169328488105781,0.0410571960790301,0.07563593611628548,0.5301172626500141,0.008959352713550136,0.42763759634142445,0.0439429566067121,0.8056799096100407,0,0.34849757229669914
GTACTTACTTCATACC-1,GSM8500537_Cap.area4_DLBCL_V2,1602,4611,1,0.244969004794332,0.0156065112411654,0.710446758481693,0.00745106421962316,0.07563593611628548,0.5301172626500141,0.008959352713550136,0.42763759634142445,0.0439429566067121,0.8056799096100407,0,0.34849757229669914
GTACTTAGTTGCGAAT-1,GSM8500537_Cap.area4_DLBCL_V2,6674,804,1,0.204385134516139,0.20940867952285,0.123354811127737,0.106620453782026,0.07563593611628548,0.5301172626500141,0.008959352713550136,0.42763759634142445,0.0439429566067121,0.8056799096100407,0,0.34849757229669914
GTACTTCCATCTGGCA-1,GSM8500537_Cap.area4_DLBCL_V2,4811,332,1,0.128072800561884,0.0366816975279031,0.0930466912999665,0.0700522185238343,0.07563593611628548,0.5301172626500141,0.008959352713550136,0.42763759634142445,0.0439429566067121,0.8056799096100407,0,0.34849757229669914
GTAGAAGTAAGCTGCG-1,GSM8500537_Cap.area4_DLBCL_V2,6607,4061,1,0.498274651113079,0.451533467651668,0.450896265306746,0.0384004641646563,0.07563593611628548,0.5301172626500141,0.008959352713550136,0.42763759634142445,0.0439429566067121,0.8056799096100407,0,0.34849757229669914
GTAGACCTGTCAACCA-1,GSM8500537_Cap.area4_DLBCL_V2,6186,3292,1,0.304043118453599,0.259889986887972,0.207759489418878,0.124347268452072,0.07563593611628548,0.5301172626500141,0.008959352713550136,0.42763759634142445,0.0439429566067121,0.8056799096100407,0,0.34849757229669914
GTAGCAACGACCGTGG-1,GSM8500537_Cap.area4_DLBCL_V2,4640,5650,1,0.296240877026903,0.237567558924174,0.0634409258863408,0.0444926252786515,0.07563593611628548,0.5301172626500141,0.008959352713550136,0.42763759634142445,0.0439429566067121,0.8056799096100407,0,0.34849757229669914
GTAGCAGAACATGGTG-1,GSM8500537_Cap.area4_DLBCL_V2,6899,5045,1,0.121858490854124,0.128833669129169,0.053623232662534,0.313906617400067,0.07563593611628548,0.5301172626500141,0.008959352713550136,0.42763759634142445,0.0439429566067121,0.8056799096100407,0,0.34849757229669914
GTAGCAGAAGACTCTT-1,GSM8500537_Cap.area4_DLBCL_V2,2483,7344,1,0.204018688734846,0,0.778529330931078,0,0.07563593611628548,0.5301172626500141,0.008959352713550136,0.42763759634142445,0.0439429566067121,0.8056799096100407,0,0.34849757229669914
GTAGCAGAGCAATAGC-1,GSM8500537_Cap.area4_DLBCL_V2,4419,7275,1,0.320105658533606,0.27336979116697,0.0799462546187437,0,0.07563593611628548,0.5301172626500141,0.008959352713550136,0.42763759634142445,0.0439429566067121,0.8056799096100407,0,0.34849757229669914
GTAGCATAGTTACAGG-1,GSM8500537_Cap.area4_DLBCL_V2,1388,2869,1,0.431734204659969,0,0.822838733319083,0,0.07563593611628548,0.5301172626500141,0.008959352713550136,0.42763759634142445,0.0439429566067121,0.8056799096100407,0,0.34849757229669914
GTAGCCGCACTCCATC-1,GSM8500537_Cap.area4_DLBCL_V2,2681,6805,1,0.267749717531377,0.088714061850395,0.607689253977464,0,0.07563593611628548,0.5301172626500141,0.008959352713550136,0.42763759634142445,0.0439429566067121,0.8056799096100407,0,0.34849757229669914
GTAGCGCCTGAACTCA-1,GSM8500537_Cap.area4_DLBCL_V2,4844,1744,1,0.410785720829389,0.18022642233522,0.704659968852109,0.026216141936666,0.07563593611628548,0.5301172626500141,0.008959352713550136,0.42763759634142445,0.0439429566067121,0.8056799096100407,0,0.34849757229669914
GTAGCGCTAGATCCGT-1,GSM8500537_Cap.area4_DLBCL_V2,6364,689,1,0.269688826457385,0.17509354312578,0.108773322747122,0.300256512046905,0.07563593611628548,0.5301172626500141,0.008959352713550136,0.42763759634142445,0.0439429566067121,0.8056799096100407,0,0.34849757229669914
GTAGCGTGGCACGCAG-1,GSM8500537_Cap.area4_DLBCL_V2,8006,2786,1,0.059852810944514,0.10881384118456,0.044110910923138,0.43148990747244,0.07563593611628548,0.5301172626500141,0.008959352713550136,0.42763759634142445,0.0439429566067121,0.8056799096100407,0,0.34849757229669914
GTATAACTTGTTGCGA-1,GSM8500537_Cap.area4_DLBCL_V2,1225,1671,1,0.242251198583076,0.0437014295308452,0.730448590710599,0.00564937246159958,0.07563593611628548,0.5301172626500141,0.008959352713550136,0.42763759634142445,0.0439429566067121,0.8056799096100407,0,0.34849757229669914
GTATAAGGCGTCTTCA-1,GSM8500537_Cap.area4_DLBCL_V2,6911,7543,1,0.0266589305890615,0.0875627618408008,0.065486914831893,0.146853146853147,0.07563593611628548,0.5301172626500141,0.008959352713550136,0.42763759634142445,0.0439429566067121,0.8056799096100407,0,0.34849757229669914
GTATACATTGGCTCAG-1,GSM8500537_Cap.area4_DLBCL_V2,4299,7055,1,0.249931291416008,0.281844638459816,0.127263566128195,0.0251015360185666,0.07563593611628548,0.5301172626500141,0.008959352713550136,0.42763759634142445,0.0439429566067121,0.8056799096100407,0,0.34849757229669914
GTATACGGTACACGCA-1,GSM8500537_Cap.area4_DLBCL_V2,4312,6404,1,0.325449659510795,0.274313217563721,0.204995877484961,0.0801600146578313,0.07563593611628548,0.5301172626500141,0.008959352713550136,0.42763759634142445,0.0439429566067121,0.8056799096100407,0,0.34849757229669914
GTATCTGTCAACGGTG-1,GSM8500537_Cap.area4_DLBCL_V2,3414,4539,1,0.181680764650197,0.165883143049026,0.117995541576328,0.0506153235410878,0.07563593611628548,0.5301172626500141,0.008959352713550136,0.42763759634142445,0.0439429566067121,0.8056799096100407,0,0.34849757229669914
GTATGATAGTATGGAT-1,GSM8500537_Cap.area4_DLBCL_V2,4581,2391,1,0.304149998473143,0.185455243212127,0.112850032064006,0.0725409961217821,0.07563593611628548,0.5301172626500141,0.008959352713550136,0.42763759634142445,0.0439429566067121,0.8056799096100407,0,0.34849757229669914
GTATGCTTGCGACTAA-1,GSM8500537_Cap.area4_DLBCL_V2,3777,2048,1,0.389257031178429,0.172822923662413,0.226646715729685,0.0335755947109659,0.07563593611628548,0.5301172626500141,0.008959352713550136,0.42763759634142445,0.0439429566067121,0.8056799096100407,0,0.34849757229669914
GTATGGTGGAGCGGCC-1,GSM8500537_Cap.area4_DLBCL_V2,6666,7321,1,0.0659144349100681,0.112251750935431,0.0394081900632119,0.377652914770819,0.07563593611628548,0.5301172626500141,0.008959352713550136,0.42763759634142445,0.0439429566067121,0.8056799096100407,0,0.34849757229669914
GTATGTAGCAGGCATA-1,GSM8500537_Cap.area4_DLBCL_V2,6204,2424,1,0.315708309158091,0.243547922862899,0.154563776834519,0.253504137783614,0.07563593611628548,0.5301172626500141,0.008959352713550136,0.42763759634142445,0.0439429566067121,0.8056799096100407,0,0.34849757229669914
GTATGTAGCTCACCTT-1,GSM8500537_Cap.area4_DLBCL_V2,3697,5957,1,0.167374110605552,0.109757267581311,0.0797935688765383,0.062799645769078,0.07563593611628548,0.5301172626500141,0.008959352713550136,0.42763759634142445,0.0439429566067121,0.8056799096100407,0,0.34849757229669914
GTATGTGCAAGCCGGA-1,GSM8500537_Cap.area4_DLBCL_V2,4954,5548,1,0.184673405197423,0.166234929163069,0.252511680459279,0.0376217668794088,0.07563593611628548,0.5301172626500141,0.008959352713550136,0.42763759634142445,0.0439429566067121,0.8056799096100407,0,0.34849757229669914
GTATGTTAGTTCTACC-1,GSM8500537_Cap.area4_DLBCL_V2,4435,3474,1,0.2955690597612,0.100578848060379,0.175435917793996,0.146517238220295,0.07563593611628548,0.5301172626500141,0.008959352713550136,0.42763759634142445,0.0439429566067121,0.8056799096100407,0,0.34849757229669914
GTATTACGAGTCAATC-1,GSM8500537_Cap.area4_DLBCL_V2,6767,2327,1,0.494640730448591,0.65863954715533,0.382767887134699,0.0364155495159862,0.07563593611628548,0.5301172626500141,0.008959352713550136,0.42763759634142445,0.0439429566067121,0.8056799096100407,0,0.34849757229669914
GTATTACGGCCATTAT-1,GSM8500537_Cap.area4_DLBCL_V2,6582,2214,1,0.324533545057562,0.350538872365602,0.503145326289431,0.021971478303356,0.07563593611628548,0.5301172626500141,0.008959352713550136,0.42763759634142445,0.0439429566067121,0.8056799096100407,0,0.34849757229669914
GTATTAGATTGAGGTC-1,GSM8500537_Cap.area4_DLBCL_V2,1268,2649,1,0.416068647509696,0,0.894066632057898,0,0.07563593611628548,0.5301172626500141,0.008959352713550136,0.42763759634142445,0.0439429566067121,0.8056799096100407,0,0.34849757229669914
GTATTCCGCTCGGATG-1,GSM8500537_Cap.area4_DLBCL_V2,4600,7604,1,0.275887867590924,0.107070900892257,0.0736861391883226,0.0396982929734021,0.07563593611628548,0.5301172626500141,0.008959352713550136,0.42763759634142445,0.0439429566067121,0.8056799096100407,0,0.34849757229669914
GTATTCGTGACTTGAT-1,GSM8500537_Cap.area4_DLBCL_V2,4762,2720,1,0.251106971630989,0.197383990533755,0.15714416587779,0.0891379362995084,0.07563593611628548,0.5301172626500141,0.008959352713550136,0.42763759634142445,0.0439429566067121,0.8056799096100407,0,0.34849757229669914
GTCAACAGACGCACGT-1,GSM8500537_Cap.area4_DLBCL_V2,6498,6340,1,0.10306287598864,0.151268029038345,0.0602650624484685,0.286133080892906,0.07563593611628548,0.5301172626500141,0.008959352713550136,0.42763759634142445,0.0439429566067121,0.8056799096100407,0,0.34849757229669914
GTCAACAGCATAGATT-1,GSM8500537_Cap.area4_DLBCL_V2,6836,2002,1,0.432512901945216,0.40840768812562,0.438330228723242,0.156991480135585,0.07563593611628548,0.5301172626500141,0.008959352713550136,0.42763759634142445,0.0439429566067121,0.8056799096100407,0,0.34849757229669914
GTCAACATGGTGCTAT-1,GSM8500537_Cap.area4_DLBCL_V2,6670,7103,1,0.0665404464531102,0.0971409383095079,0.0360338351604728,0.36041469447583,0.07563593611628548,0.5301172626500141,0.008959352713550136,0.42763759634142445,0.0439429566067121,0.8056799096100407,0,0.34849757229669914
GTCACTAAGAGGAATA-1,GSM8500537_Cap.area4_DLBCL_V2,5371,6534,1,0.265963294347574,0.15648085963734,0.279689742571839,0.0962530918862796,0.07563593611628548,0.5301172626500141,0.008959352713550136,0.42763759634142445,0.0439429566067121,0.8056799096100407,0,0.34849757229669914
GTCAGCCAACATCACG-1,GSM8500537_Cap.area4_DLBCL_V2,6959,5154,1,0.148212049958775,0.150436534586971,0.0845879011817876,0.251962011787339,0.07563593611628548,0.5301172626500141,0.008959352713550136,0.42763759634142445,0.0439429566067121,0.8056799096100407,0,0.34849757229669914
GTCAGCCATTGTGCGG-1,GSM8500537_Cap.area4_DLBCL_V2,3911,1617,1,0.38305799004489,0.208241389235345,0.205652426176444,0.103841573273888,0.07563593611628548,0.5301172626500141,0.008959352713550136,0.42763759634142445,0.0439429566067121,0.8056799096100407,0,0.34849757229669914
GTCAGGATCAACCAAC-1,GSM8500537_Cap.area4_DLBCL_V2,5039,7505,1,0.355528750725257,0.218507147654226,0.229318716218279,0.199422847894464,0.07563593611628548,0.5301172626500141,0.008959352713550136,0.42763759634142445,0.0439429566067121,0.8056799096100407,0,0.34849757229669914
GTCAGGTACGTGGCAT-1,GSM8500537_Cap.area4_DLBCL_V2,2557,6802,1,0.117415335755947,0.0705331158655538,0.581671603505665,0,0.07563593611628548,0.5301172626500141,0.008959352713550136,0.42763759634142445,0.0439429566067121,0.8056799096100407,0,0.34849757229669914
GTCAGTAATCCAATTA-1,GSM8500537_Cap.area4_DLBCL_V2,4682,6628,1,0.33806150181696,0.169337043077809,0.0816257977830031,0.0280789079915718,0.07563593611628548,0.5301172626500141,0.008959352713550136,0.42763759634142445,0.0439429566067121,0.8056799096100407,0,0.34849757229669914
GTCAGTGCTGACAGCG-1,GSM8500537_Cap.area4_DLBCL_V2,1121,3732,1,0.549088466119034,0.171239886149221,0.734296271414175,0,0.07563593611628548,0.5301172626500141,0.008959352713550136,0.42763759634142445,0.0439429566067121,0.8056799096100407,0,0.34849757229669914
GTCATCACGTGGTTCA-1,GSM8500537_Cap.area4_DLBCL_V2,4989,3811,1,0.20924054111827,0.21003230036138,0.158014474608361,0.0346596634806242,0.07563593611628548,0.5301172626500141,0.008959352713550136,0.42763759634142445,0.0439429566067121,0.8056799096100407,0,0.34849757229669914
GTCCTTCATCAGATCA-1,GSM8500537_Cap.area4_DLBCL_V2,3858,4222,1,0.242541301493267,0.149541079023953,0.090176199346505,0.0415457904540874,0.07563593611628548,0.5301172626500141,0.008959352713550136,0.42763759634142445,0.0439429566067121,0.8056799096100407,0,0.34849757229669914
GTCGAAGTCGTGTTCT-1,GSM8500537_Cap.area4_DLBCL_V2,6175,6876,1,0.166366384706996,0.131296171927468,0.190429657678566,0.12401135981922,0.07563593611628548,0.5301172626500141,0.008959352713550136,0.42763759634142445,0.0439429566067121,0.8056799096100407,0,0.34849757229669914
GTCGCACGCAGCCTGC-1,GSM8500537_Cap.area4_DLBCL_V2,4927,6851,1,0.41278590405228,0.353177268220922,0.214706690689223,0.0845420954591261,0.07563593611628548,0.5301172626500141,0.008959352713550136,0.42763759634142445,0.0439429566067121,0.8056799096100407,0,0.34849757229669914
GTCGCAGATTACTGCA-1,GSM8500537_Cap.area4_DLBCL_V2,6877,6130,1,0.0768161969035331,0.12387668297675,0.0461110941460287,0.340428130821144,0.07563593611628548,0.5301172626500141,0.008959352713550136,0.42763759634142445,0.0439429566067121,0.8056799096100407,0,0.34849757229669914
GTCGCATTACCAGGCA-1,GSM8500537_Cap.area4_DLBCL_V2,4226,7597,1,0.194155189788378,0.0470433976142506,0.141234311539988,0.00916114453232353,0.07563593611628548,0.5301172626500141,0.008959352713550136,0.42763759634142445,0.0439429566067121,0.8056799096100407,0,0.34849757229669914
GTCGCTAAGTGAGGTT-1,GSM8500537_Cap.area4_DLBCL_V2,1357,4389,1,0.53311753748435,0.0778086923150725,0.798531163159984,0,0.07563593611628548,0.5301172626500141,0.008959352713550136,0.42763759634142445,0.0439429566067121,0.8056799096100407,0,0.34849757229669914
GTCGGCCGTTGTGAAT-1,GSM8500537_Cap.area4_DLBCL_V2,6267,5466,1,0.102757504504229,0.120262880168857,0.0842519925489358,0.245625553485815,0.07563593611628548,0.5301172626500141,0.008959352713550136,0.42763759634142445,0.0439429566067121,0.8056799096100407,0,0.34849757229669914
GTCGGCCTCCGGCATC-1,GSM8500537_Cap.area4_DLBCL_V2,5164,7507,1,0.326304699667145,0.252694361828009,0.280437902708645,0.0616850398509787,0.07563593611628548,0.5301172626500141,0.008959352713550136,0.42763759634142445,0.0439429566067121,0.8056799096100407,0,0.34849757229669914
GTCGGCCTCGGTTCAT-1,GSM8500537_Cap.area4_DLBCL_V2,1549,1134,1,0.426985678077381,0.104640378649781,0.802562066754206,0,0.07563593611628548,0.5301172626500141,0.008959352713550136,0.42763759634142445,0.0439429566067121,0.8056799096100407,0,0.34849757229669914
GTCGTAGACTGACAAG-1,GSM8500537_Cap.area4_DLBCL_V2,6643,2324,1,0.414251687177451,0.62915347468739,0.458423672397472,0.0797324945796561,0.07563593611628548,0.5301172626500141,0.008959352713550136,0.42763759634142445,0.0439429566067121,0.8056799096100407,0,0.34849757229669914
GTCTAATACGGCTAAG-1,GSM8500537_Cap.area4_DLBCL_V2,3888,2702,1,0.288942498549485,0.234497425565256,0.0922679940147189,0.071884447430299,0.07563593611628548,0.5301172626500141,0.008959352713550136,0.42763759634142445,0.0439429566067121,0.8056799096100407,0,0.34849757229669914
GTCTAGGACAGGATAA-1,GSM8500537_Cap.area4_DLBCL_V2,6208,2207,1,0.172794454453843,0.173414563945121,0.189803646135524,0.218447491373256,0.07563593611628548,0.5301172626500141,0.008959352713550136,0.42763759634142445,0.0439429566067121,0.8056799096100407,0,0.34849757229669914
GTCTATCAATGGATTA-1,GSM8500537_Cap.area4_DLBCL_V2,5126,6312,1,0.352902555959325,0.27522466340465,0.187330137111796,0.0451339053959141,0.07563593611628548,0.5301172626500141,0.008959352713550136,0.42763759634142445,0.0439429566067121,0.8056799096100407,0,0.34849757229669914
GTCTATCCAGGACGTC-1,GSM8500537_Cap.area4_DLBCL_V2,6614,6776,1,0.0988487495037713,0.12294924685791,0.103276636027728,0.335618529941674,0.07563593611628548,0.5301172626500141,0.008959352713550136,0.42763759634142445,0.0439429566067121,0.8056799096100407,0,0.34849757229669914
GTCTATGGTGAAGAGC-1,GSM8500537_Cap.area4_DLBCL_V2,6772,2109,1,0.442697040950316,0.532476254437302,0.350444315509818,0.0729074419030751,0.07563593611628548,0.5301172626500141,0.008959352713550136,0.42763759634142445,0.0439429566067121,0.8056799096100407,0,0.34849757229669914
GTCTATGTTAATAGAA-1,GSM8500537_Cap.area4_DLBCL_V2,6264,2534,1,0.279353833938987,0.156688733250184,0.0822518093260451,0.232677802546798,0.07563593611628548,0.5301172626500141,0.008959352713550136,0.42763759634142445,0.0439429566067121,0.8056799096100407,0,0.34849757229669914
GTCTATTAGTGAGGCC-1,GSM8500537_Cap.area4_DLBCL_V2,7133,2768,1,0.417412282041103,0.262944129968979,0.537072098207469,0,0.07563593611628548,0.5301172626500141,0.008959352713550136,0.42763759634142445,0.0439429566067121,0.8056799096100407,0,0.34849757229669914
GTCTATTGCGAGTTAC-1,GSM8500537_Cap.area4_DLBCL_V2,6788,4391,1,0.286224692338229,0.179618791774601,0.12457629706538,0.313723394509421,0.07563593611628548,0.5301172626500141,0.008959352713550136,0.42763759634142445,0.0439429566067121,0.8056799096100407,0,0.34849757229669914
GTCTCATGACTAGTTG-1,GSM8500537_Cap.area4_DLBCL_V2,4782,4784,1,0.438147005832595,0.341632287569158,0.303569792652762,0.0400647387546951,0.07563593611628548,0.5301172626500141,0.008959352713550136,0.42763759634142445,0.0439429566067121,0.8056799096100407,0,0.34849757229669914
GTCTCGACTGACGAGT-1,GSM8500537_Cap.area4_DLBCL_V2,6532,7752,1,0.0886646104986716,0.0875147910070677,0.0405075274070907,0.364002809417657,0.07563593611628548,0.5301172626500141,0.008959352713550136,0.42763759634142445,0.0439429566067121,0.8056799096100407,0,0.34849757229669914
GTCTGATAGATTATAA-1,GSM8500537_Cap.area4_DLBCL_V2,4502,6299,1,0.340840382325099,0.250759538200774,0.084343603994259,0.0729227104772956,0.07563593611628548,0.5301172626500141,0.008959352713550136,0.42763759634142445,0.0439429566067121,0.8056799096100407,0,0.34849757229669914
GTCTGATATCTGAATT-1,GSM8500537_Cap.area4_DLBCL_V2,3543,4324,1,0.236540751824595,0.236064472800537,0.0876416160258955,0.0401410816257978,0.07563593611628548,0.5301172626500141,0.008959352713550136,0.42763759634142445,0.0439429566067121,0.8056799096100407,0,0.34849757229669914
GTCTGTGGATCTGACG-1,GSM8500537_Cap.area4_DLBCL_V2,6518,2322,1,0.322319601795584,0.368543925293422,0.37910342932177,0.0820075121385165,0.07563593611628548,0.5301172626500141,0.008959352713550136,0.42763759634142445,0.0439429566067121,0.8056799096100407,0,0.34849757229669914
GTCTTCGATAGGTGTT-1,GSM8500537_Cap.area4_DLBCL_V2,4035,1619,1,0.39495220936269,0.188461415459401,0.4716767948209,0.0131462424038843,0.07563593611628548,0.5301172626500141,0.008959352713550136,0.42763759634142445,0.0439429566067121,0.8056799096100407,0,0.34849757229669914
GTCTTGACAATAGCAA-1,GSM8500537_Cap.area4_DLBCL_V2,4314,3254,1,0.383180138638654,0.134222392785187,0.147387546950866,0.127339908999298,0.07563593611628548,0.5301172626500141,0.008959352713550136,0.42763759634142445,0.0439429566067121,0.8056799096100407,0,0.34849757229669914
GTCTTGATTGCCACCT-1,GSM8500537_Cap.area4_DLBCL_V2,6685,3302,1,0.622835679604239,0.428667370238895,0.515329648517421,0,0.07563593611628548,0.5301172626500141,0.008959352713550136,0.42763759634142445,0.0439429566067121,0.8056799096100407,0,0.34849757229669914
GTCTTGCGGCGATTCA-1,GSM8500537_Cap.area4_DLBCL_V2,4589,5106,1,0.353375881760161,0.220537912948927,0.101765047179894,0,0.07563593611628548,0.5301172626500141,0.008959352713550136,0.42763759634142445,0.0439429566067121,0.8056799096100407,0,0.34849757229669914
GTGAACATTCAACGAT-1,GSM8500537_Cap.area4_DLBCL_V2,3944,3029,1,0.366293095550738,0.120438773225879,0.226616178581244,0.02406327297157,0.07563593611628548,0.5301172626500141,0.008959352713550136,0.42763759634142445,0.0439429566067121,0.8056799096100407,0,0.34849757229669914
GTGAACGGTTCTAACG-1,GSM8500537_Cap.area4_DLBCL_V2,7864,3652,1,0.222982257916756,0.13769228309188,0.205698231899105,0.228234647448621,0.07563593611628548,0.5301172626500141,0.008959352713550136,0.42763759634142445,0.0439429566067121,0.8056799096100407,0,0.34849757229669914
GTGAAGATGAGTGCCT-1,GSM8500537_Cap.area4_DLBCL_V2,4357,4232,1,0.269154426359667,0.255252806293773,0.115628912572144,0.067044309402388,0.07563593611628548,0.5301172626500141,0.008959352713550136,0.42763759634142445,0.0439429566067121,0.8056799096100407,0,0.34849757229669914
GTGAATTAGACATTGC-1,GSM8500537_Cap.area4_DLBCL_V2,3850,1507,1,0.318105475310716,0.163340688861172,0.203789660121538,0.129569120835496,0.07563593611628548,0.5301172626500141,0.008959352713550136,0.42763759634142445,0.0439429566067121,0.8056799096100407,0,0.34849757229669914
GTGACAAGATGCTCAT-1,GSM8500537_Cap.area4_DLBCL_V2,3733,4220,1,0.294026933764925,0.252662381272187,0.0651815433474822,0,0.07563593611628548,0.5301172626500141,0.008959352713550136,0.42763759634142445,0.0439429566067121,0.8056799096100407,0,0.34849757229669914
GTGACAATAGGTATGT-1,GSM8500537_Cap.area4_DLBCL_V2,7993,3438,1,0.287049195346139,0.172215293101794,0.16761840779308,0.177573518184872,0.07563593611628548,0.5301172626500141,0.008959352713550136,0.42763759634142445,0.0439429566067121,0.8056799096100407,0,0.34849757229669914
GTGACATACAGGTCCT-1,GSM8500537_Cap.area4_DLBCL_V2,1625,3525,1,0.579656151708553,0.0738271131152259,0.809326045133905,0,0.07563593611628548,0.5301172626500141,0.008959352713550136,0.42763759634142445,0.0439429566067121,0.8056799096100407,0,0.34849757229669914
GTGACCAGATCGAGAT-1,GSM8500537_Cap.area4_DLBCL_V2,1522,2437,1,0.558753473600635,0,0.734571105750145,0,0.07563593611628548,0.5301172626500141,0.008959352713550136,0.42763759634142445,0.0439429566067121,0.8056799096100407,0,0.34849757229669914
GTGACCGGAGTCATAC-1,GSM8500537_Cap.area4_DLBCL_V2,4201,5750,1,0.282117445872904,0.117592503757715,0.0775796256145601,0.0826335236815586,0.07563593611628548,0.5301172626500141,0.008959352713550136,0.42763759634142445,0.0439429566067121,0.8056799096100407,0,0.34849757229669914
GTGAGGATCTCAGCCT-1,GSM8500537_Cap.area4_DLBCL_V2,4552,761,1,0.237930192078664,0.128961591352458,0.0535774269398723,0.056142547408923,0.07563593611628548,0.5301172626500141,0.008959352713550136,0.42763759634142445,0.0439429566067121,0.8056799096100407,0,0.34849757229669914
GTGATCTACGAGATCC-1,GSM8500537_Cap.area4_DLBCL_V2,4631,6084,1,0.366858032796897,0.256979756308165,0.11014749442697,0.0462790484624546,0.07563593611628548,0.5301172626500141,0.008959352713550136,0.42763759634142445,0.0439429566067121,0.8056799096100407,0,0.34849757229669914
GTGCAACGACGGTGTT-1,GSM8500537_Cap.area4_DLBCL_V2,4274,5208,1,0.314044034568052,0.212302919824747,0.148883867224479,0.139539499801508,0.07563593611628548,0.5301172626500141,0.008959352713550136,0.42763759634142445,0.0439429566067121,0.8056799096100407,0,0.34849757229669914
GTGCAACTACTGTACG-1,GSM8500537_Cap.area4_DLBCL_V2,6692,6018,1,0.0966195376675726,0.136860788640507,0.0695330870003359,0.304272147066907,0.07563593611628548,0.5301172626500141,0.008959352713550136,0.42763759634142445,0.0439429566067121,0.8056799096100407,0,0.34849757229669914
GTGCACCAATCATAAC-1,GSM8500537_Cap.area4_DLBCL_V2,7817,2891,1,0.196124835862827,0.142073619239502,0.106299813723394,0.160961309432925,0.07563593611628548,0.5301172626500141,0.008959352713550136,0.42763759634142445,0.0439429566067121,0.8056799096100407,0,0.34849757229669914
GTGCACTTGTAAGCAC-1,GSM8500537_Cap.area4_DLBCL_V2,5431,6644,1,0.26387149967936,0.157888004093511,0.267642837511833,0.0228112498854857,0.07563593611628548,0.5301172626500141,0.008959352713550136,0.42763759634142445,0.0439429566067121,0.8056799096100407,0,0.34849757229669914
GTGCAGAAGGTGCGAG-1,GSM8500537_Cap.area4_DLBCL_V2,1402,2217,1,0.454072128744618,0.0423422559084077,0.824915259413076,0,0.07563593611628548,0.5301172626500141,0.008959352713550136,0.42763759634142445,0.0439429566067121,0.8056799096100407,0,0.34849757229669914
GTGCAGTTGTGGCGCT-1,GSM8500537_Cap.area4_DLBCL_V2,7338,4945,1,0.19875103062876,0.104704339761425,0.111475860384157,0.210202461294164,0.07563593611628548,0.5301172626500141,0.008959352713550136,0.42763759634142445,0.0439429566067121,0.8056799096100407,0,0.34849757229669914
GTGCATGGTTGAGTTC-1,GSM8500537_Cap.area4_DLBCL_V2,1698,2984,1,0.267856597550921,0.0401995586683297,0.647372278376645,0,0.07563593611628548,0.5301172626500141,0.008959352713550136,0.42763759634142445,0.0439429566067121,0.8056799096100407,0,0.34849757229669914
GTGCCTGACACGTTGG-1,GSM8500537_Cap.area4_DLBCL_V2,4078,2598,1,0.291660304760741,0.176836483418082,0.121690536537698,0.133890127339909,0.07563593611628548,0.5301172626500141,0.008959352713550136,0.42763759634142445,0.0439429566067121,0.8056799096100407,0,0.34849757229669914
GTGGAGTACAATCAAT-1,GSM8500537_Cap.area4_DLBCL_V2,6338,8074,1,0.100146578312517,0.140570533115866,0.0961767490151769,0.313402754450789,0.07563593611628548,0.5301172626500141,0.008959352713550136,0.42763759634142445,0.0439429566067121,0.8056799096100407,0,0.34849757229669914
GTGGCGACCTAATATT-1,GSM8500537_Cap.area4_DLBCL_V2,3726,1504,1,0.271154609582557,0.131408103872845,0.132042629859224,0.0905884508504596,0.07563593611628548,0.5301172626500141,0.008959352713550136,0.42763759634142445,0.0439429566067121,0.8056799096100407,0,0.34849757229669914
GTGGCGACCTTGATTC-1,GSM8500537_Cap.area4_DLBCL_V2,1660,1788,1,0.391257214401319,0,0.847054692032858,0,0.07563593611628548,0.5301172626500141,0.008959352713550136,0.42763759634142445,0.0439429566067121,0.8056799096100407,0,0.34849757229669914
GTGGCGATAGGCAGAA-1,GSM8500537_Cap.area4_DLBCL_V2,5547,7081,1,0.397303569792653,0.216156576801305,0.241900021376004,0.0306134913121813,0.07563593611628548,0.5301172626500141,0.008959352713550136,0.42763759634142445,0.0439429566067121,0.8056799096100407,0,0.34849757229669914
GTGGCGCCAGACTCGA-1,GSM8500537_Cap.area4_DLBCL_V2,6014,2528,1,0.253091886279659,0.180929994563305,0.125492411518612,0.223470852291813,0.07563593611628548,0.5301172626500141,0.008959352713550136,0.42763759634142445,0.0439429566067121,0.8056799096100407,0,0.34849757229669914
GTGGTACTTGGTTGGA-1,GSM8500537_Cap.area4_DLBCL_V2,7313,3098,1,0.442666503801875,0.186302727941412,0.428909518429169,0.122698262436254,0.07563593611628548,0.5301172626500141,0.008959352713550136,0.42763759634142445,0.0439429566067121,0.8056799096100407,0,0.34849757229669914
GTGGTAGGTCTAAGAA-1,GSM8500537_Cap.area4_DLBCL_V2,5950,2636,1,0.251106971630989,0.150948223480124,0.182581610529209,0.19195651510062,0.07563593611628548,0.5301172626500141,0.008959352713550136,0.42763759634142445,0.0439429566067121,0.8056799096100407,0,0.34849757229669914
GTGGTTGACAAGGAGC-1,GSM8500537_Cap.area4_DLBCL_V2,6023,2094,1,0.203056768558952,0.132303559435863,0.155067639783797,0.239960912449995,0.07563593611628548,0.5301172626500141,0.008959352713550136,0.42763759634142445,0.0439429566067121,0.8056799096100407,0,0.34849757229669914
GTGGTTGCACGCGGCA-1,GSM8500537_Cap.area4_DLBCL_V2,6484,909,1,0.331999877851406,0.179826665387444,0.131309738296638,0.18091733593917,0.07563593611628548,0.5301172626500141,0.008959352713550136,0.42763759634142445,0.0439429566067121,0.8056799096100407,0,0.34849757229669914
GTGGTTGCCGCTTCAA-1,GSM8500537_Cap.area4_DLBCL_V2,4029,4986,1,0.222615812135463,0.0925037577153091,0.043148990747244,0.00862674443460465,0.07563593611628548,0.5301172626500141,0.008959352713550136,0.42763759634142445,0.0439429566067121,0.8056799096100407,0,0.34849757229669914
GTTAACTCCGACCACT-1,GSM8500537_Cap.area4_DLBCL_V2,4125,3359,1,0.239075335145204,0.23734369503342,0.288927229975265,0.0364308180902068,0.07563593611628548,0.5301172626500141,0.008959352713550136,0.42763759634142445,0.0439429566067121,0.8056799096100407,0,0.34849757229669914
GTTACAGGTACATGGC-1,GSM8500537_Cap.area4_DLBCL_V2,8058,3330,1,0.174077014688368,0.242892321468547,0.0829388951659694,0.243426878798058,0.07563593611628548,0.5301172626500141,0.008959352713550136,0.42763759634142445,0.0439429566067121,0.8056799096100407,0,0.34849757229669914
GTTATCCTATACTGGC-1,GSM8500537_Cap.area4_DLBCL_V2,3933,531,1,0.118575747396708,0.0742908311746459,0.0738540935047485,0.0305066112926375,0.07563593611628548,0.5301172626500141,0.008959352713550136,0.42763759634142445,0.0439429566067121,0.8056799096100407,0,0.34849757229669914
GTTATGATACGATTAT-1,GSM8500537_Cap.area4_DLBCL_V2,6538,4386,1,0.214492930650136,0.228229236624133,0.0609674168626134,0.29953888905854,0.07563593611628548,0.5301172626500141,0.008959352713550136,0.42763759634142445,0.0439429566067121,0.8056799096100407,0,0.34849757229669914
GTTATTCGGCCATTCG-1,GSM8500537_Cap.area4_DLBCL_V2,4179,6835,1,0.260298653311754,0.222088969906297,0.151800164900602,0.00482486945369043,0.07563593611628548,0.5301172626500141,0.008959352713550136,0.42763759634142445,0.0439429566067121,0.8056799096100407,0,0.34849757229669914
GTTATTGCTGAATCCG-1,GSM8500537_Cap.area4_DLBCL_V2,1056,3839,1,0.578663694384218,0.427436118839745,0.75274070907258706,0,0.07563593611628548,0.5301172626500141,0.008959352713550136,0.42763759634142445,0.0439429566067121,0.8056799096100407,0,0.34849757229669914
GTTATTGTACGTATAC-1,GSM8500537_Cap.area4_DLBCL_V2,6613,694,1,0.203163648578496,0.144903898429755,0.0782056371576022,0.23809814639509,0.07563593611628548,0.5301172626500141,0.008959352713550136,0.42763759634142445,0.0439429566067121,0.8056799096100407,0,0.34849757229669914
GTTCATTGCCTGAATA-1,GSM8500537_Cap.area4_DLBCL_V2,4612,871,1,0.194674321311876,0.134750071956251,0.094649891593123,0.0193758206858644,0.07563593611628548,0.5301172626500141,0.008959352713550136,0.42763759634142445,0.0439429566067121,0.8056799096100407,0,0.34849757229669914
GTTCCGATGAACCGGC-1,GSM8500537_Cap.area4_DLBCL_V2,8062,3113,1,0.100558829816472,0.154562026288017,0.0782972486029254,0.329205728769048,0.07563593611628548,0.5301172626500141,0.008959352713550136,0.42763759634142445,0.0439429566067121,0.8056799096100407,0,0.34849757229669914
GTTCCGTAACTAATAC-1,GSM8500537_Cap.area4_DLBCL_V2,1428,914,1,0.352261275842062,0.131759889986888,0.597138669191071,0,0.07563593611628548,0.5301172626500141,0.008959352713550136,0.42763759634142445,0.0439429566067121,0.8056799096100407,0,0.34849757229669914
GTTCCTGAACCTTCAA-1,GSM8500537_Cap.area4_DLBCL_V2,6302,3729,1,0.444681955598986,0.233202213054463,0.161816349589275,0.0538675298500626,0.07563593611628548,0.5301172626500141,0.008959352713550136,0.42763759634142445,0.0439429566067121,0.8056799096100407,0,0.34849757229669914
GTTCCTTGAGGAACGC-1,GSM8500537_Cap.area4_DLBCL_V2,6598,4495,1,0.185223073869362,0.135005916402827,0.107338076770391,0.225577915534247,0.07563593611628548,0.5301172626500141,0.008959352713550136,0.42763759634142445,0.0439429566067121,0.8056799096100407,0,0.34849757229669914
GTTCGCTGGTATTAGA-1,GSM8500537_Cap.area4_DLBCL_V2,4110,7160,1,0.285140623568571,0.248329015958297,0.053989678443827,0.115079243900205,0.07563593611628548,0.5301172626500141,0.008959352713550136,0.42763759634142445,0.0439429566067121,0.8056799096100407,0,0.34849757229669914
GTTCGTAGGTAGTGAA-1,GSM8500537_Cap.area4_DLBCL_V2,6142,5464,1,0.0644791889333374,0.0442770795356423,0.0668916236601826,0.13108070968333,0.07563593611628548,0.5301172626500141,0.008959352713550136,0.42763759634142445,0.0439429566067121,0.8056799096100407,0,0.34849757229669914
GTTCTTACTGAAGTAT-1,GSM8500537_Cap.area4_DLBCL_V2,6674,6886,1,0.0850764955568449,0.110236975918641,0.0645708003786606,0.348886920939323,0.07563593611628548,0.5301172626500141,0.008959352713550136,0.42763759634142445,0.0439429566067121,0.8056799096100407,0,0.34849757229669914
GTTGAATAAGTCAGCA-1,GSM8500537_Cap.area4_DLBCL_V2,5066,6202,1,0.354963813479097,0.226566247721385,0.250328274345742,0.0609826854368339,0.07563593611628548,0.5301172626500141,0.008959352713550136,0.42763759634142445,0.0439429566067121,0.8056799096100407,0,0.34849757229669914
GTTGACGAACCAGAAC-1,GSM8500537_Cap.area4_DLBCL_V2,3802,3895,1,0.323632699178551,0.37628321980236,0.157861788866156,0.101200109933734,0.07563593611628548,0.5301172626500141,0.008959352713550136,0.42763759634142445,0.0439429566067121,0.8056799096100407,0,0.34849757229669914
GTTGACGCTCGATGGC-1,GSM8500537_Cap.area4_DLBCL_V2,6743,480,1,0.123950285522338,0.151236048482523,0.0765413625675634,0.391684734479494,0.07563593611628548,0.5301172626500141,0.008959352713550136,0.42763759634142445,0.0439429566067121,0.8056799096100407,0,0.34849757229669914
GTTGACGGATAGCCAT-1,GSM8500537_Cap.area4_DLBCL_V2,1814,3420,1,0.474715241090787,0.0567015254725127,0.589794484990992,0.0402937673680032,0.07563593611628548,0.5301172626500141,0.008959352713550136,0.42763759634142445,0.0439429566067121,0.8056799096100407,0,0.34849757229669914
GTTGACTAGAGCACGT-1,GSM8500537_Cap.area4_DLBCL_V2,4283,4774,1,0.325846642440529,0.33079087914548,0.13051577243717,0.0268574220539286,0.07563593611628548,0.5301172626500141,0.008959352713550136,0.42763759634142445,0.0439429566067121,0.8056799096100407,0,0.34849757229669914
GTTGCCACGACAAGAA-1,GSM8500537_Cap.area4_DLBCL_V2,4609,7170,1,0.215638073716676,0.375435735073076,0.0508596207286164,0.193498641096894,0.07563593611628548,0.5301172626500141,0.008959352713550136,0.42763759634142445,0.0439429566067121,0.8056799096100407,0,0.34849757229669914
GTTGCTACGTCTTAAT-1,GSM8500537_Cap.area4_DLBCL_V2,4170,7270,1,0.244266650380187,0.177092327864658,0.0657006748709805,0.0216813753931658,0.07563593611628548,0.5301172626500141,0.008959352713550136,0.42763759634142445,0.0439429566067121,0.8056799096100407,0,0.34849757229669914
GTTGCTCCTGAGATTC-1,GSM8500537_Cap.area4_DLBCL_V2,1841,2118,1,0.315067029040828,0.0788480603792894,0.591183925245061,0.0214065410571961,0.07563593611628548,0.5301172626500141,0.008959352713550136,0.42763759634142445,0.0439429566067121,0.8056799096100407,0,0.34849757229669914
GTTGCTGACTCATTCG-1,GSM8500537_Cap.area4_DLBCL_V2,967,2100,1,0.333099215195285,0.0607630560619143,0.711714050141998,0,0.07563593611628548,0.5301172626500141,0.008959352713550136,0.42763759634142445,0.0439429566067121,0.8056799096100407,0,0.34849757229669914
GTTGTCGTGGCATTAC-1,GSM8500537_Cap.area4_DLBCL_V2,1027,2210,1,0.399166335847559,0,0.773811341496931,0,0.07563593611628548,0.5301172626500141,0.008959352713550136,0.42763759634142445,0.0439429566067121,0.8056799096100407,0,0.34849757229669914
TAACCAAGGTGCTCTA-1,GSM8500537_Cap.area4_DLBCL_V2,4978,1313,1,0.279399639661648,0.130288784419073,0.148563227165847,0.0912602681161633,0.07563593611628548,0.5301172626500141,0.008959352713550136,0.42763759634142445,0.0439429566067121,0.8056799096100407,0,0.34849757229669914
TAACCGTACTTCTAAC-1,GSM8500537_Cap.area4_DLBCL_V2,1299,1129,1,0.215225822212722,0.0667434200006396,0.57446483647357,0.0318655143982655,0.07563593611628548,0.5301172626500141,0.008959352713550136,0.42763759634142445,0.0439429566067121,0.8056799096100407,0,0.34849757229669914
TAACCTTGAGACTTCG-1,GSM8500537_Cap.area4_DLBCL_V2,1509,3088,1,0.598864018077992,0.00957817646870707,0.80294378110972,0.019421626408526,0.07563593611628548,0.5301172626500141,0.008959352713550136,0.42763759634142445,0.0439429566067121,0.8056799096100407,0,0.34849757229669914
TAACGAATGCTCCAAT-1,GSM8500537_Cap.area4_DLBCL_V2,4479,1302,1,0.221211103307173,0.118727813489398,0.107353345344612,0.14044034568052,0.07563593611628548,0.5301172626500141,0.008959352713550136,0.42763759634142445,0.0439429566067121,0.8056799096100407,0,0.34849757229669914
TAACGCGGCTATAGGT-1,GSM8500537_Cap.area4_DLBCL_V2,1410,1783,1,0.404281308211439,0.00279829863443026,0.83325190093749,0,0.07563593611628548,0.5301172626500141,0.008959352713550136,0.42763759634142445,0.0439429566067121,0.8056799096100407,0,0.34849757229669914
TAACGTCACTATAATC-1,GSM8500537_Cap.area4_DLBCL_V2,4176,3903,1,0.285629217943628,0.241948895071796,0.0964821204995877,0.00187803462912628,0.07563593611628548,0.5301172626500141,0.008959352713550136,0.42763759634142445,0.0439429566067121,0.8056799096100407,0,0.34849757229669914
TAACGTGATTCACTAG-1,GSM8500537_Cap.area4_DLBCL_V2,7692,2889,1,0.176306226524567,0.143768588698072,0.0975356521208049,0.299309860445232,0.07563593611628548,0.5301172626500141,0.008959352713550136,0.42763759634142445,0.0439429566067121,0.8056799096100407,0,0.34849757229669914
TAACGTGCCATAGTTA-1,GSM8500537_Cap.area4_DLBCL_V2,6705,5366,1,0.155403548416649,0.107822443954076,0.0443704766848871,0.34569578892723,0.07563593611628548,0.5301172626500141,0.008959352713550136,0.42763759634142445,0.0439429566067121,0.8056799096100407,0,0.34849757229669914
TAACTCCAACATGGAC-1,GSM8500537_Cap.area4_DLBCL_V2,4127,6291,1,0.277445262161419,0.149892865137996,0.099291538156167,0.196414938773017,0.07563593611628548,0.5301172626500141,0.008959352713550136,0.42763759634142445,0.0439429566067121,0.8056799096100407,0,0.34849757229669914
TAACTTAACCTCGGTG-1,GSM8500537_Cap.area4_DLBCL_V2,1479,1459,1,0.430115735792592,0.0109373500911446,0.814364674626683,0,0.07563593611628548,0.5301172626500141,0.008959352713550136,0.42763759634142445,0.0439429566067121,0.8056799096100407,0,0.34849757229669914
TAAGATTAGATATTCC-1,GSM8500537_Cap.area4_DLBCL_V2,6299,797,1,0.18148227318533,0.127058748281045,0.107567105383699,0.264237945460653,0.07563593611628548,0.5301172626500141,0.008959352713550136,0.42763759634142445,0.0439429566067121,0.8056799096100407,0,0.34849757229669914
TAAGATTGCTCACTTC-1,GSM8500537_Cap.area4_DLBCL_V2,6529,4820,1,0.158472531834977,0.131663948319422,0.063532537331664,0.305279872965462,0.07563593611628548,0.5301172626500141,0.008959352713550136,0.42763759634142445,0.0439429566067121,0.8056799096100407,0,0.34849757229669914
TAAGCCACAATTGCCT-1,GSM8500537_Cap.area4_DLBCL_V2,4530,1847,1,0.37797355482945,0.309124052576034,0.449018230677619,0.0373774696918802,0.07563593611628548,0.5301172626500141,0.008959352713550136,0.42763759634142445,0.0439429566067121,0.8056799096100407,0,0.34849757229669914
TAAGCCATACGACACG-1,GSM8500537_Cap.area4_DLBCL_V2,1195,3190,1,0.475035881149418,0,0.831663969218554,0,0.07563593611628548,0.5301172626500141,0.008959352713550136,0.42763759634142445,0.0439429566067121,0.8056799096100407,0,0.34849757229669914
TAAGCCTGGCTTCAGT-1,GSM8500537_Cap.area4_DLBCL_V2,4433,6623,1,0.311066662595047,0.246538104832262,0.0662656121171405,0.0358048065471647,0.07563593611628548,0.5301172626500141,0.008959352713550136,0.42763759634142445,0.0439429566067121,0.8056799096100407,0,0.34849757229669914
TAAGCTCCTTCACGCC-1,GSM8500537_Cap.area4_DLBCL_V2,1440,3413,1,0.52235319265887,0,0.842611536934681,0,0.07563593611628548,0.5301172626500141,0.008959352713550136,0.42763759634142445,0.0439429566067121,0.8056799096100407,0,0.34849757229669914
TAAGGACGCCTGGTTG-1,GSM8500537_Cap.area4_DLBCL_V2,4374,3364,1,0.360399425901609,0.114218555118488,0.172611231563197,0.0438666137356094,0.07563593611628548,0.5301172626500141,0.008959352713550136,0.42763759634142445,0.0439429566067121,0.8056799096100407,0,0.34849757229669914
TAAGGTCCGTGACCGT-1,GSM8500537_Cap.area4_DLBCL_V2,6759,2761,1,0.363269917855071,0.476622213694074,0.481952545271323,0.0467371056890707,0.07563593611628548,0.5301172626500141,0.008959352713550136,0.42763759634142445,0.0439429566067121,0.8056799096100407,0,0.34849757229669914
TAAGTGCTTGACGATT-1,GSM8500537_Cap.area4_DLBCL_V2,3868,638,1,0.145646929489724,0.0703572228085324,0.0805875347360063,0.090542645127798,0.07563593611628548,0.5301172626500141,0.008959352713550136,0.42763759634142445,0.0439429566067121,0.8056799096100407,0,0.34849757229669914
TAAGTGGCCGCTCACC-1,GSM8500537_Cap.area4_DLBCL_V2,4666,4347,1,0.181008947384493,0.255332757683329,0.126744434604697,0.0644639203591169,0.07563593611628548,0.5301172626500141,0.008959352713550136,0.42763759634142445,0.0439429566067121,0.8056799096100407,0,0.34849757229669914
TAAGTGTCAAGGTGGC-1,GSM8500537_Cap.area4_DLBCL_V2,1203,2756,1,0.432573976242098,0.0167258306949375,0.794286499526674,0,0.07563593611628548,0.5301172626500141,0.008959352713550136,0.42763759634142445,0.0439429566067121,0.8056799096100407,0,0.34849757229669914
TAATAGCGCTGTACTC-1,GSM8500537_Cap.area4_DLBCL_V2,4524,5213,1,0.245259107704523,0.12246953852058,0.128897303569793,0.0236815586160565,0.07563593611628548,0.5301172626500141,0.008959352713550136,0.42763759634142445,0.0439429566067121,0.8056799096100407,0,0.34849757229669914
TAATGATCCGGTTATT-1,GSM8500537_Cap.area4_DLBCL_V2,6083,2204,1,0.214416587779033,0.163196776359973,0.128301829175192,0.201148196781385,0.07563593611628548,0.5301172626500141,0.008959352713550136,0.42763759634142445,0.0439429566067121,0.8056799096100407,0,0.34849757229669914
TAATGATCTACTAACC-1,GSM8500537_Cap.area4_DLBCL_V2,7886,2567,1,0.0825266436620148,0.134766062234162,0.109307722844841,0.330076037499618,0.07563593611628548,0.5301172626500141,0.008959352713550136,0.42763759634142445,0.0439429566067121,0.8056799096100407,0,0.34849757229669914
TAATGTGCACGATCTG-1,GSM8500537_Cap.area4_DLBCL_V2,4512,2715,1,0.332580083671787,0.193706226614219,0.180886798790729,0.133416801539072,0.07563593611628548,0.5301172626500141,0.008959352713550136,0.42763759634142445,0.0439429566067121,0.8056799096100407,0,0.34849757229669914
TAATTAGCTCGATTGT-1,GSM8500537_Cap.area4_DLBCL_V2,6576,5581,1,0.176184077930803,0.187086251559052,0.0667084007695361,0.328106391425169,0.07563593611628548,0.5301172626500141,0.008959352713550136,0.42763759634142445,0.0439429566067121,0.8056799096100407,0,0.34849757229669914
TAATTGACGTCGTTCC-1,GSM8500537_Cap.area4_DLBCL_V2,7256,5921,1,0.18913182886982,0.0613227157888004,0.0585549821357682,0.0657770177420832,0.07563593611628548,0.5301172626500141,0.008959352713550136,0.42763759634142445,0.0439429566067121,0.8056799096100407,0,0.34849757229669914
TAATTGATTCTGTCGC-1,GSM8500537_Cap.area4_DLBCL_V2,4604,7387,1,0.237701163465356,0.397278454699543,0.105750145051455,0.0819769749900754,0.07563593611628548,0.5301172626500141,0.008959352713550136,0.42763759634142445,0.0439429566067121,0.8056799096100407,0,0.34849757229669914
TACAACGGACGGCTCA-1,GSM8500537_Cap.area4_DLBCL_V2,4054,6833,1,0.216859559654319,0.154482074898462,0.0460194827007054,0.0304608055699759,0.07563593611628548,0.5301172626500141,0.008959352713550136,0.42763759634142445,0.0439429566067121,0.8056799096100407,0,0.34849757229669914
TACAAGCAGATCGTTG-1,GSM8500537_Cap.area4_DLBCL_V2,7632,2779,1,0.171634042813082,0.137260545588282,0.136485784957401,0.183711485021529,0.07563593611628548,0.5301172626500141,0.008959352713550136,0.42763759634142445,0.0439429566067121,0.8056799096100407,0,0.34849757229669914
TACAAGCATAGGCTGG-1,GSM8500537_Cap.area4_DLBCL_V2,6678,587,1,0.148395272849421,0.136381080303176,0.0566311417839802,0.262604208019055,0.07563593611628548,0.5301172626500141,0.008959352713550136,0.42763759634142445,0.0439429566067121,0.8056799096100407,0,0.34849757229669914
TACAAGCGGAAGTACG-1,GSM8500537_Cap.area4_DLBCL_V2,3953,2595,1,0.256313555440193,0.185055486264351,0.109216111399517,0.0728005618835313,0.07563593611628548,0.5301172626500141,0.008959352713550136,0.42763759634142445,0.0439429566067121,0.8056799096100407,0,0.34849757229669914
TACAAGTGTCTGTCCG-1,GSM8500537_Cap.area4_DLBCL_V2,4216,1949,1,0.260069624698446,0.280277591224535,0.173328854551562,0.0300790912144624,0.07563593611628548,0.5301172626500141,0.008959352713550136,0.42763759634142445,0.0439429566067121,0.8056799096100407,0,0.34849757229669914
TACACCGGTATGTATC-1,GSM8500537_Cap.area4_DLBCL_V2,4557,544,1,0.218035239869301,0.102417730020148,0.0325984059608514,0.0651968119217028,0.07563593611628548,0.5301172626500141,0.008959352713550136,0.42763759634142445,0.0439429566067121,0.8056799096100407,0,0.34849757229669914
TACACCTCGTACTCCA-1,GSM8500537_Cap.area4_DLBCL_V2,6318,6010,1,0.137737808043485,0.145879305382328,0.0658838977616271,0.263046996671451,0.07563593611628548,0.5301172626500141,0.008959352713550136,0.42763759634142445,0.0439429566067121,0.8056799096100407,0,0.34849757229669914
TACACCTTGCGGCAGG-1,GSM8500537_Cap.area4_DLBCL_V2,1228,4603,1,0.65488441689315,0.193594294668841,0.742999358719883,0,0.07563593611628548,0.5301172626500141,0.008959352713550136,0.42763759634142445,0.0439429566067121,0.8056799096100407,0,0.34849757229669914
TACACTGAATAGCAGA-1,GSM8500537_Cap.area4_DLBCL_V2,1277,2215,1,0.312532445720219,0.00393360836611345,0.870247656273857,0,0.07563593611628548,0.5301172626500141,0.008959352713550136,0.42763759634142445,0.0439429566067121,0.8056799096100407,0,0.34849757229669914
TACACTGCGTCCGGAC-1,GSM8500537_Cap.area4_DLBCL_V2,6990,3634,1,0.454682871713439,0.577632799258051,0.388707362506489,0.0303539255504321,0.07563593611628548,0.5301172626500141,0.008959352713550136,0.42763759634142445,0.0439429566067121,0.8056799096100407,0,0.34849757229669914
TACATCGGACAACTGG-1,GSM8500537_Cap.area4_DLBCL_V2,7739,3650,1,0.219562097291355,0.123796731587195,0.142715363239381,0.247870033896235,0.07563593611628548,0.5301172626500141,0.008959352713550136,0.42763759634142445,0.0439429566067121,0.8056799096100407,0,0.34849757229669914
TACATCTAACATGTCC-1,GSM8500537_Cap.area4_DLBCL_V2,7761,2564,1,0.105536385012368,0.129185455243212,0.0787553058295416,0.336794210156656,0.07563593611628548,0.5301172626500141,0.008959352713550136,0.42763759634142445,0.0439429566067121,0.8056799096100407,0,0.34849757229669914
TACCTCAGGCAACAGA-1,GSM8500537_Cap.area4_DLBCL_V2,6440,3080,1,0.392158060280331,0.321420576289616,0.431657861788866,0.163022566952698,0.07563593611628548,0.5301172626500141,0.008959352713550136,0.42763759634142445,0.0439429566067121,0.8056799096100407,0,0.34849757229669914
TACCTGCGGTTGTCCT-1,GSM8500537_Cap.area4_DLBCL_V2,6315,3078,1,0.386020093443674,0.259058492436599,0.285812440834275,0.211729318716218,0.07563593611628548,0.5301172626500141,0.008959352713550136,0.42763759634142445,0.0439429566067121,0.8056799096100407,0,0.34849757229669914
TACCTGTTAACGGCCT-1,GSM8500537_Cap.area4_DLBCL_V2,6102,7418,1,0.0983143494060524,0.14017077616809,0.145311020856872,0.231242556570068,0.07563593611628548,0.5301172626500141,0.008959352713550136,0.42763759634142445,0.0439429566067121,0.8056799096100407,0,0.34849757229669914
TACGACCGAGCGCAAC-1,GSM8500537_Cap.area4_DLBCL_V2,8080,2245,1,0.316074754939384,0.161150020787361,0.146166061013223,0.177894158243503,0.07563593611628548,0.5301172626500141,0.008959352713550136,0.42763759634142445,0.0439429566067121,0.8056799096100407,0,0.34849757229669914
TACGACGTCTCATATT-1,GSM8500537_Cap.area4_DLBCL_V2,6387,5686,1,0.223898372369988,0.114042662061467,0.0820075121385165,0.233212202644517,0.07563593611628548,0.5301172626500141,0.008959352713550136,0.42763759634142445,0.0439429566067121,0.8056799096100407,0,0.34849757229669914
TACGCTCCGGTTGGTA-1,GSM8500537_Cap.area4_DLBCL_V2,6320,2861,1,0.303417106910557,0.336659311138828,0.149845787400373,0.140348734235197,0.07563593611628548,0.5301172626500141,0.008959352713550136,0.42763759634142445,0.0439429566067121,0.8056799096100407,0,0.34849757229669914
TACGCTCCTTGAGCAA-1,GSM8500537_Cap.area4_DLBCL_V2,1364,1022,1,0.177390295294225,0.0444529725926637,0.526994839221913,0.053058295416374,0.07563593611628548,0.5301172626500141,0.008959352713550136,0.42763759634142445,0.0439429566067121,0.8056799096100407,0,0.34849757229669914
TACGCTGATAGCAGTC-1,GSM8500537_Cap.area4_DLBCL_V2,4806,549,1,0.163144715546462,0.0771530909207202,0.0852444498732708,0.101047424191529,0.07563593611628548,0.5301172626500141,0.008959352713550136,0.42763759634142445,0.0439429566067121,0.8056799096100407,0,0.34849757229669914
TACGGAATTGAACCAA-1,GSM8500537_Cap.area4_DLBCL_V2,6995,3417,1,0.38902800256512,0.614218555118488,0.383012184322228,0,0.07563593611628548,0.5301172626500141,0.008959352713550136,0.42763759634142445,0.0439429566067121,0.8056799096100407,0,0.34849757229669914
TACGGAGGAAGCACCT-1,GSM8500537_Cap.area4_DLBCL_V2,7300,3749,1,0.470989708980975,0.428075729956187,0.427184169542248,0.0358811494182674,0.07563593611628548,0.5301172626500141,0.008959352713550136,0.42763759634142445,0.0439429566067121,0.8056799096100407,0,0.34849757229669914
TACGGAGTCAACGAAG-1,GSM8500537_Cap.area4_DLBCL_V2,1647,2439,1,0.358002259748985,0.0527679171063993,0.624652639936483,0,0.07563593611628548,0.5301172626500141,0.008959352713550136,0.42763759634142445,0.0439429566067121,0.8056799096100407,0,0.34849757229669914
TACGGATCAGCCATCC-1,GSM8500537_Cap.area4_DLBCL_V2,4869,3591,1,0.392646654655388,0.232018932489047,0.45442330595169,0.0389806699850368,0.07563593611628548,0.5301172626500141,0.008959352713550136,0.42763759634142445,0.0439429566067121,0.8056799096100407,0,0.34849757229669914
TACGGATCCTTGCGAT-1,GSM8500537_Cap.area4_DLBCL_V2,5048,7070,1,0.216126668091734,0.350091144584093,0.0873820502641464,0.0838855467676428,0.07563593611628548,0.5301172626500141,0.008959352713550136,0.42763759634142445,0.0439429566067121,0.8056799096100407,0,0.34849757229669914
TACGGCCTTGTAGGAG-1,GSM8500537_Cap.area4_DLBCL_V2,6513,2539,1,0.54189696766116,0.545444369823147,0.325709225272544,0.111185757473967,0.07563593611628548,0.5301172626500141,0.008959352713550136,0.42763759634142445,0.0439429566067121,0.8056799096100407,0,0.34849757229669914
TACGTACACCTTAAGC-1,GSM8500537_Cap.area4_DLBCL_V2,7243,6572,1,0.201117659632943,0.155425501295212,0.113766146517238,0.158701560448285,0.07563593611628548,0.5301172626500141,0.008959352713550136,0.42763759634142445,0.0439429566067121,0.8056799096100407,0,0.34849757229669914
TACGTATCCTATCACG-1,GSM8500537_Cap.area4_DLBCL_V2,1457,2544,1,0.467874919839985,0,0.852612453049134,0,0.07563593611628548,0.5301172626500141,0.008959352713550136,0.42763759634142445,0.0439429566067121,0.8056799096100407,0,0.34849757229669914
TACGTGGAGGCATGGC-1,GSM8500537_Cap.area4_DLBCL_V2,5482,7188,1,0.325617613827221,0.198279446096773,0.395975203835466,0.0433016764894494,0.07563593611628548,0.5301172626500141,0.008959352713550136,0.42763759634142445,0.0439429566067121,0.8056799096100407,0,0.34849757229669914
TACGTGTACATCCGTG-1,GSM8500537_Cap.area4_DLBCL_V2,5908,7740,1,0.0747244022353193,0.138987495602674,0.205866186215531,0.0669374293828442,0.07563593611628548,0.5301172626500141,0.008959352713550136,0.42763759634142445,0.0439429566067121,0.8056799096100407,0,0.34849757229669914
TACTCCGCCAATACAA-1,GSM8500537_Cap.area4_DLBCL_V2,6808,6455,1,0.0895501878034629,0.121686014902939,0.0463248541851162,0.326640608299997,0.07563593611628548,0.5301172626500141,0.008959352713550136,0.42763759634142445,0.0439429566067121,0.8056799096100407,0,0.34849757229669914
TACTCCTACATCAACT-1,GSM8500537_Cap.area4_DLBCL_V2,4189,3252,1,0.32474730509665,0.232738494995043,0.273322747121874,0.010504779063731,0.07563593611628548,0.5301172626500141,0.008959352713550136,0.42763759634142445,0.0439429566067121,0.8056799096100407,0,0.34849757229669914
TAGAATTCAACGTGGC-1,GSM8500537_Cap.area4_DLBCL_V2,5612,6973,1,0.22452438391303,0.138859573379385,0.213668427642227,0.0900540507527408,0.07563593611628548,0.5301172626500141,0.008959352713550136,0.42763759634142445,0.0439429566067121,0.8056799096100407,0,0.34849757229669914
TAGACACCGGCGTCAA-1,GSM8500537_Cap.area4_DLBCL_V2,8015,2352,1,0.135981922008123,0.166762608334133,0.0816563349314441,0.265810608605368,0.07563593611628548,0.5301172626500141,0.008959352713550136,0.42763759634142445,0.0439429566067121,0.8056799096100407,0,0.34849757229669914
TAGACAGGAGATCATT-1,GSM8500537_Cap.area4_DLBCL_V2,1413,4715,1,0.733181665496076,0.383814640698455,0.852978898830427,0,0.07563593611628548,0.5301172626500141,0.008959352713550136,0.42763759634142445,0.0439429566067121,0.8056799096100407,0,0.34849757229669914
TAGACCATCGATTGAG-1,GSM8500537_Cap.area4_DLBCL_V2,7265,5486,1,0.147677649861056,0.134862003901628,0.107444956789935,0.305157724371698,0.07563593611628548,0.5301172626500141,0.008959352713550136,0.42763759634142445,0.0439429566067121,0.8056799096100407,0,0.34849757229669914
TAGACCGAAGCAGAGC-1,GSM8500537_Cap.area4_DLBCL_V2,4345,1734,1,0.413427184169542,0.111740062042278,0.630989098238007,0.0249030445536996,0.07563593611628548,0.5301172626500141,0.008959352713550136,0.42763759634142445,0.0439429566067121,0.8056799096100407,0,0.34849757229669914
TAGACCGGCCAGTACG-1,GSM8500537_Cap.area4_DLBCL_V2,4194,3034,1,0.430695941612972,0.3222680610189,0.219562097291355,0.010672733380157,0.07563593611628548,0.5301172626500141,0.008959352713550136,0.42763759634142445,0.0439429566067121,0.8056799096100407,0,0.34849757229669914
TAGAGCAGACAGTCCA-1,GSM8500537_Cap.area4_DLBCL_V2,6652,1890,1,0.40770146883684,0.219722408775465,0.525987113323358,0.110926191712218,0.07563593611628548,0.5301172626500141,0.008959352713550136,0.42763759634142445,0.0439429566067121,0.8056799096100407,0,0.34849757229669914
TAGAGGCGATTGATTC-1,GSM8500537_Cap.area4_DLBCL_V2,4154,4989,1,0.240449506825053,0.143768588698072,0.0863590557913702,0.038705835649067,0.07563593611628548,0.5301172626500141,0.008959352713550136,0.42763759634142445,0.0439429566067121,0.8056799096100407,0,0.34849757229669914
TAGATGAGCCGTCATT-1,GSM8500537_Cap.area4_DLBCL_V2,6730,7213,1,0.0904815708309158,0.161725670792158,0.0729227104772956,0.297798271597398,0.07563593611628548,0.5301172626500141,0.008959352713550136,0.42763759634142445,0.0439429566067121,0.8056799096100407,0,0.34849757229669914
TAGCAGTCGTCATGAA-1,GSM8500537_Cap.area4_DLBCL_V2,7808,3325,1,0.05577610162763,0.137356487255748,0.112911106360888,0.297828808745839,0.07563593611628548,0.5301172626500141,0.008959352713550136,0.42763759634142445,0.0439429566067121,0.8056799096100407,0,0.34849757229669914
TAGCAGTGATTCTGTC-1,GSM8500537_Cap.area4_DLBCL_V2,6964,4937,1,0.121278285033743,0.166138987495603,0.0978562921794363,0.277491067884081,0.07563593611628548,0.5301172626500141,0.008959352713550136,0.42763759634142445,0.0439429566067121,0.8056799096100407,0,0.34849757229669914
TAGCCGCTGTGGCTGG-1,GSM8500537_Cap.area4_DLBCL_V2,1531,2003,1,0.381134149693102,0.0264799002206658,0.790026567319144,0,0.07563593611628548,0.5301172626500141,0.008959352713550136,0.42763759634142445,0.0439429566067121,0.8056799096100407,0,0.34849757229669914
TAGCGGACCACTGTTA-1,GSM8500537_Cap.area4_DLBCL_V2,1259,3083,1,0.359544385745259,0,0.831282254863041,0,0.07563593611628548,0.5301172626500141,0.008959352713550136,0.42763759634142445,0.0439429566067121,0.8056799096100407,0,0.34849757229669914
TAGCGTACGGAGCGCC-1,GSM8500537_Cap.area4_DLBCL_V2,3735,1070,1,0.23725837481296,0.149013399852889,0.500885577304791,0.032812165999939,0.07563593611628548,0.5301172626500141,0.008959352713550136,0.42763759634142445,0.0439429566067121,0.8056799096100407,0,0.34849757229669914
TAGCGTATAGCGCTAA-1,GSM8500537_Cap.area4_DLBCL_V2,3896,5418,1,0.263627202491831,0.201765326681378,0.0735334534461172,0.0771062998137234,0.07563593611628548,0.5301172626500141,0.008959352713550136,0.42763759634142445,0.0439429566067121,0.8056799096100407,0,0.34849757229669914
TAGCGTCACGACAGGC-1,GSM8500537_Cap.area4_DLBCL_V2,1418,4498,1,0.631508229761505,0.0816943298474527,0.81399822884539,0,0.07563593611628548,0.5301172626500141,0.008959352713550136,0.42763759634142445,0.0439429566067121,0.8056799096100407,0,0.34849757229669914
TAGCGTCTCGGTCTAT-1,GSM8500537_Cap.area4_DLBCL_V2,3984,1075,1,0.198720493480319,0.11223576065752,0.47592145845421,0.126759703178917,0.07563593611628548,0.5301172626500141,0.008959352713550136,0.42763759634142445,0.0439429566067121,0.8056799096100407,0,0.34849757229669914
TAGCTACCTGTAGGAT-1,GSM8500537_Cap.area4_DLBCL_V2,4160,1622,1,0.395135432253336,0.137004701141706,0.63929520261398,0.0321403487342352,0.07563593611628548,0.5301172626500141,0.008959352713550136,0.42763759634142445,0.0439429566067121,0.8056799096100407,0,0.34849757229669914
TAGCTAGAGGCCTGAA-1,GSM8500537_Cap.area4_DLBCL_V2,4321,5969,1,0.27350597001252003,0.253078128497873,0.0999328182734296,0.0592726051241335,0.07563593611628548,0.5301172626500141,0.008959352713550136,0.42763759634142445,0.0439429566067121,0.8056799096100407,0,0.34849757229669914
TAGCTATGTTGAGCAC-1,GSM8500537_Cap.area4_DLBCL_V2,7189,3095,1,0.530140165511345,0.383430874028591,0.597932635050539,0,0.07563593611628548,0.5301172626500141,0.008959352713550136,0.42763759634142445,0.0439429566067121,0.8056799096100407,0,0.34849757229669914
TAGCTTAAGCTGGCGT-1,GSM8500537_Cap.area4_DLBCL_V2,3742,3785,1,0.247763153876691,0.276487895359621,0.115063975325984,0.0574556447918894,0.07563593611628548,0.5301172626500141,0.008959352713550136,0.42763759634142445,0.0439429566067121,0.8056799096100407,0,0.34849757229669914
TAGGACTTCATGTTAT-1,GSM8500537_Cap.area4_DLBCL_V2,5233,7183,1,0.268207774757993,0.155025744347437,0.181054753107155,0.0101841390050997,0.07563593611628548,0.5301172626500141,0.008959352713550136,0.42763759634142445,0.0439429566067121,0.8056799096100407,0,0.34849757229669914
TAGGATGCACCGTTCA-1,GSM8500537_Cap.area4_DLBCL_V2,3655,4978,1,0.258267932940422,0.318702229044741,0.125187040034202,0.180184444376584,0.07563593611628548,0.5301172626500141,0.008959352713550136,0.42763759634142445,0.0439429566067121,0.8056799096100407,0,0.34849757229669914
TAGGCATCGGAGCCTC-1,GSM8500537_Cap.area4_DLBCL_V2,4599,1522,1,0.243396341649617,0.129745114970098,0.268421534797081,0.0389654014108163,0.07563593611628548,0.5301172626500141,0.008959352713550136,0.42763759634142445,0.0439429566067121,0.8056799096100407,0,0.34849757229669914
TAGGCATCTGCGGACC-1,GSM8500537_Cap.area4_DLBCL_V2,4624,3369,1,0.298576968882646,0.261744859125652,0.1109872660091,0.104818762024002,0.07563593611628548,0.5301172626500141,0.008959352713550136,0.42763759634142445,0.0439429566067121,0.8056799096100407,0,0.34849757229669914
TAGGCGAGCGATCGGT-1,GSM8500537_Cap.area4_DLBCL_V2,4827,2613,1,0.371072159281766,0.304758706706323,0.258313738663084,0.0571960790301401,0.07563593611628548,0.5301172626500141,0.008959352713550136,0.42763759634142445,0.0439429566067121,0.8056799096100407,0,0.34849757229669914
TAGGTCTTGGCTCGTC-1,GSM8500537_Cap.area4_DLBCL_V2,3608,4217,1,0.205698231899105,0.141130192842752,0.0692582526643662,0.0164900601581824,0.07563593611628548,0.5301172626500141,0.008959352713550136,0.42763759634142445,0.0439429566067121,0.8056799096100407,0,0.34849757229669914
TAGTATAACCTCGACA-1,GSM8500537_Cap.area4_DLBCL_V2,1310,3627,1,0.39440254069075,0.170584284754869,0.848581549454912,0,0.07563593611628548,0.5301172626500141,0.008959352713550136,0.42763759634142445,0.0439429566067121,0.8056799096100407,0,0.34849757229669914
TAGTATTGCCGAGTTG-1,GSM8500537_Cap.area4_DLBCL_V2,7868,3435,1,0.09541332030415,0.124948031596789,0.0958103032338841,0.283140440345681,0.07563593611628548,0.5301172626500141,0.008959352713550136,0.42763759634142445,0.0439429566067121,0.8056799096100407,0,0.34849757229669914
TAGTGAACATGCAGAT-1,GSM8500537_Cap.area4_DLBCL_V2,7305,3532,1,0.521330198186093,0.140906328951997,0.301371117965004,0.0282163251595566,0.07563593611628548,0.5301172626500141,0.008959352713550136,0.42763759634142445,0.0439429566067121,0.8056799096100407,0,0.34849757229669914
TAGTGACTCAATTGCT-1,GSM8500537_Cap.area4_DLBCL_V2,3423,4105,1,0.0859773414358567,0.0796315839969298,0.0851375698537271,0.0322777659022201,0.07563593611628548,0.5301172626500141,0.008959352713550136,0.42763759634142445,0.0439429566067121,0.8056799096100407,0,0.34849757229669914
TAGTGACTCGCTCCGC-1,GSM8500537_Cap.area4_DLBCL_V2,6418,4166,1,0.353223196017956,0.248121142345454,0.133386264390631,0.165480807402205,0.07563593611628548,0.5301172626500141,0.008959352713550136,0.42763759634142445,0.0439429566067121,0.8056799096100407,0,0.34849757229669914
TAGTGAGGTATCGACC-1,GSM8500537_Cap.area4_DLBCL_V2,6268,2316,1,0.281063914251687,0.140410630336755,0.094252908663389,0.223363972272269,0.07563593611628548,0.5301172626500141,0.008959352713550136,0.42763759634142445,0.0439429566067121,0.8056799096100407,0,0.34849757229669914
TAGTGCACTTGTACCG-1,GSM8500537_Cap.area4_DLBCL_V2,6368,472,1,0.163602772773078,0.116345262080655,0.0965584633706904,0.233975631355544,0.07563593611628548,0.5301172626500141,0.008959352713550136,0.42763759634142445,0.0439429566067121,0.8056799096100407,0,0.34849757229669914
TAGTGCTGTAGCGTTG-1,GSM8500537_Cap.area4_DLBCL_V2,7946,2676,1,0.0748770879775247,0.117480571812338,0.0841909182520536,0.350123675451186,0.07563593611628548,0.5301172626500141,0.008959352713550136,0.42763759634142445,0.0439429566067121,0.8056799096100407,0,0.34849757229669914
TAGTGGTTGAACCAAT-1,GSM8500537_Cap.area4_DLBCL_V2,1529,5152,1,0.0836412495801142,0.0810067478972785,0.486059791736648,0.038675298500626,0.07563593611628548,0.5301172626500141,0.008959352713550136,0.42763759634142445,0.0439429566067121,0.8056799096100407,0,0.34849757229669914
TAGTTACATAGAAGAT-1,GSM8500537_Cap.area4_DLBCL_V2,7151,1900,1,0.39241762604208,0.228053343567111,0.350367972638715,0,0.07563593611628548,0.5301172626500141,0.008959352713550136,0.42763759634142445,0.0439429566067121,0.8056799096100407,0,0.34849757229669914
TAGTTCAAGGTCCACG-1,GSM8500537_Cap.area4_DLBCL_V2,6149,8179,1,0.0811066662595047,0.141737823403371,0.1211714050142,0.246343176474181,0.07563593611628548,0.5301172626500141,0.008959352713550136,0.42763759634142445,0.0439429566067121,0.8056799096100407,0,0.34849757229669914
TAGTTCAATCGACCTC-1,GSM8500537_Cap.area4_DLBCL_V2,7287,4401,1,0.307951873454057,0.174453932009338,0.554218707057135,0.250679451552814,0.07563593611628548,0.5301172626500141,0.008959352713550136,0.42763759634142445,0.0439429566067121,0.8056799096100407,0,0.34849757229669914
TAGTTCGAATTAGCGG-1,GSM8500537_Cap.area4_DLBCL_V2,4196,5967,1,0.305737930192079,0.233378106111484,0.0554554615689987,0.0488136317830641,0.07563593611628548,0.5301172626500141,0.008959352713550136,0.42763759634142445,0.0439429566067121,0.8056799096100407,0,0.34849757229669914
TAGTTCGATCCTCACG-1,GSM8500537_Cap.area4_DLBCL_V2,5228,7400,1,0.259672641768712,0.109533403690556,0.0552417015299111,0.031682291507619,0.07563593611628548,0.5301172626500141,0.008959352713550136,0.42763759634142445,0.0439429566067121,0.8056799096100407,0,0.34849757229669914
TAGTTGAGTTCTGCAC-1,GSM8500537_Cap.area4_DLBCL_V2,4235,7162,1,0.2468775765719,0.24138923534491,0.103490396066815,0.0807096833297707,0.07563593611628548,0.5301172626500141,0.008959352713550136,0.42763759634142445,0.0439429566067121,0.8056799096100407,0,0.34849757229669914
TAGTTGGCTTAGGCCT-1,GSM8500537_Cap.area4_DLBCL_V2,1409,4933,1,0.276636027727731,0.129984969138764,0.690231166213699,0,0.07563593611628548,0.5301172626500141,0.008959352713550136,0.42763759634142445,0.0439429566067121,0.8056799096100407,0,0.34849757229669914
TATCAAGGCTCGTCGG-1,GSM8500537_Cap.area4_DLBCL_V2,7234,7006,1,0.131874675542798,0.152355367936295,0.105933367942102,0.242495495770605,0.07563593611628548,0.5301172626500141,0.008959352713550136,0.42763759634142445,0.0439429566067121,0.8056799096100407,0,0.34849757229669914
TATCACCGGCATCGTG-1,GSM8500537_Cap.area4_DLBCL_V2,6719,4715,1,0.13534064189086,0.146582877610413,0.0635783430543256,0.335236815586161,0.07563593611628548,0.5301172626500141,0.008959352713550136,0.42763759634142445,0.0439429566067121,0.8056799096100407,0,0.34849757229669914
TATCATGGATGTTGCC-1,GSM8500537_Cap.area4_DLBCL_V2,6070,2855,1,0.354979082053318,0.216796187917746,0.180764650196965,0.148044095642349,0.07563593611628548,0.5301172626500141,0.008959352713550136,0.42763759634142445,0.0439429566067121,0.8056799096100407,0,0.34849757229669914
TATCCAATACCGCAAT-1,GSM8500537_Cap.area4_DLBCL_V2,2307,6797,1,0.231547928054478,0,0.63251595566006,0.0388279842428314,0.07563593611628548,0.5301172626500141,0.008959352713550136,0.42763759634142445,0.0439429566067121,0.8056799096100407,0,0.34849757229669914
TATCCACTTGCGTATC-1,GSM8500537_Cap.area4_DLBCL_V2,3978,4442,1,0.243594833114484,0.201349579455691,0.11862155311937,0.165083824472471,0.07563593611628548,0.5301172626500141,0.008959352713550136,0.42763759634142445,0.0439429566067121,0.8056799096100407,0,0.34849757229669914
TATCCGGAATGAGCGG-1,GSM8500537_Cap.area4_DLBCL_V2,6932,375,1,0.110361254466058,0.166330870830535,0.0788621858490854,0.283812257611384,0.07563593611628548,0.5301172626500141,0.008959352713550136,0.42763759634142445,0.0439429566067121,0.8056799096100407,0,0.34849757229669914
TATCCTGCGGTTGATC-1,GSM8500537_Cap.area4_DLBCL_V2,4517,2498,1,0.262879042355025,0.183392497361604,0.115399883958836,0.0874431245610285,0.07563593611628548,0.5301172626500141,0.008959352713550136,0.42763759634142445,0.0439429566067121,0.8056799096100407,0,0.34849757229669914
TATCTAATCACCTCGG-1,GSM8500537_Cap.area4_DLBCL_V2,1005,3295,1,0.58157999206034094,0.0837730659758866,0.796210339878462,0.0220325526002382,0.07563593611628548,0.5301172626500141,0.008959352713550136,0.42763759634142445,0.0439429566067121,0.8056799096100407,0,0.34849757229669914
TATGAACTACGCGGTG-1,GSM8500537_Cap.area4_DLBCL_V2,6744,6562,1,0.142455797477631,0.140234737279734,0.0553638501236755,0.290606773139524,0.07563593611628548,0.5301172626500141,0.008959352713550136,0.42763759634142445,0.0439429566067121,0.8056799096100407,0,0.34849757229669914
TATGACAATGCTTGAA-1,GSM8500537_Cap.area4_DLBCL_V2,4042,4335,1,0.255015726631447,0.320956858230196,0.0993984181757107,0.0788469172748649,0.07563593611628548,0.5301172626500141,0.008959352713550136,0.42763759634142445,0.0439429566067121,0.8056799096100407,0,0.34849757229669914
TATGACAGCGAGAAGC-1,GSM8500537_Cap.area4_DLBCL_V2,6353,4273,1,0.192048126545943,0.167817966676261,0.104253824777842,0.0977799493083336,0.07563593611628548,0.5301172626500141,0.008959352713550136,0.42763759634142445,0.0439429566067121,0.8056799096100407,0,0.34849757229669914
TATGACGCGTATGTCG-1,GSM8500537_Cap.area4_DLBCL_V2,6380,2970,1,0.314731120407976,0.25643608685919,0.24208324426665,0.0913976852841482,0.07563593611628548,0.5301172626500141,0.008959352713550136,0.42763759634142445,0.0439429566067121,0.8056799096100407,0,0.34849757229669914
TATGAGTTCCGAGTGA-1,GSM8500537_Cap.area4_DLBCL_V2,1607,4394,1,0.273246404250771,0.13737247753366,0.752023086084221,0.0304608055699759,0.07563593611628548,0.5301172626500141,0.008959352713550136,0.42763759634142445,0.0439429566067121,0.8056799096100407,0,0.34849757229669914
TATGCTCCTGGTTAGT-1,GSM8500537_Cap.area4_DLBCL_V2,4285,1624,1,0.287568326869637,0.0847324826505484,0.583259535224601,0,0.07563593611628548,0.5301172626500141,0.008959352713550136,0.42763759634142445,0.0439429566067121,0.8056799096100407,0,0.34849757229669914
TATGGCCATAATAGAC-1,GSM8500537_Cap.area4_DLBCL_V2,3878,6286,1,0.306959416129722,0.175909047299242,0.0765413625675634,0.11213240907564,0.07563593611628548,0.5301172626500141,0.008959352713550136,0.42763759634142445,0.0439429566067121,0.8056799096100407,0,0.34849757229669914
TATGGCCGGCGACACT-1,GSM8500537_Cap.area4_DLBCL_V2,5014,5658,1,0.182383119064342,0.0257603377146695,0.233639722722692,0.0491953461385776,0.07563593611628548,0.5301172626500141,0.008959352713550136,0.42763759634142445,0.0439429566067121,0.8056799096100407,0,0.34849757229669914
TATGGCCTCACGTACA-1,GSM8500537_Cap.area4_DLBCL_V2,7196,5811,1,0.140272391364094,0.119479356551217,0.0838092038965401,0.251671908877149,0.07563593611628548,0.5301172626500141,0.008959352713550136,0.42763759634142445,0.0439429566067121,0.8056799096100407,0,0.34849757229669914
TATGTAGAGCTGATCA-1,GSM8500537_Cap.area4_DLBCL_V2,4114,6943,1,0.272345558371759,0.201557453068534,0.123354811127737,0.156548691483189,0.07563593611628548,0.5301172626500141,0.008959352713550136,0.42763759634142445,0.0439429566067121,0.8056799096100407,0,0.34849757229669914
TATGTTGCAGTCTAGG-1,GSM8500537_Cap.area4_DLBCL_V2,4743,6738,1,0.295782819800287,0.304790687262145,0.0976425321403487,0.0448896082083855,0.07563593611628548,0.5301172626500141,0.008959352713550136,0.42763759634142445,0.0439429566067121,0.8056799096100407,0,0.34849757229669914
TATTAAGCAGCGCCGG-1,GSM8500537_Cap.area4_DLBCL_V2,4729,7390,1,0.303004855406602,0.323931049921648,0.0450270253763704,0.106299813723394,0.07563593611628548,0.5301172626500141,0.008959352713550136,0.42763759634142445,0.0439429566067121,0.8056799096100407,0,0.34849757229669914
TATTAATATGTCGACT-1,GSM8500537_Cap.area4_DLBCL_V2,6356,7206,1,0.10985739151678,0.141162173398574,0.0852291812990503,0.244465141845055,0.07563593611628548,0.5301172626500141,0.008959352713550136,0.42763759634142445,0.0439429566067121,0.8056799096100407,0,0.34849757229669914
TATTCGGTGGAGATTC-1,GSM8500537_Cap.area4_DLBCL_V2,3934,6613,1,0.262955385226128,0.111388275928236,0.0957339603627814,0.0817326778025468,0.07563593611628548,0.5301172626500141,0.008959352713550136,0.42763759634142445,0.0439429566067121,0.8056799096100407,0,0.34849757229669914
TATTCGTGCGTTCTGG-1,GSM8500537_Cap.area4_DLBCL_V2,8053,3548,1,0.114040980853208,0.138171991429211,0.085107032705286,0.321479830213455,0.07563593611628548,0.5301172626500141,0.008959352713550136,0.42763759634142445,0.0439429566067121,0.8056799096100407,0,0.34849757229669914
TATTCGTTAACAGGCA-1,GSM8500537_Cap.area4_DLBCL_V2,7830,2240,1,0.101765047179894,0.128513863570949,0.0795645402632302,0.315250251931475,0.07563593611628548,0.5301172626500141,0.008959352713550136,0.42763759634142445,0.0439429566067121,0.8056799096100407,0,0.34849757229669914
TATTCGTTAATGCTCC-1,GSM8500537_Cap.area4_DLBCL_V2,6088,1987,1,0.147112712614896,0.11332309955547,0.298454820288881,0.0238800500809234,0.07563593611628548,0.5301172626500141,0.008959352713550136,0.42763759634142445,0.0439429566067121,0.8056799096100407,0,0.34849757229669914
TATTCTAAGGCTCATC-1,GSM8500537_Cap.area4_DLBCL_V2,4308,6621,1,0.311692674138089,0.167769995842528,0.044141448071579,0.0329953888905854,0.07563593611628548,0.5301172626500141,0.008959352713550136,0.42763759634142445,0.0439429566067121,0.8056799096100407,0,0.34849757229669914
TATTCTCAGCGGCTGG-1,GSM8500537_Cap.area4_DLBCL_V2,3818,6176,1,0.282346474486213,0.140826377562442,0.0993984181757107,0.0208874095336977,0.07563593611628548,0.5301172626500141,0.008959352713550136,0.42763759634142445,0.0439429566067121,0.8056799096100407,0,0.34849757229669914
TATTGAATCCGACTAA-1,GSM8500537_Cap.area4_DLBCL_V2,4994,3594,1,0.194033041194613,0.182976750135917,0.218371148502153,0.0864201300882523,0.07563593611628548,0.5301172626500141,0.008959352713550136,0.42763759634142445,0.0439429566067121,0.8056799096100407,0,0.34849757229669914
TATTGATCTACTTCGG-1,GSM8500537_Cap.area4_DLBCL_V2,4411,7709,1,0.314089840290714,0.204339761425054,0.288850887104162,0.0126423794546066,0.07563593611628548,0.5301172626500141,0.008959352713550136,0.42763759634142445,0.0439429566067121,0.8056799096100407,0,0.34849757229669914
TCAACAATGGAGGCCT-1,GSM8500537_Cap.area4_DLBCL_V2,4760,5870,1,0.345085045958408,0.218826953212447,0.145295752282652,0.0713805844810211,0.07563593611628548,0.5301172626500141,0.008959352713550136,0.42763759634142445,0.0439429566067121,0.8056799096100407,0,0.34849757229669914
TCAACACCAATCATTA-1,GSM8500537_Cap.area4_DLBCL_V2,6550,6884,1,0.0289950224448041,0.134110460839809,0.043515436528537,0.364353986624729,0.07563593611628548,0.5301172626500141,0.008959352713550136,0.42763759634142445,0.0439429566067121,0.8056799096100407,0,0.34849757229669914
TCAACAGGACAGCAAC-1,GSM8500537_Cap.area4_DLBCL_V2,6277,1882,1,0.117568021498152,0.0924078160478429,0.0421107277002474,0.106880019543775,0.07563593611628548,0.5301172626500141,0.008959352713550136,0.42763759634142445,0.0439429566067121,0.8056799096100407,0,0.34849757229669914
TCAACATGGATACAAC-1,GSM8500537_Cap.area4_DLBCL_V2,4919,7285,1,0.330106574648059,0.328680162461224,0.134393990289187,0.157739640272391,0.07563593611628548,0.5301172626500141,0.008959352713550136,0.42763759634142445,0.0439429566067121,0.8056799096100407,0,0.34849757229669914
TCAACCGGAGACCTCG-1,GSM8500537_Cap.area4_DLBCL_V2,6460,5144,1,0.14155495159862,0.140698455339154,0.0674565609063426,0.404495068250527,0.07563593611628548,0.5301172626500141,0.008959352713550136,0.42763759634142445,0.0439429566067121,0.8056799096100407,0,0.34849757229669914
TCAAGGAACCTATTGC-1,GSM8500537_Cap.area4_DLBCL_V2,7129,2986,1,0.454346963080588,0.15879944993444,0.550523712095764,0,0.07563593611628548,0.5301172626500141,0.008959352713550136,0.42763759634142445,0.0439429566067121,0.8056799096100407,0,0.34849757229669914
TCAAGGCCATAGCCTG-1,GSM8500537_Cap.area4_DLBCL_V2,4031,1836,1,0.336946895898861,0.248824714573539,0.15089931902159,0.064723486120866,0.07563593611628548,0.5301172626500141,0.008959352713550136,0.42763759634142445,0.0439429566067121,0.8056799096100407,0,0.34849757229669914
TCAAGGTATCAACTTA-1,GSM8500537_Cap.area4_DLBCL_V2,4459,5321,1,0.235609368797142,0.132383510825418,0.11975142761169,0,0.07563593611628548,0.5301172626500141,0.008959352713550136,0.42763759634142445,0.0439429566067121,0.8056799096100407,0,0.34849757229669914
TCAAGGTCTGAATATG-1,GSM8500537_Cap.area4_DLBCL_V2,4627,6302,1,0.346275994747611,0.358150244651252,0.155082908358018,0.08182428924787,0.07563593611628548,0.5301172626500141,0.008959352713550136,0.42763759634142445,0.0439429566067121,0.8056799096100407,0,0.34849757229669914
TCAAGTGATGGTTAAT-1,GSM8500537_Cap.area4_DLBCL_V2,4295,7272,1,0.254893578037683,0.24030189644696,0.0733654991296913,0,0.07563593611628548,0.5301172626500141,0.008959352713550136,0.42763759634142445,0.0439429566067121,0.8056799096100407,0,0.34849757229669914
TCACAAGCTCGAGGCA-1,GSM8500537_Cap.area4_DLBCL_V2,4421,4125,1,0.292545882065533,0.285746266270108,0.134424527437628,0.0767856597550921,0.07563593611628548,0.5301172626500141,0.008959352713550136,0.42763759634142445,0.0439429566067121,0.8056799096100407,0,0.34849757229669914
TCACAGCACCAAGGTT-1,GSM8500537_Cap.area4_DLBCL_V2,6074,2638,1,0.341573273887684,0.174741757011737,0.284758909213058,0.28002565120469,0.07563593611628548,0.5301172626500141,0.008959352713550136,0.42763759634142445,0.0439429566067121,0.8056799096100407,0,0.34849757229669914
TCACATAGACCTCCGT-1,GSM8500537_Cap.area4_DLBCL_V2,7073,2659,1,0.541225150395456,0.460008314944514,0.551836809478731,0,0.07563593611628548,0.5301172626500141,0.008959352713550136,0.42763759634142445,0.0439429566067121,0.8056799096100407,0,0.34849757229669914
TCACATTGTCGGTGAC-1,GSM8500537_Cap.area4_DLBCL_V2,4882,2940,1,0.344749137325557,0.219210719882312,0.353818670412557,0,0.07563593611628548,0.5301172626500141,0.008959352713550136,0.42763759634142445,0.0439429566067121,0.8056799096100407,0,0.34849757229669914
TCACCGTTGCTAATGG-1,GSM8500537_Cap.area4_DLBCL_V2,4804,3699,1,0.30011909487892,0.201813297515111,0.166106818945247,0.054356124225119803,0.07563593611628548,0.5301172626500141,0.008959352713550136,0.42763759634142445,0.0439429566067121,0.8056799096100407,0,0.34849757229669914
TCACTCCGCTCACTGG-1,GSM8500537_Cap.area4_DLBCL_V2,6171,7093,1,0.223867835221547,0.152994979052736,0.234097779949308,0.130714263902037,0.07563593611628548,0.5301172626500141,0.008959352713550136,0.42763759634142445,0.0439429566067121,0.8056799096100407,0,0.34849757229669914
TCAGAATCGATATCAT-1,GSM8500537_Cap.area4_DLBCL_V2,4330,5535,1,0.117888661556784,0.0824778534650932,0.0443399395364461,0.0564784560417748,0.07563593611628548,0.5301172626500141,0.008959352713550136,0.42763759634142445,0.0439429566067121,0.8056799096100407,0,0.34849757229669914
TCAGAATCTAATAGTC-1,GSM8500537_Cap.area4_DLBCL_V2,7084,5157,1,0.114636455247809,0.0772170520323643,0.0440803737746969,0.290835801752832,0.07563593611628548,0.5301172626500141,0.008959352713550136,0.42763759634142445,0.0439429566067121,0.8056799096100407,0,0.34849757229669914
TCAGCGTGACCTTACC-1,GSM8500537_Cap.area4_DLBCL_V2,4310,3471,1,0.255870766787797,0.0937030285586363,0.155266131248664,0.0858857299905335,0.07563593611628548,0.5301172626500141,0.008959352713550136,0.42763759634142445,0.0439429566067121,0.8056799096100407,0,0.34849757229669914
TCAGCTACCAACTCCG-1,GSM8500537_Cap.area4_DLBCL_V2,3643,2480,1,0.249763337099582,0.124612235760657,0.140226585641433,0.0661129263749352,0.07563593611628548,0.5301172626500141,0.008959352713550136,0.42763759634142445,0.0439429566067121,0.8056799096100407,0,0.34849757229669914
TCAGCTATTAATCGCT-1,GSM8500537_Cap.area4_DLBCL_V2,5050,3921,1,0.190124286194155,0.164188173590457,0.0881760161236144,0.0216203010962837,0.07563593611628548,0.5301172626500141,0.008959352713550136,0.42763759634142445,0.0439429566067121,0.8056799096100407,0,0.34849757229669914
TCAGCTCGATGACTTC-1,GSM8500537_Cap.area4_DLBCL_V2,1096,1885,1,0.515925122912023,0.0269436182800857,0.742816135829236,0,0.07563593611628548,0.5301172626500141,0.008959352713550136,0.42763759634142445,0.0439429566067121,0.8056799096100407,0,0.34849757229669914
TCAGGAGCAACGGTCG-1,GSM8500537_Cap.area4_DLBCL_V2,4537,4562,1,0.160457446483647,0.480715724839298,0.0753504137783614,0.0306287598864018,0.07563593611628548,0.5301172626500141,0.008959352713550136,0.42763759634142445,0.0439429566067121,0.8056799096100407,0,0.34849757229669914
TCAGTCATTGCAAGTG-1,GSM8500537_Cap.area4_DLBCL_V2,2496,6693,1,0.15259413076007,0,0.522047821174459,0,0.07563593611628548,0.5301172626500141,0.008959352713550136,0.42763759634142445,0.0439429566067121,0.8056799096100407,0,0.34849757229669914
TCAGTCCAACGGAAGT-1,GSM8500537_Cap.area4_DLBCL_V2,6783,4608,1,0.19682719027697201,0.119783171831526,0.0836717867285552,0.345527834610804,0.07563593611628548,0.5301172626500141,0.008959352713550136,0.42763759634142445,0.0439429566067121,0.8056799096100407,0,0.34849757229669914
TCAGTCGAAGTATCTA-1,GSM8500537_Cap.area4_DLBCL_V2,4165,1405,1,0.237746969188017,0.196280661357894,0.526933764925031,0.106483036614041,0.07563593611628548,0.5301172626500141,0.008959352713550136,0.42763759634142445,0.0439429566067121,0.8056799096100407,0,0.34849757229669914
TCAGTCGCCAAGGTTG-1,GSM8500537_Cap.area4_DLBCL_V2,4713,5109,1,0.30549363300455,0.165019668041831,0.152960576541363,0.0306287598864018,0.07563593611628548,0.5301172626500141,0.008959352713550136,0.42763759634142445,0.0439429566067121,0.8056799096100407,0,0.34849757229669914
TCAGTTCAGAATCTCG-1,GSM8500537_Cap.area4_DLBCL_V2,4091,1946,1,0.336672061562891,0.337490805590201,0.27915534247412,0.0293920053745381,0.07563593611628548,0.5301172626500141,0.008959352713550136,0.42763759634142445,0.0439429566067121,0.8056799096100407,0,0.34849757229669914
TCAGTTCTCCGGACCG-1,GSM8500537_Cap.area4_DLBCL_V2,3719,4871,1,0.283873331908266,0.269356231411302,0.158060280331023,0.0583564906709012,0.07563593611628548,0.5301172626500141,0.008959352713550136,0.42763759634142445,0.0439429566067121,0.8056799096100407,0,0.34849757229669914
TCAGTTGACAGTGCCA-1,GSM8500537_Cap.area4_DLBCL_V2,6469,4710,1,0.104299630500504,0.152355367936295,0.071884447430299,0.318670412556875,0.07563593611628548,0.5301172626500141,0.008959352713550136,0.42763759634142445,0.0439429566067121,0.8056799096100407,0,0.34849757229669914
TCAGTTGCTAAGCCTA-1,GSM8500537_Cap.area4_DLBCL_V2,7169,7114,1,0.147005832595352,0.112363682880808,0.0719607903014017,0.256084526826885,0.07563593611628548,0.5301172626500141,0.008959352713550136,0.42763759634142445,0.0439429566067121,0.8056799096100407,0,0.34849757229669914
TCATAGCTTCCAGTAC-1,GSM8500537_Cap.area4_DLBCL_V2,4727,4457,1,0.21064524994656,0.376299210080271,0.122896753901121,0.0575625248114331,0.07563593611628548,0.5301172626500141,0.008959352713550136,0.42763759634142445,0.0439429566067121,0.8056799096100407,0,0.34849757229669914
TCATAGGTAGTGACGA-1,GSM8500537_Cap.area4_DLBCL_V2,5052,6853,1,0.423947231807494,0.257475454923407,0.18148227318533,0,0.07563593611628548,0.5301172626500141,0.008959352713550136,0.42763759634142445,0.0439429566067121,0.8056799096100407,0,0.34849757229669914
TCATAGGTGAGTCGAC-1,GSM8500537_Cap.area4_DLBCL_V2,1547,4284,1,0.492533667206156,0.0412069461767246,0.806867804684399,0,0.07563593611628548,0.5301172626500141,0.008959352713550136,0.42763759634142445,0.0439429566067121,0.8056799096100407,0,0.34849757229669914
TCATCCATGCCAAGCG-1,GSM8500537_Cap.area4_DLBCL_V2,4424,7058,1,0.242266467157297,0.331030733314145,0.0976730692887898,0.0772131798332671,0.07563593611628548,0.5301172626500141,0.008959352713550136,0.42763759634142445,0.0439429566067121,0.8056799096100407,0,0.34849757229669914
TCATCCGATTGAATTC-1,GSM8500537_Cap.area4_DLBCL_V2,6428,582,1,0.227700247350902,0.159694905497458,0.0840229639356277,0.325541270956118,0.07563593611628548,0.5301172626500141,0.008959352713550136,0.42763759634142445,0.0439429566067121,0.8056799096100407,0,0.34849757229669914
TCATCCTAGGACTCGC-1,GSM8500537_Cap.area4_DLBCL_V2,4173,970,1,0.109139768528415,0.0638491796987432,0.132378538492076,0.145738540935047,0.07563593611628548,0.5301172626500141,0.008959352713550136,0.42763759634142445,0.0439429566067121,0.8056799096100407,0,0.34849757229669914
TCATCGCTGTGCAACA-1,GSM8500537_Cap.area4_DLBCL_V2,6184,6442,1,0.0441872537942407,0.135101858070293,0.0882676275689376,0.210721592817663,0.07563593611628548,0.5301172626500141,0.008959352713550136,0.42763759634142445,0.0439429566067121,0.8056799096100407,0,0.34849757229669914
TCATCTATCCACGATT-1,GSM8500537_Cap.area4_DLBCL_V2,6951,5589,1,0.153754542400831,0.125171895487544,0.0446300424466364,0.283842794759825,0.07563593611628548,0.5301172626500141,0.008959352713550136,0.42763759634142445,0.0439429566067121,0.8056799096100407,0,0.34849757229669914
TCATCTTCGACACCGT-1,GSM8500537_Cap.area4_DLBCL_V2,6984,7001,1,0.137142333648884,0.117064824586651,0.0614712798118912,0.343405502794149,0.07563593611628548,0.5301172626500141,0.008959352713550136,0.42763759634142445,0.0439429566067121,0.8056799096100407,0,0.34849757229669914
TCATGAGGCTTGACGC-1,GSM8500537_Cap.area4_DLBCL_V2,7021,2115,1,0.545393471157663,0.64669480955579,0.386951476471127,0,0.07563593611628548,0.5301172626500141,0.008959352713550136,0.42763759634142445,0.0439429566067121,0.8056799096100407,0,0.34849757229669914
TCATGAGGTTGATATG-1,GSM8500537_Cap.area4_DLBCL_V2,6982,4069,1,0.377378080434849,0.431881416099012,0.335267352734602,0.0941154914954042,0.07563593611628548,0.5301172626500141,0.008959352713550136,0.42763759634142445,0.0439429566067121,0.8056799096100407,0,0.34849757229669914
TCATGAGTAAGACATC-1,GSM8500537_Cap.area4_DLBCL_V2,1324,2976,1,0.535591046508077,0,0.836152930039393,0,0.07563593611628548,0.5301172626500141,0.008959352713550136,0.42763759634142445,0.0439429566067121,0.8056799096100407,0,0.34849757229669914
TCATGATTCTGATACT-1,GSM8500537_Cap.area4_DLBCL_V2,3837,2158,1,0.322227990350261,0.212606735105056,0.137692002320823,0.017894768986472,0.07563593611628548,0.5301172626500141,0.008959352713550136,0.42763759634142445,0.0439429566067121,0.8056799096100407,0,0.34849757229669914
TCATGCAGCGCCTTCG-1,GSM8500537_Cap.area4_DLBCL_V2,2169,7446,1,0.0874431245610285,0.00196680418305673,0.664381470058326,0.00375606925825267,0.07563593611628548,0.5301172626500141,0.008959352713550136,0.42763759634142445,0.0439429566067121,0.8056799096100407,0,0.34849757229669914
TCATGGTTCCGAACTT-1,GSM8500537_Cap.area4_DLBCL_V2,1484,1241,1,0.408709194735396,0.0359781252998177,0.580160014657831,0.0343542919962134,0.07563593611628548,0.5301172626500141,0.008959352713550136,0.42763759634142445,0.0439429566067121,0.8056799096100407,0,0.34849757229669914
TCCAACTAAGACTCCA-1,GSM8500537_Cap.area4_DLBCL_V2,3927,3898,1,0.255962378233121,0.208113467012057,0.0802210889547134,0.0688001954377501,0.07563593611628548,0.5301172626500141,0.008959352713550136,0.42763759634142445,0.0439429566067121,0.8056799096100407,0,0.34849757229669914
TCCAACTGGCTGAAGA-1,GSM8500537_Cap.area4_DLBCL_V2,4276,2059,1,0.216951171099643,0.380552624004605,0.1670382019727,0.016535865880844,0.07563593611628548,0.5301172626500141,0.008959352713550136,0.42763759634142445,0.0439429566067121,0.8056799096100407,0,0.34849757229669914
TCCAATCCAGATACAT-1,GSM8500537_Cap.area4_DLBCL_V2,7236,3857,1,0.477723150212233,0.594550513287921,0.314211988884478,0.100070235441414,0.07563593611628548,0.5301172626500141,0.008959352713550136,0.42763759634142445,0.0439429566067121,0.8056799096100407,0,0.34849757229669914
TCCAATGTCCACGAGC-1,GSM8500537_Cap.area4_DLBCL_V2,4118,643,1,0.152456713592085,0.116920912085452,0.0436528536965218,0.0426603963721868,0.07563593611628548,0.5301172626500141,0.008959352713550136,0.42763759634142445,0.0439429566067121,0.8056799096100407,0,0.34849757229669914
TCCAATTGGTTACAGT-1,GSM8500537_Cap.area4_DLBCL_V2,4950,5765,1,0.257214401319205,0.185055486264351,0.454850826029865,0,0.07563593611628548,0.5301172626500141,0.008959352713550136,0.42763759634142445,0.0439429566067121,0.8056799096100407,0,0.34849757229669914
TCCACCAAGTGACGAA-1,GSM8500537_Cap.area4_DLBCL_V2,6300,6879,1,0.0708767215317434,0.123908663532572,0.0809692490915198,0.365880844046783,0.07563593611628548,0.5301172626500141,0.008959352713550136,0.42763759634142445,0.0439429566067121,0.8056799096100407,0,0.34849757229669914
TCCAGATCTTCGCTTA-1,GSM8500537_Cap.area4_DLBCL_V2,4483,1085,1,0.170611048340306,0.0935910966132592,0.0571808104559196,0.0463248541851162,0.07563593611628548,0.5301172626500141,0.008959352713550136,0.42763759634142445,0.0439429566067121,0.8056799096100407,0,0.34849757229669914
TCCAGTACGTGCTATG-1,GSM8500537_Cap.area4_DLBCL_V2,4379,3147,1,0.421748557119736,0.14778214845374,0.473982349528201,0,0.07563593611628548,0.5301172626500141,0.008959352713550136,0.42763759634142445,0.0439429566067121,0.8056799096100407,0,0.34849757229669914
TCCAGTGATGCGTATC-1,GSM8500537_Cap.area4_DLBCL_V2,7989,3655,1,0.101383332824381,0.163804406920592,0.202965157113629,0.146975295446911,0.07563593611628548,0.5301172626500141,0.008959352713550136,0.42763759634142445,0.0439429566067121,0.8056799096100407,0,0.34849757229669914
TCCAGTGATTGGTGCT-1,GSM8500537_Cap.area4_DLBCL_V2,7171,3964,1,0.475875652731548,0.503677763919537,0.317464195193453,0.0242617644364369,0.07563593611628548,0.5301172626500141,0.008959352713550136,0.42763759634142445,0.0439429566067121,0.8056799096100407,0,0.34849757229669914
TCCAGTTGCGGTGCAC-1,GSM8500537_Cap.area4_DLBCL_V2,600,4808,1,0.0435612422511986,0,0.263443979601185,0,0.07563593611628548,0.5301172626500141,0.008959352713550136,0.42763759634142445,0.0439429566067121,0.8056799096100407,0,0.34849757229669914
TCCGAACCTCAACCAT-1,GSM8500537_Cap.area4_DLBCL_V2,4680,3696,1,0.30266894677375,0.16500367776392,0.139661648395273,0.110727700247351,0.07563593611628548,0.5301172626500141,0.008959352713550136,0.42763759634142445,0.0439429566067121,0.8056799096100407,0,0.34849757229669914
TCCGAAGTGACAGGCT-1,GSM8500537_Cap.area4_DLBCL_V2,6209,8289,1,0.0354383607658717,0,0.156884600116041,0.107399151067273,0.07563593611628548,0.5301172626500141,0.008959352713550136,0.42763759634142445,0.0439429566067121,0.8056799096100407,0,0.34849757229669914
TCCGAATACTCGCTGG-1,GSM8500537_Cap.area4_DLBCL_V2,6832,2219,1,0.428894249854949,0.727349771339026,0.350322166916053,0.0170397288301218,0.07563593611628548,0.5301172626500141,0.008959352713550136,0.42763759634142445,0.0439429566067121,0.8056799096100407,0,0.34849757229669914
TCCGAATAGAAGCACC-1,GSM8500537_Cap.area4_DLBCL_V2,1538,4718,1,0.270192689406663,0.128817678851258,0.701713134027544,0.013192048126546,0.07563593611628548,0.5301172626500141,0.008959352713550136,0.42763759634142445,0.0439429566067121,0.8056799096100407,0,0.34849757229669914
TCCGCCAACATTGCTC-1,GSM8500537_Cap.area4_DLBCL_V2,6770,5259,1,0.135294836168199,0.10416067031245,0.0884355818853635,0.38562311051394,0.07563593611628548,0.5301172626500141,0.008959352713550136,0.42763759634142445,0.0439429566067121,0.8056799096100407,0,0.34849757229669914
TCCGCCAGTGATTAAT-1,GSM8500537_Cap.area4_DLBCL_V2,4658,4782,1,0.357086145295752,0.416658671527711,0.116835129935567,0.0481112773689193,0.07563593611628548,0.5301172626500141,0.008959352713550136,0.42763759634142445,0.0439429566067121,0.8056799096100407,0,0.34849757229669914
TCCGCCGGTCTATTCA-1,GSM8500537_Cap.area4_DLBCL_V2,6761,5693,1,0.116545027025376,0.10927755924398,0.0430268421534797,0.317403120896571,0.07563593611628548,0.5301172626500141,0.008959352713550136,0.42763759634142445,0.0439429566067121,0.8056799096100407,0,0.34849757229669914
TCCGGCTCTATGGACA-1,GSM8500537_Cap.area4_DLBCL_V2,4568,3042,1,0.276483341985525,0.133694713614123,0.428497266925215,0.0469814028765994,0.07563593611628548,0.5301172626500141,0.008959352713550136,0.42763759634142445,0.0439429566067121,0.8056799096100407,0,0.34849757229669914
TCCGTCGGTACAAGTT-1,GSM8500537_Cap.area4_DLBCL_V2,7006,5916,1,0.11749167862705,0.0908887396462951,0.046034751274926,0.309081747946377,0.07563593611628548,0.5301172626500141,0.008959352713550136,0.42763759634142445,0.0439429566067121,0.8056799096100407,0,0.34849757229669914
TCCGTGTCTTACATAA-1,GSM8500537_Cap.area4_DLBCL_V2,4838,5111,1,0.339970073594528,0.296363810803032,0.303646135523865,0.0968943720035423,0.07563593611628548,0.5301172626500141,0.008959352713550136,0.42763759634142445,0.0439429566067121,0.8056799096100407,0,0.34849757229669914
TCCTAATTGCGGCCTG-1,GSM8500537_Cap.area4_DLBCL_V2,6313,6227,1,0.0809387119430788,0.135005916402827,0.0439276880324915,0.385577304791279,0.07563593611628548,0.5301172626500141,0.008959352713550136,0.42763759634142445,0.0439429566067121,0.8056799096100407,0,0.34849757229669914
TCCTACCGATCGTGGC-1,GSM8500537_Cap.area4_DLBCL_V2,6166,7310,1,0.188307325861911,0.137596341424414,0.140730448590711,0.298561700308425,0.07563593611628548,0.5301172626500141,0.008959352713550136,0.42763759634142445,0.0439429566067121,0.8056799096100407,0,0.34849757229669914
TCCTAGGTATCTGATG-1,GSM8500537_Cap.area4_DLBCL_V2,7120,3420,1,0.491464867010719,0.546579679554831,0.565151006199041,0.0398204415671665,0.07563593611628548,0.5301172626500141,0.008959352713550136,0.42763759634142445,0.0439429566067121,0.8056799096100407,0,0.34849757229669914
TCCTATCCTCGAATCA-1,GSM8500537_Cap.area4_DLBCL_V2,3781,1831,1,0.336504107246465,0.168313665291503,0.12938589794485,0.0805722661617858,0.07563593611628548,0.5301172626500141,0.008959352713550136,0.42763759634142445,0.0439429566067121,0.8056799096100407,0,0.34849757229669914
TCCTATCCTGTCAATA-1,GSM8500537_Cap.area4_DLBCL_V2,3975,1509,1,0.404082816746572,0.170648245866513,0.530460805569976,0.0133447338687513,0.07563593611628548,0.5301172626500141,0.008959352713550136,0.42763759634142445,0.0439429566067121,0.8056799096100407,0,0.34849757229669914
TCCTATGAGGATTGTT-1,GSM8500537_Cap.area4_DLBCL_V2,6590,4930,1,0.153708736678169,0.168985256963766,0.0820533178611781,0.265108254191224,0.07563593611628548,0.5301172626500141,0.008959352713550136,0.42763759634142445,0.0439429566067121,0.8056799096100407,0,0.34849757229669914
TCCTCAATGAGGAACG-1,GSM8500537_Cap.area4_DLBCL_V2,3706,5522,1,0.270452255168412,0.182001343183344,0.0439429566067121,0.076388676825358,0.07563593611628548,0.5301172626500141,0.008959352713550136,0.42763759634142445,0.0439429566067121,0.8056799096100407,0,0.34849757229669914
TCCTGCCGTGTCTAAG-1,GSM8500537_Cap.area4_DLBCL_V2,4785,7717,1,0.192551989495221,0.152579231827049,0.0439582251809326,0.14834946712676,0.07563593611628548,0.5301172626500141,0.008959352713550136,0.42763759634142445,0.0439429566067121,0.8056799096100407,0,0.34849757229669914
TCCTGGTGCGAGGCCT-1,GSM8500537_Cap.area4_DLBCL_V2,1725,1681,1,0.445659144349101,0.0235376890850363,0.862506489144044,0,0.07563593611628548,0.5301172626500141,0.008959352713550136,0.42763759634142445,0.0439429566067121,0.8056799096100407,0,0.34849757229669914
TCCTTGAACGATGGTC-1,GSM8500537_Cap.area4_DLBCL_V2,6988,702,1,0.296927962866828,0.212494803159679,0.138058448102116,0.238922649402999,0.07563593611628548,0.5301172626500141,0.008959352713550136,0.42763759634142445,0.0439429566067121,0.8056799096100407,0,0.34849757229669914
TCCTTGGCTCAAGAGT-1,GSM8500537_Cap.area4_DLBCL_V2,6861,3849,1,0.43290988487495,0.557341136588954,0.495587382050264,0.0109933734387883,0.07563593611628548,0.5301172626500141,0.008959352713550136,0.42763759634142445,0.0439429566067121,0.8056799096100407,0,0.34849757229669914
TCGAATCTTGCGTTAC-1,GSM8500537_Cap.area4_DLBCL_V2,4858,7175,1,0.281460897181421,0.334468643065016,0.0725409961217821,0.098925092374874,0.07563593611628548,0.5301172626500141,0.008959352713550136,0.42763759634142445,0.0439429566067121,0.8056799096100407,0,0.34849757229669914
TCGAATTAGTTACTCC-1,GSM8500537_Cap.area4_DLBCL_V2,6650,5039,1,0.277888050813815,0.173830311170808,0.136669007848047,0.305508901578771,0.07563593611628548,0.5301172626500141,0.008959352713550136,0.42763759634142445,0.0439429566067121,0.8056799096100407,0,0.34849757229669914
TCGAATTGTACACTAT-1,GSM8500537_Cap.area4_DLBCL_V2,7051,3744,1,0.510046721837115,0.388499792126387,0.415717470302623,0.130958561089565,0.07563593611628548,0.5301172626500141,0.008959352713550136,0.42763759634142445,0.0439429566067121,0.8056799096100407,0,0.34849757229669914
TCGACCTGCAGCTCAG-1,GSM8500537_Cap.area4_DLBCL_V2,6544,1019,1,0.290851070327053,0.0475550865074035,0.0793660487983632,0.112636272024918,0.07563593611628548,0.5301172626500141,0.008959352713550136,0.42763759634142445,0.0439429566067121,0.8056799096100407,0,0.34849757229669914
TCGATATTAGACATAC-1,GSM8500537_Cap.area4_DLBCL_V2,6500,3190,1,0.470791217516108,0.496913876363171,0.576220722508932,0.0700980242464959,0.07563593611628548,0.5301172626500141,0.008959352713550136,0.42763759634142445,0.0439429566067121,0.8056799096100407,0,0.34849757229669914
TCGATCCAGTCTGTAG-1,GSM8500537_Cap.area4_DLBCL_V2,4399,5211,1,0.308257244938468,0.13473408167834,0.0861300271780621,0.159052737655358,0.07563593611628548,0.5301172626500141,0.008959352713550136,0.42763759634142445,0.0439429566067121,0.8056799096100407,0,0.34849757229669914
TCGATCGTTGTCTGAA-1,GSM8500537_Cap.area4_DLBCL_V2,3919,1182,1,0.240220478211745,0.1272826121718,0.723363972272269,0,0.07563593611628548,0.5301172626500141,0.008959352713550136,0.42763759634142445,0.0439429566067121,0.8056799096100407,0,0.34849757229669914
TCGCAATAGTGACGCA-1,GSM8500537_Cap.area4_DLBCL_V2,5104,7397,1,0.338153113262284,0.187342096005629,0.059593245182764903,0.106116590832748,0.07563593611628548,0.5301172626500141,0.008959352713550136,0.42763759634142445,0.0439429566067121,0.8056799096100407,0,0.34849757229669914
TCGCACTGTACGGCGA-1,GSM8500537_Cap.area4_DLBCL_V2,4671,4130,1,0.256191406846429,0.296459752470498,0.162869881210493,0.117965004427886,0.07563593611628548,0.5301172626500141,0.008959352713550136,0.42763759634142445,0.0439429566067121,0.8056799096100407,0,0.34849757229669914
TCGCCTATCGACTCCT-1,GSM8500537_Cap.area4_DLBCL_V2,4778,5001,1,0.340825113750878,0.279685950941827,0.222493663541699,0.0518826152013925,0.07563593611628548,0.5301172626500141,0.008959352713550136,0.42763759634142445,0.0439429566067121,0.8056799096100407,0,0.34849757229669914
TCGCCTGCTATCAGTC-1,GSM8500537_Cap.area4_DLBCL_V2,1286,1780,1,0.337084313066846,0,0.819281155525697,0,0.07563593611628548,0.5301172626500141,0.008959352713550136,0.42763759634142445,0.0439429566067121,0.8056799096100407,0,0.34849757229669914
TCGCCTTGTTCTGATT-1,GSM8500537_Cap.area4_DLBCL_V2,7182,380,1,0.306012764528048,0.182257187629921,0.13732555653953,0.280071456927352,0.07563593611628548,0.5301172626500141,0.008959352713550136,0.42763759634142445,0.0439429566067121,0.8056799096100407,0,0.34849757229669914
TCGCGGAGTACAACCA-1,GSM8500537_Cap.area4_DLBCL_V2,6657,7755,1,0.0885577304791278,0.160430458281365,0.0422481448682323,0.35618529941674,0.07563593611628548,0.5301172626500141,0.008959352713550136,0.42763759634142445,0.0439429566067121,0.8056799096100407,0,0.34849757229669914
TCGCGGTAGTATGATC-1,GSM8500537_Cap.area4_DLBCL_V2,4289,1407,1,0.225898555592879,0.15414627906233,0.441170183528262,0.101276452804837,0.07563593611628548,0.5301172626500141,0.008959352713550136,0.42763759634142445,0.0439429566067121,0.8056799096100407,0,0.34849757229669914
TCGGAATCAGCCTAAC-1,GSM8500537_Cap.area4_DLBCL_V2,4220,1732,1,0.440009771887501,0.167114394448176,0.502458240449507,0.0249793874248023,0.07563593611628548,0.5301172626500141,0.008959352713550136,0.42763759634142445,0.0439429566067121,0.8056799096100407,0,0.34849757229669914
TCGGACCAGATTCAAT-1,GSM8500537_Cap.area4_DLBCL_V2,6463,8077,1,0.0814120377439155,0.147670216508363,0.0839313524903045,0.351406235685712,0.07563593611628548,0.5301172626500141,0.008959352713550136,0.42763759634142445,0.0439429566067121,0.8056799096100407,0,0.34849757229669914
TCGGACCAGGATCGCC-1,GSM8500537_Cap.area4_DLBCL_V2,1181,3842,1,0.562540080007329,0.320972848508107,0.766665648761719,0,0.07563593611628548,0.5301172626500141,0.008959352713550136,0.42763759634142445,0.0439429566067121,0.8056799096100407,0,0.34849757229669914
TCGGACTGCCACCTCC-1,GSM8500537_Cap.area4_DLBCL_V2,4257,6077,1,0.264757076984151,0.294892705235217,0.116392341283171,0.135096344703332,0.07563593611628548,0.5301172626500141,0.008959352713550136,0.42763759634142445,0.0439429566067121,0.8056799096100407,0,0.34849757229669914
TCGGAGTTGTCTTGTT-1,GSM8500537_Cap.area4_DLBCL_V2,5829,2416,1,0.1211714050142,0.0772810131440085,0.0769994197941796,0.121644730815036,0.07563593611628548,0.5301172626500141,0.008959352713550136,0.42763759634142445,0.0439429566067121,0.8056799096100407,0,0.34849757229669914
TCGGCGACCTCGCTGA-1,GSM8500537_Cap.area4_DLBCL_V2,2548,7237,1,0.0995969096405778,0.0165339473600051,0.621339359330626,0.0364460866644273,0.07563593611628548,0.5301172626500141,0.008959352713550136,0.42763759634142445,0.0439429566067121,0.8056799096100407,0,0.34849757229669914
TCGGTATCGTAATTGG-1,GSM8500537_Cap.area4_DLBCL_V2,6231,7203,1,0.309707759489419,0.200534075282228,0.350322166916053,0.200186276605491,0.07563593611628548,0.5301172626500141,0.008959352713550136,0.42763759634142445,0.0439429566067121,0.8056799096100407,0,0.34849757229669914
TCGGTGATCGCCGGCC-1,GSM8500537_Cap.area4_DLBCL_V2,6391,5469,1,0.197269978929368,0.14979692347053,0.0672122637188139,0.253091886279659,0.07563593611628548,0.5301172626500141,0.008959352713550136,0.42763759634142445,0.0439429566067121,0.8056799096100407,0,0.34849757229669914
TCGTAAGGCGTTCAGG-1,GSM8500537_Cap.area4_DLBCL_V2,4853,1310,1,0.244144501786423,0.156416898525696,0.0735945277429993,0.0384462698873179,0.07563593611628548,0.5301172626500141,0.008959352713550136,0.42763759634142445,0.0439429566067121,0.8056799096100407,0,0.34849757229669914
TCGTATACAAGACGAG-1,GSM8500537_Cap.area4_DLBCL_V2,6097,7635,1,0.0515161694200995,0.158703508266974,0.0889394448346413,0.230921916511436,0.07563593611628548,0.5301172626500141,0.008959352713550136,0.42763759634142445,0.0439429566067121,0.8056799096100407,0,0.34849757229669914
TCGTATCACGTTATGA-1,GSM8500537_Cap.area4_DLBCL_V2,4439,3257,1,0.395379729440865,0.126259234385494,0.41732067059578,0.0448590710599445,0.07563593611628548,0.5301172626500141,0.008959352713550136,0.42763759634142445,0.0439429566067121,0.8056799096100407,0,0.34849757229669914
TCGTATCCTGATGCAA-1,GSM8500537_Cap.area4_DLBCL_V2,4294,1190,1,0.0846642440528903,0.0532636157216413,0.0765718997160045,0.112254557669405,0.07563593611628548,0.5301172626500141,0.008959352713550136,0.42763759634142445,0.0439429566067121,0.8056799096100407,0,0.34849757229669914
TCGTATGTGGCCATTA-1,GSM8500537_Cap.area4_DLBCL_V2,1303,912,1,0.41194613247015,0.035050689180978,0.348581549454912,0,0.07563593611628548,0.5301172626500141,0.008959352713550136,0.42763759634142445,0.0439429566067121,0.8056799096100407,0,0.34849757229669914
TCGTATTCTGAGTGGC-1,GSM8500537_Cap.area4_DLBCL_V2,3998,6506,1,0.310211622438697,0.256468067415012,0.144242220661435,0.068571166824442,0.07563593611628548,0.5301172626500141,0.008959352713550136,0.42763759634142445,0.0439429566067121,0.8056799096100407,0,0.34849757229669914
TCGTCAAGCCTAATCT-1,GSM8500537_Cap.area4_DLBCL_V2,4027,2054,1,0.352062784377195,0.233122261664908,0.138989831129569,0.0429657678565976,0.07563593611628548,0.5301172626500141,0.008959352713550136,0.42763759634142445,0.0439429566067121,0.8056799096100407,0,0.34849757229669914
TCGTCACGATGTTCGA-1,GSM8500537_Cap.area4_DLBCL_V2,6369,6554,1,0.161801081015055,0.153874444337843,0.0681589153204873,0.388982196842459,0.07563593611628548,0.5301172626500141,0.008959352713550136,0.42763759634142445,0.0439429566067121,0.8056799096100407,0,0.34849757229669914
TCGTCCAGCATGGCTT-1,GSM8500537_Cap.area4_DLBCL_V2,4094,4879,1,0.265123522765444,0.183824234865202,0.0593336794210156,0.0793355116499221,0.07563593611628548,0.5301172626500141,0.008959352713550136,0.42763759634142445,0.0439429566067121,0.8056799096100407,0,0.34849757229669914
TCTAACAAGCCAATCC-1,GSM8500537_Cap.area4_DLBCL_V2,6694,2868,1,0.397089809753565,0.557549010201797,0.511146059180994,0.0206583809203896,0.07563593611628548,0.5301172626500141,0.008959352713550136,0.42763759634142445,0.0439429566067121,0.8056799096100407,0,0.34849757229669914
TCTACAACTGGAACTT-1,GSM8500537_Cap.area4_DLBCL_V2,1426,4064,1,0.668351299355666,0.055790079631584,0.812624057165542,0,0.07563593611628548,0.5301172626500141,0.008959352713550136,0.42763759634142445,0.0439429566067121,0.8056799096100407,0,0.34849757229669914
TCTACAGCACGTCCGA-1,GSM8500537_Cap.area4_DLBCL_V2,6413,4383,1,0.303356032613674,0.220649844894304,0.0922832625889395,0.206156289125721,0.07563593611628548,0.5301172626500141,0.008959352713550136,0.42763759634142445,0.0439429566067121,0.8056799096100407,0,0.34849757229669914
TCTACAGGTACGCAGT-1,GSM8500537_Cap.area4_DLBCL_V2,4076,5747,1,0.22394417809265,0.0875147910070677,0.115399883958836,0.0972302806363942,0.07563593611628548,0.5301172626500141,0.008959352713550136,0.42763759634142445,0.0439429566067121,0.8056799096100407,0,0.34849757229669914
TCTACATGAACTATAC-1,GSM8500537_Cap.area4_DLBCL_V2,6543,4168,1,0.408296943231441,0.26404745914484,0.130683726753596,0.188307325861911,0.07563593611628548,0.5301172626500141,0.008959352713550136,0.42763759634142445,0.0439429566067121,0.8056799096100407,0,0.34849757229669914
TCTACATGAATCTGAT-1,GSM8500537_Cap.area4_DLBCL_V2,4988,6961,1,0.338458484746694,0.248185103457098,0.448331144837695,0.0207499923657128,0.07563593611628548,0.5301172626500141,0.008959352713550136,0.42763759634142445,0.0439429566067121,0.8056799096100407,0,0.34849757229669914
TCTACATTCGATCGCC-1,GSM8500537_Cap.area4_DLBCL_V2,1544,1351,1,0.553638501236755,0,0.737304180535622,0,0.07563593611628548,0.5301172626500141,0.008959352713550136,0.42763759634142445,0.0439429566067121,0.8056799096100407,0,0.34849757229669914
TCTACTCCGACTCGGC-1,GSM8500537_Cap.area4_DLBCL_V2,3766,5632,1,0.254145417900876,0.215053247625444,0.0819311692674138,0.0618529941674046,0.07563593611628548,0.5301172626500141,0.008959352713550136,0.42763759634142445,0.0439429566067121,0.8056799096100407,0,0.34849757229669914
TCTACTCGAGCAGAGG-1,GSM8500537_Cap.area4_DLBCL_V2,2608,7346,1,0.196002687269063,0,0.737319449109842,0,0.07563593611628548,0.5301172626500141,0.008959352713550136,0.42763759634142445,0.0439429566067121,0.8056799096100407,0,0.34849757229669914
TCTAGAATTGCGGTTG-1,GSM8500537_Cap.area4_DLBCL_V2,1233,4386,1,0.632134241304547,0.210975726758131,0.766833603078145,0,0.07563593611628548,0.5301172626500141,0.008959352713550136,0.42763759634142445,0.0439429566067121,0.8056799096100407,0,0.34849757229669914
TCTAGGCGGAAGGCAC-1,GSM8500537_Cap.area4_DLBCL_V2,4546,4128,1,0.243869667450453,0.245146950654002,0.14410480349345,0.115644181146365,0.07563593611628548,0.5301172626500141,0.008959352713550136,0.42763759634142445,0.0439429566067121,0.8056799096100407,0,0.34849757229669914
TCTATCCGTGTTGCCA-1,GSM8500537_Cap.area4_DLBCL_V2,8256,2791,1,0.129462240815953,0.170536313921136,0.0699911442269521,0.370217119125416,0.07563593611628548,0.5301172626500141,0.008959352713550136,0.42763759634142445,0.0439429566067121,0.8056799096100407,0,0.34849757229669914
TCTATTCCTTCCGGAA-1,GSM8500537_Cap.area4_DLBCL_V2,5413,7512,1,0.285812440834275,0.205491061434648,0.113659266497694,0.0376217668794088,0.07563593611628548,0.5301172626500141,0.008959352713550136,0.42763759634142445,0.0439429566067121,0.8056799096100407,0,0.34849757229669914
TCTATTGATGCATGCC-1,GSM8500537_Cap.area4_DLBCL_V2,1678,920,1,0.564326503191132,0.121430170456363,0.484044339939536,0,0.07563593611628548,0.5301172626500141,0.008959352713550136,0.42763759634142445,0.0439429566067121,0.8056799096100407,0,0.34849757229669914
TCTATTGGCTTCGATC-1,GSM8500537_Cap.area4_DLBCL_V2,1471,1893,1,0.530369194124653,0,0.796164534155801,0,0.07563593611628548,0.5301172626500141,0.008959352713550136,0.42763759634142445,0.0439429566067121,0.8056799096100407,0,0.34849757229669914
TCTGAGCGTAATTGTC-1,GSM8500537_Cap.area4_DLBCL_V2,6162,7528,1,0.122637188139372,0.149605040135598,0.137004916480899,0.285598680795187,0.07563593611628548,0.5301172626500141,0.008959352713550136,0.42763759634142445,0.0439429566067121,0.8056799096100407,0,0.34849757229669914
TCTGCAAGGACGGCAA-1,GSM8500537_Cap.area4_DLBCL_V2,4261,5860,1,0.264222676886432,0.122085771850715,0.0658686291874064,0.0698995327816289,0.07563593611628548,0.5301172626500141,0.008959352713550136,0.42763759634142445,0.0439429566067121,0.8056799096100407,0,0.34849757229669914
TCTGCAATTCACAAGA-1,GSM8500537_Cap.area4_DLBCL_V2,4907,4787,1,0.297752465874737,0.208097476734146,0.108819128469783,0,0.07563593611628548,0.5301172626500141,0.008959352713550136,0.42763759634142445,0.0439429566067121,0.8056799096100407,0,0.34849757229669914
TCTGCCTGGATGTCAG-1,GSM8500537_Cap.area4_DLBCL_V2,6839,4935,1,0.127339908999298,0.176916434807637,0.0828014779979845,0.242129049989312,0.07563593611628548,0.5301172626500141,0.008959352713550136,0.42763759634142445,0.0439429566067121,0.8056799096100407,0,0.34849757229669914
TCTGCGAGGTGCACGT-1,GSM8500537_Cap.area4_DLBCL_V2,1613,1027,1,0.33917610773506,0.131440084428667,0.785812440834275,0,0.07563593611628548,0.5301172626500141,0.008959352713550136,0.42763759634142445,0.0439429566067121,0.8056799096100407,0,0.34849757229669914
TCTGGATATTAACCTA-1,GSM8500537_Cap.area4_DLBCL_V2,4758,2937,1,0.396204232448774,0.326809299945633,0.500351177207072,0.00595474394601037,0.07563593611628548,0.5301172626500141,0.008959352713550136,0.42763759634142445,0.0439429566067121,0.8056799096100407,0,0.34849757229669914
TCTGGTATCTGTAGCC-1,GSM8500537_Cap.area4_DLBCL_V2,1504,3305,1,0.574434299325129,0.0949502702356967,0.774437353039973,0,0.07563593611628548,0.5301172626500141,0.008959352713550136,0.42763759634142445,0.0439429566067121,0.8056799096100407,0,0.34849757229669914
TCTGGTCCTCCACTGT-1,GSM8500537_Cap.area4_DLBCL_V2,6939,3090,1,0.57333496198125,0.308740285906169,0.712996610376523,0,0.07563593611628548,0.5301172626500141,0.008959352713550136,0.42763759634142445,0.0439429566067121,0.8056799096100407,0,0.34849757229669914
TCTGTCACCGTTAATA-1,GSM8500537_Cap.area4_DLBCL_V2,1241,3952,1,0.468165022750176,0.0937030285586363,0.789034109994809,0,0.07563593611628548,0.5301172626500141,0.008959352713550136,0.42763759634142445,0.0439429566067121,0.8056799096100407,0,0.34849757229669914
TCTTACCATTCTAAGC-1,GSM8500537_Cap.area4_DLBCL_V2,971,1883,1,0.39156258588573,0.048738367072819803,0.536919412465264,0,0.07563593611628548,0.5301172626500141,0.008959352713550136,0.42763759634142445,0.0439429566067121,0.8056799096100407,0,0.34849757229669914
TCTTACGAATCAGTGC-1,GSM8500537_Cap.area4_DLBCL_V2,4336,2168,1,0.288117995541576,0.364402443314465,0.144058997770788,0,0.07563593611628548,0.5301172626500141,0.008959352713550136,0.42763759634142445,0.0439429566067121,0.8056799096100407,0,0.34849757229669914
TCTTACGAGGAATAAG-1,GSM8500537_Cap.area4_DLBCL_V2,6422,3949,1,0.366858032796897,0.418513543765391,0.357391516780163,0.005038629492778,0.07563593611628548,0.5301172626500141,0.008959352713550136,0.42763759634142445,0.0439429566067121,0.8056799096100407,0,0.34849757229669914
TCTTACTCTGTATGCG-1,GSM8500537_Cap.area4_DLBCL_V2,4722,4674,1,0.309555073747213,0.46181521634846,0.265734265734266,0.00821449293065013,0.07563593611628548,0.5301172626500141,0.008959352713550136,0.42763759634142445,0.0439429566067121,0.8056799096100407,0,0.34849757229669914
TCTTAGGCGACAGTCA-1,GSM8500537_Cap.area4_DLBCL_V2,6683,6452,1,0.113292820716401,0.163724455531037,0.0951232173939598,0.327633065624332,0.07563593611628548,0.5301172626500141,0.008959352713550136,0.42763759634142445,0.0439429566067121,0.8056799096100407,0,0.34849757229669914
TCTTAGTCGCGGCAGA-1,GSM8500537_Cap.area4_DLBCL_V2,7512,2559,1,0.103398784621492,0.124452332981547,0.0864201300882523,0.119736159037469,0.07563593611628548,0.5301172626500141,0.008959352713550136,0.42763759634142445,0.0439429566067121,0.8056799096100407,0,0.34849757229669914
TCTTAGTCGTCTCGGC-1,GSM8500537_Cap.area4_DLBCL_V2,4103,4444,1,0.292774910678841,0.363618919696824,0.116911472806669,0.073838824930528,0.07563593611628548,0.5301172626500141,0.008959352713550136,0.42763759634142445,0.0439429566067121,0.8056799096100407,0,0.34849757229669914
TCTTAGTCTGCCATCA-1,GSM8500537_Cap.area4_DLBCL_V2,8122,3223,1,0.141539683024399,0.112043877322588,0.134241304546981,0.168610865117415,0.07563593611628548,0.5301172626500141,0.008959352713550136,0.42763759634142445,0.0439429566067121,0.8056799096100407,0,0.34849757229669914
TCTTCGAATTGTATAC-1,GSM8500537_Cap.area4_DLBCL_V2,6928,6674,1,0.165786178886616,0.18022642233522,0.0713653159068006,0.275154976028338,0.07563593611628548,0.5301172626500141,0.008959352713550136,0.42763759634142445,0.0439429566067121,0.8056799096100407,0,0.34849757229669914
TCTTGCACCAATCTAT-1,GSM8500537_Cap.area4_DLBCL_V2,5607,7190,1,0.373912114086787,0.248025200677988,0.160274223593001,0.0642959660426909,0.07563593611628548,0.5301172626500141,0.008959352713550136,0.42763759634142445,0.0439429566067121,0.8056799096100407,0,0.34849757229669914
TCTTGCACTATTCAGA-1,GSM8500537_Cap.area4_DLBCL_V2,4934,3484,1,0.353131584572633,0.202708753078129,0.329999694628516,0.106406693742938,0.07563593611628548,0.5301172626500141,0.008959352713550136,0.42763759634142445,0.0439429566067121,0.8056799096100407,0,0.34849757229669914
TCTTGCACTGGTGCTC-1,GSM8500537_Cap.area4_DLBCL_V2,4415,7492,1,0.295324762573671,0.255300777127506,0.0957644975112224,0,0.07563593611628548,0.5301172626500141,0.008959352713550136,0.42763759634142445,0.0439429566067121,0.8056799096100407,0,0.34849757229669914
TCTTGCAGACTGCGAG-1,GSM8500537_Cap.area4_DLBCL_V2,7456,2232,1,0.249610651357376,0.122437557964757,0.163526429901976,0.265260939933429,0.07563593611628548,0.5301172626500141,0.008959352713550136,0.42763759634142445,0.0439429566067121,0.8056799096100407,0,0.34849757229669914
TCTTGCCGGCAGTCTA-1,GSM8500537_Cap.area4_DLBCL_V2,4700,5760,1,0.343833022872324,0.199862483609965,0.0615323541087733,0.0447521910404006,0.07563593611628548,0.5301172626500141,0.008959352713550136,0.42763759634142445,0.0439429566067121,0.8056799096100407,0,0.34849757229669914
TCTTGCTCCGTCGGCA-1,GSM8500537_Cap.area4_DLBCL_V2,6255,2968,1,0.30802821632516,0.396958649141322,0.282621308822182,0.117934467279445,0.07563593611628548,0.5301172626500141,0.008959352713550136,0.42763759634142445,0.0439429566067121,0.8056799096100407,0,0.34849757229669914
TCTTGCTGTCCTAGGC-1,GSM8500537_Cap.area4_DLBCL_V2,2797,7242,1,0.59570342321434,0.0447248073171512,0.679711118575747,0,0.07563593611628548,0.5301172626500141,0.008959352713550136,0.42763759634142445,0.0439429566067121,0.8056799096100407,0,0.34849757229669914
TGAAGCACCGTCATGA-1,GSM8500537_Cap.area4_DLBCL_V2,3960,5310,1,0.214981525025193,0.234849211679299,0.0574403762176688,0.0495923290683116,0.07563593611628548,0.5301172626500141,0.008959352713550136,0.42763759634142445,0.0439429566067121,0.8056799096100407,0,0.34849757229669914
TGAAGTATGATCGTGC-1,GSM8500537_Cap.area4_DLBCL_V2,3797,4112,1,0.219317800103826,0.202948607246794,0.0453629340092222,1.37417167984877e-4,0.07563593611628548,0.5301172626500141,0.008959352713550136,0.42763759634142445,0.0439429566067121,0.8056799096100407,0,0.34849757229669914
TGAATGCGGTTATGGA-1,GSM8500537_Cap.area4_DLBCL_V2,7425,3752,1,0.334595535468898,0.424286034091273,0.41591596176749,0,0.07563593611628548,0.5301172626500141,0.008959352713550136,0.42763759634142445,0.0439429566067121,0.8056799096100407,0,0.34849757229669914
TGAATGTACCTTCGTC-1,GSM8500537_Cap.area4_DLBCL_V2,1435,3630,1,0.559593245182765,0.0540631296171927,0.829785934589428,0,0.07563593611628548,0.5301172626500141,0.008959352713550136,0.42763759634142445,0.0439429566067121,0.8056799096100407,0,0.34849757229669914
TGAATTATGCCGCAGT-1,GSM8500537_Cap.area4_DLBCL_V2,6431,3514,1,0.374446514184505,0.45188525376571,0.51867346627172,0.0611964454759215,0.07563593611628548,0.5301172626500141,0.008959352713550136,0.42763759634142445,0.0439429566067121,0.8056799096100407,0,0.34849757229669914
TGACCAACTTGGTCAA-1,GSM8500537_Cap.area4_DLBCL_V2,4178,753,1,0.177939963966165,0.151635805430298,0.0665557150273307,0.0113750877943017,0.07563593611628548,0.5301172626500141,0.008959352713550136,0.42763759634142445,0.0439429566067121,0.8056799096100407,0,0.34849757229669914
TGACCAAGCTGCACAT-1,GSM8500537_Cap.area4_DLBCL_V2,4272,2276,1,0.326381042538248,0.182017333461256,0.150151158884783,0.0355452407854154,0.07563593611628548,0.5301172626500141,0.008959352713550136,0.42763759634142445,0.0439429566067121,0.8056799096100407,0,0.34849757229669914
TGACCTCCTTCAGATT-1,GSM8500537_Cap.area4_DLBCL_V2,4807,6631,1,0.371072159281766,0.338274329207842,0.104834030598223,0.0736250648914404,0.07563593611628548,0.5301172626500141,0.008959352713550136,0.42763759634142445,0.0439429566067121,0.8056799096100407,0,0.34849757229669914
TGACCTGTCTATCTCG-1,GSM8500537_Cap.area4_DLBCL_V2,4290,7489,1,0.287476715424314,0.0923758354920209,0.197071487464501,0,0.07563593611628548,0.5301172626500141,0.008959352713550136,0.42763759634142445,0.0439429566067121,0.8056799096100407,0,0.34849757229669914
TGACGCTCACCAAGCC-1,GSM8500537_Cap.area4_DLBCL_V2,4466,1954,1,0.337969890371637,0.208449262848188,0.350276361193392,0.0480807402204783,0.07563593611628548,0.5301172626500141,0.008959352713550136,0.42763759634142445,0.0439429566067121,0.8056799096100407,0,0.34849757229669914
TGACGCTCGCGGTAGT-1,GSM8500537_Cap.area4_DLBCL_V2,6736,3847,1,0.440070846184383,0.374764143400812,0.610468134485602,0.0582343420771368,0.07563593611628548,0.5301172626500141,0.008959352713550136,0.42763759634142445,0.0439429566067121,0.8056799096100407,0,0.34849757229669914
TGACGCTTACTAGACA-1,GSM8500537_Cap.area4_DLBCL_V2,6952,2439,1,0.379530949399945,0.471457353928811,0.406434177176535,0.0115583106849483,0.07563593611628548,0.5301172626500141,0.008959352713550136,0.42763759634142445,0.0439429566067121,0.8056799096100407,0,0.34849757229669914
TGACTCTGCTCGCACG-1,GSM8500537_Cap.area4_DLBCL_V2,4381,6079,1,0.334427581152472,0.217100003198056,0.0799462546187437,0.131844138394357,0.07563593611628548,0.5301172626500141,0.008959352713550136,0.42763759634142445,0.0439429566067121,0.8056799096100407,0,0.34849757229669914
TGACTTGCACTCACGG-1,GSM8500537_Cap.area4_DLBCL_V2,4521,2281,1,0.32502213943262,0.216444401803703,0.206354780590588,0.168381836504107,0.07563593611628548,0.5301172626500141,0.008959352713550136,0.42763759634142445,0.0439429566067121,0.8056799096100407,0,0.34849757229669914
TGAGACTATTGAATCT-1,GSM8500537_Cap.area4_DLBCL_V2,4373,6514,1,0.265230402784988,0.226981994947072,0.0816257977830031,0.0739151678016307,0.07563593611628548,0.5301172626500141,0.008959352713550136,0.42763759634142445,0.0439429566067121,0.8056799096100407,0,0.34849757229669914
TGAGATGCTCTAATGA-1,GSM8500537_Cap.area4_DLBCL_V2,5898,2092,1,0.16251870400342,0.0534554990565737,0.101337527101719,0.154273673924329,0.07563593611628548,0.5301172626500141,0.008959352713550136,0.42763759634142445,0.0439429566067121,0.8056799096100407,0,0.34849757229669914
TGAGGAATCCATAGAA-1,GSM8500537_Cap.area4_DLBCL_V2,7015,5481,1,0.123996091245,0.143336851194474,0.0451644425443553,0.344779674473998,0.07563593611628548,0.5301172626500141,0.008959352713550136,0.42763759634142445,0.0439429566067121,0.8056799096100407,0,0.34849757229669914
TGAGGACCACTGTTAC-1,GSM8500537_Cap.area4_DLBCL_V2,7942,2894,1,0.0587992793232968,0.144184335923758,0.0740983906922772,0.234800134363453,0.07563593611628548,0.5301172626500141,0.008959352713550136,0.42763759634142445,0.0439429566067121,0.8056799096100407,0,0.34849757229669914
TGAGGTAGGACTACTG-1,GSM8500537_Cap.area4_DLBCL_V2,4236,4013,1,0.289675390112071,0.260881384118456,0.0845115583106849,0.0646166061013222,0.07563593611628548,0.5301172626500141,0.008959352713550136,0.42763759634142445,0.0439429566067121,0.8056799096100407,0,0.34849757229669914
TGAGTATTCTAGGACT-1,GSM8500537_Cap.area4_DLBCL_V2,1594,5045,1,0.100848932726662,0.120422782947968,0.742510764344825,0.028903410999480902,0.07563593611628548,0.5301172626500141,0.008959352713550136,0.42763759634142445,0.0439429566067121,0.8056799096100407,0,0.34849757229669914
TGAGTCGCCTCCGTCG-1,GSM8500537_Cap.area4_DLBCL_V2,8247,3226,1,0.18062723302898,0.170472352809492,0.198781567777201,0.243396341649617,0.07563593611628548,0.5301172626500141,0.008959352713550136,0.42763759634142445,0.0439429566067121,0.8056799096100407,0,0.34849757229669914
TGAGTGACCTACTCGT-1,GSM8500537_Cap.area4_DLBCL_V2,6487,3841,1,0.568372675359575,0.497185711087659,0.443155098176932,0.017467248908297,0.07563593611628548,0.5301172626500141,0.008959352713550136,0.42763759634142445,0.0439429566067121,0.8056799096100407,0,0.34849757229669914
TGAGTGAGATCGCTAA-1,GSM8500537_Cap.area4_DLBCL_V2,4018,2488,1,0.348841115216661,0.18069014039464,0.0778544599505299,0.0913518795614865,0.07563593611628548,0.5301172626500141,0.008959352713550136,0.42763759634142445,0.0439429566067121,0.8056799096100407,0,0.34849757229669914
TGATCCGCACTCCTTA-1,GSM8500537_Cap.area4_DLBCL_V2,7033,4613,1,0.207881638012642,0.19839137804215,0.137905762359911,0.376355085962073,0.07563593611628548,0.5301172626500141,0.008959352713550136,0.42763759634142445,0.0439429566067121,0.8056799096100407,0,0.34849757229669914
TGATGGAACTAACGAA-1,GSM8500537_Cap.area4_DLBCL_V2,2113,7119,1,0.274803798821266,0.0148709584572579,0.558631325006871,0.060616239655541,0.07563593611628548,0.5301172626500141,0.008959352713550136,0.42763759634142445,0.0439429566067121,0.8056799096100407,0,0.34849757229669914
TGATGGATGATCACGG-1,GSM8500537_Cap.area4_DLBCL_V2,6494,6557,1,0.111781231868568,0.103393136972721,0.0845115583106849,0.25791675573335,0.07563593611628548,0.5301172626500141,0.008959352713550136,0.42763759634142445,0.0439429566067121,0.8056799096100407,0,0.34849757229669914
TGATGGCCGGCATCGC-1,GSM8500537_Cap.area4_DLBCL_V2,4773,5218,1,0.340015879317189,0.21142345453964,0.203407945766024,0.0376523040278499,0.07563593611628548,0.5301172626500141,0.008959352713550136,0.42763759634142445,0.0439429566067121,0.8056799096100407,0,0.34849757229669914
TGATGGCGCAGGCTAG-1,GSM8500537_Cap.area4_DLBCL_V2,6983,919,1,0.210431489907472,0.117128785698295,0.0496228662167527,0.290545698842642,0.07563593611628548,0.5301172626500141,0.008959352713550136,0.42763759634142445,0.0439429566067121,0.8056799096100407,0,0.34849757229669914
TGATTAGAATGACATA-1,GSM8500537_Cap.area4_DLBCL_V2,4809,3481,1,0.370018627660549,0.287569157951965,0.159510794881974,0.0872446330961615,0.07563593611628548,0.5301172626500141,0.008959352713550136,0.42763759634142445,0.0439429566067121,0.8056799096100407,0,0.34849757229669914
TGATTCAAGATCGAGC-1,GSM8500537_Cap.area4_DLBCL_V2,7142,2334,1,0.328121659999389,0.309028110908568,0.46544721653892,0,0.07563593611628548,0.5301172626500141,0.008959352713550136,0.42763759634142445,0.0439429566067121,0.8056799096100407,0,0.34849757229669914
TGATTCGTCTGGATCT-1,GSM8500537_Cap.area4_DLBCL_V2,5186,6422,1,0.352398693010047,0.280229620390802,0.236449140379271,0.0469508657281583,0.07563593611628548,0.5301172626500141,0.008959352713550136,0.42763759634142445,0.0439429566067121,0.8056799096100407,0,0.34849757229669914
TGCAACAGTGAAGCTC-1,GSM8500537_Cap.area4_DLBCL_V2,4697,2827,1,0.370827862094238,0.325626019380217,0.234189391394632,0.15486914831893,0.07563593611628548,0.5301172626500141,0.008959352713550136,0.42763759634142445,0.0439429566067121,0.8056799096100407,0,0.34849757229669914
TGCAACGTTACCTGGT-1,GSM8500537_Cap.area4_DLBCL_V2,3530,4976,1,0.263627202491831,0.146838722056989,0.0442025223684612,0.042355024887776,0.07563593611628548,0.5301172626500141,0.008959352713550136,0.42763759634142445,0.0439429566067121,0.8056799096100407,0,0.34849757229669914
TGCACCGGTCACCTCC-1,GSM8500537_Cap.area4_DLBCL_V2,6707,2217,1,0.461874370171313,0.49657808052704,0.338779124805326,0.0942834458118301,0.07563593611628548,0.5301172626500141,0.008959352713550136,0.42763759634142445,0.0439429566067121,0.8056799096100407,0,0.34849757229669914
TGCACGCTCCTATCCG-1,GSM8500537_Cap.area4_DLBCL_V2,6944,2873,1,0.614208935169634,0.223879881032332,0.553867529850063,0,0.07563593611628548,0.5301172626500141,0.008959352713550136,0.42763759634142445,0.0439429566067121,0.8056799096100407,0,0.34849757229669914
TGCACTCCAGCTACTC-1,GSM8500537_Cap.area4_DLBCL_V2,1315,3410,1,0.404037011023911,0.0958617160766254,0.854704247717348,0.00357284636760624,0.07563593611628548,0.5301172626500141,0.008959352713550136,0.42763759634142445,0.0439429566067121,0.8056799096100407,0,0.34849757229669914
TGCAGACAATACTGTT-1,GSM8500537_Cap.area4_DLBCL_V2,4150,5206,1,0.3182428924787,0.198183504429307,0.0644028460622347,0.0651510061990411,0.07563593611628548,0.5301172626500141,0.008959352713550136,0.42763759634142445,0.0439429566067121,0.8056799096100407,0,0.34849757229669914
TGCAGACGAACCAGAT-1,GSM8500537_Cap.area4_DLBCL_V2,8002,3003,1,0.10361254466058,0.129873037193386,0.0947720401868873,0.343390234219929,0.07563593611628548,0.5301172626500141,0.008959352713550136,0.42763759634142445,0.0439429566067121,0.8056799096100407,0,0.34849757229669914
TGCAGTTATTCCACTC-1,GSM8500537_Cap.area4_DLBCL_V2,4490,3801,1,0.264329556905976,0.123540887140619,0.156044828533912,0.0747396708095398,0.07563593611628548,0.5301172626500141,0.008959352713550136,0.42763759634142445,0.0439429566067121,0.8056799096100407,0,0.34849757229669914
TGCATAAGTTCCTGAA-1,GSM8500537_Cap.area4_DLBCL_V2,6558,367,1,0.167221424863346,0.152978988774825,0.216462576724585,0.28764466974074,0.07563593611628548,0.5301172626500141,0.008959352713550136,0.42763759634142445,0.0439429566067121,0.8056799096100407,0,0.34849757229669914
TGCATTCACTTCGCCG-1,GSM8500537_Cap.area4_DLBCL_V2,8176,6700,1,0.0767093168839894,0.0401675781125076,0.0767093168839894,0.0383546584419947,0.07563593611628548,0.5301172626500141,0.008959352713550136,0.42763759634142445,0.0439429566067121,0.8056799096100407,0,0.34849757229669914
TGCATTCGCCAGCGAT-1,GSM8500537_Cap.area4_DLBCL_V2,7253,2988,1,0.39212752313189,0.13473408167834,0.534751274925947,0,0.07563593611628548,0.5301172626500141,0.008959352713550136,0.42763759634142445,0.0439429566067121,0.8056799096100407,0,0.34849757229669914
TGCATTCGCTACAATG-1,GSM8500537_Cap.area4_DLBCL_V2,4562,6409,1,0.407380828778209,0.31372925261441,0.0728158304577519,0.0126729166030476,0.07563593611628548,0.5301172626500141,0.008959352713550136,0.42763759634142445,0.0439429566067121,0.8056799096100407,0,0.34849757229669914
TGCATTCTTACGGAGG-1,GSM8500537_Cap.area4_DLBCL_V2,7274,5052,1,0.129370629370629,0.109837218970866,0.0501114605918099,0.311326228356796,0.07563593611628548,0.5301172626500141,0.008959352713550136,0.42763759634142445,0.0439429566067121,0.8056799096100407,0,0.34849757229669914
TGCATTGCTGTCGGCG-1,GSM8500537_Cap.area4_DLBCL_V2,3780,4981,1,0.274559501633737,0.19714413636509,0.077320059852811,0.0776559684856628,0.07563593611628548,0.5301172626500141,0.008959352713550136,0.42763759634142445,0.0439429566067121,0.8056799096100407,0,0.34849757229669914
TGCCAATCCATGTCTA-1,GSM8500537_Cap.area4_DLBCL_V2,4383,2930,1,0.288438635600208,0.159487031884614,0.397349375515314,0.0359269551409289,0.07563593611628548,0.5301172626500141,0.008959352713550136,0.42763759634142445,0.0439429566067121,0.8056799096100407,0,0.34849757229669914
TGCCACAATGCTACCG-1,GSM8500537_Cap.area4_DLBCL_V2,7004,2983,1,0.549470180474547,0.230787681089897,0.630989098238007,0,0.07563593611628548,0.5301172626500141,0.008959352713550136,0.42763759634142445,0.0439429566067121,0.8056799096100407,0,0.34849757229669914
TGCCACCTATTACATT-1,GSM8500537_Cap.area4_DLBCL_V2,6592,7862,1,0.0707851100864201,0.144312258147047,0.0420191162549242,0.277659022200507,0.07563593611628548,0.5301172626500141,0.008959352713550136,0.42763759634142445,0.0439429566067121,0.8056799096100407,0,0.34849757229669914
TGCCACTCAACCGGCC-1,GSM8500537_Cap.area4_DLBCL_V2,6259,2751,1,0.368644455980701,0.197256068310467,0.237914923504443,0.171496625645097,0.07563593611628548,0.5301172626500141,0.008959352713550136,0.42763759634142445,0.0439429566067121,0.8056799096100407,0,0.34849757229669914
TGCCGAGTTAAGAACG-1,GSM8500537_Cap.area4_DLBCL_V2,4192,6184,1,0.315631966286988,0.216140586523394,0.115384615384615,0.08861880477601,0.07563593611628548,0.5301172626500141,0.008959352713550136,0.42763759634142445,0.0439429566067121,0.8056799096100407,0,0.34849757229669914
TGCCGGAACTTAGGCA-1,GSM8500537_Cap.area4_DLBCL_V2,6830,5369,1,0.107399151067273,0.132239598324219,0.0866491587015604,0.33494671267597,0.07563593611628548,0.5301172626500141,0.008959352713550136,0.42763759634142445,0.0439429566067121,0.8056799096100407,0,0.34849757229669914
TGCCGGCATTATAGAT-1,GSM8500537_Cap.area4_DLBCL_V2,2247,6687,1,0.1183467187834,0.0252806293773385,0.678459095489663,0.00804653861422422,0.07563593611628548,0.5301172626500141,0.008959352713550136,0.42763759634142445,0.0439429566067121,0.8056799096100407,0,0.34849757229669914
TGCCTAAGTTAATTAT-1,GSM8500537_Cap.area4_DLBCL_V2,3918,4332,1,0.279308028216325,0.187422047395184,0.0542950499282377,0.0995663724921367,0.07563593611628548,0.5301172626500141,0.008959352713550136,0.42763759634142445,0.0439429566067121,0.8056799096100407,0,0.34849757229669914
TGCCTATCAATGCCAT-1,GSM8500537_Cap.area4_DLBCL_V2,1551,4067,1,0.627065074663328,0.215788800409351,0.812715668610865,0,0.07563593611628548,0.5301172626500141,0.008959352713550136,0.42763759634142445,0.0439429566067121,0.8056799096100407,0,0.34849757229669914
TGCCTATCGGCTATGT-1,GSM8500537_Cap.area4_DLBCL_V2,6616,3627,1,0.559379485143677,0.451069749592248,0.498564754023269,0.037713378324732,0.07563593611628548,0.5301172626500141,0.008959352713550136,0.42763759634142445,0.0439429566067121,0.8056799096100407,0,0.34849757229669914
TGCCTTAGGCGTCTAT-1,GSM8500537_Cap.area4_DLBCL_V2,4050,7050,1,0.398998381531133,0.242380632575394,0.350627538400464,0.0708309158090817,0.07563593611628548,0.5301172626500141,0.008959352713550136,0.42763759634142445,0.0439429566067121,0.8056799096100407,0,0.34849757229669914
TGCGACTACGTGCGAG-1,GSM8500537_Cap.area4_DLBCL_V2,6882,5913,1,0.102177298683849,0.0919920688221562,0.0435612422511986,0.278559868079519,0.07563593611628548,0.5301172626500141,0.008959352713550136,0.42763759634142445,0.0439429566067121,0.8056799096100407,0,0.34849757229669914
TGCGATTAGCTCCGCC-1,GSM8500537_Cap.area4_DLBCL_V2,1676,4069,1,0.560417748190674,0.0406952572835716,0.737334717684063,0,0.07563593611628548,0.5301172626500141,0.008959352713550136,0.42763759634142445,0.0439429566067121,0.8056799096100407,0,0.34849757229669914
TGCGCCAGTAATGATC-1,GSM8500537_Cap.area4_DLBCL_V2,7998,3221,1,0.118987998900663,0.131456074706578,0.0629065257886219,0.363086694964424,0.07563593611628548,0.5301172626500141,0.008959352713550136,0.42763759634142445,0.0439429566067121,0.8056799096100407,0,0.34849757229669914
TGCGCCTCTGGCTACA-1,GSM8500537_Cap.area4_DLBCL_V2,1139,2864,1,0.395562952331511,0.0268476766126196,0.793660487983632,0.00282468623079979,0.07563593611628548,0.5301172626500141,0.008959352713550136,0.42763759634142445,0.0439429566067121,0.8056799096100407,0,0.34849757229669914
TGCGGACTCACGTGAT-1,GSM8500537_Cap.area4_DLBCL_V2,3866,3788,1,0.300745106421962,0.176164891745819,0.0626774971753138,0.0916725196201179,0.07563593611628548,0.5301172626500141,0.008959352713550136,0.42763759634142445,0.0439429566067121,0.8056799096100407,0,0.34849757229669914
TGCGGACTTAACTTCC-1,GSM8500537_Cap.area4_DLBCL_V2,6425,6881,1,0.0838550096192018,0.104560427260226,0.0373011268207775,0.334870369804868,0.07563593611628548,0.5301172626500141,0.008959352713550136,0.42763759634142445,0.0439429566067121,0.8056799096100407,0,0.34849757229669914
TGCGGACTTCTGTCGC-1,GSM8500537_Cap.area4_DLBCL_V2,4497,6516,1,0.331770849238098,0.234065688061659,0.16561822457019,0.0617613827220814,0.07563593611628548,0.5301172626500141,0.008959352713550136,0.42763759634142445,0.0439429566067121,0.8056799096100407,0,0.34849757229669914
TGCGGATCGGATCTTA-1,GSM8500537_Cap.area4_DLBCL_V2,6904,4827,1,0.121079793568877,0.144408199814513,0.0448896082083855,0.275551958958072,0.07563593611628548,0.5301172626500141,0.008959352713550136,0.42763759634142445,0.0439429566067121,0.8056799096100407,0,0.34849757229669914
TGCGTATCTTGTACCG-1,GSM8500537_Cap.area4_DLBCL_V2,6857,4066,1,0.375530582954164,0.417522146534907,0.35955965431948,0.0130088252358995,0.07563593611628548,0.5301172626500141,0.008959352713550136,0.42763759634142445,0.0439429566067121,0.8056799096100407,0,0.34849757229669914
TGCGTGTCAGCCAGTG-1,GSM8500537_Cap.area4_DLBCL_V2,4618,6736,1,0.269184963508108,0.254980971569286,0.0649983204568357,0.0410419275048096,0.07563593611628548,0.5301172626500141,0.008959352713550136,0.42763759634142445,0.0439429566067121,0.8056799096100407,0,0.34849757229669914
TGCGTTAGCACGTACC-1,GSM8500537_Cap.area4_DLBCL_V2,6443,6013,1,0.0756252481143311,0.118392017653267,0.0563868445964516,0.331999877851406,0.07563593611628548,0.5301172626500141,0.008959352713550136,0.42763759634142445,0.0439429566067121,0.8056799096100407,0,0.34849757229669914
TGCTACGCTGCGTGGA-1,GSM8500537_Cap.area4_DLBCL_V2,4234,1080,1,0.087259901670382,0.111212382871214,0.0500198491464867,0.150120621736342,0.07563593611628548,0.5301172626500141,0.008959352713550136,0.42763759634142445,0.0439429566067121,0.8056799096100407,0,0.34849757229669914
TGCTATAATGTCGCTG-1,GSM8500537_Cap.area4_DLBCL_V2,2178,7012,1,0.285064280697468,0,0.598085320792744,0,0.07563593611628548,0.5301172626500141,0.008959352713550136,0.42763759634142445,0.0439429566067121,0.8056799096100407,0,0.34849757229669914
TGCTATCCTAAGACGA-1,GSM8500537_Cap.area4_DLBCL_V2,4229,1297,1,0.126103154487434,0.0596437366081423,0.150181696033224,0.0964821204995877,0.07563593611628548,0.5301172626500141,0.008959352713550136,0.42763759634142445,0.0439429566067121,0.8056799096100407,0,0.34849757229669914
TGCTATTGTCAAGGAG-1,GSM8500537_Cap.area4_DLBCL_V2,6296,7096,1,0.20696552355941,0.175988998688797,0.274742724524384,0.171206522734907,0.07563593611628548,0.5301172626500141,0.008959352713550136,0.42763759634142445,0.0439429566067121,0.8056799096100407,0,0.34849757229669914
TGCTGTGAAGTCAAGA-1,GSM8500537_Cap.area4_DLBCL_V2,7144,5267,1,0.0998106696796653,0.132751287217372,0.0799920603414053,0.331786117812319,0.07563593611628548,0.5301172626500141,0.008959352713550136,0.42763759634142445,0.0439429566067121,0.8056799096100407,0,0.34849757229669914
TGCTTAGTTGACTTAC-1,GSM8500537_Cap.area4_DLBCL_V2,4914,7502,1,0.304669129996641,0.180194441779398,0.118667358842031,0.116483952728494,0.07563593611628548,0.5301172626500141,0.008959352713550136,0.42763759634142445,0.0439429566067121,0.8056799096100407,0,0.34849757229669914
TGGAAGACGTGAGTAG-1,GSM8500537_Cap.area4_DLBCL_V2,7576,2452,1,0.073472379149235,0.111867984265567,0.0567838275261856,0.155052371209576,0.07563593611628548,0.5301172626500141,0.008959352713550136,0.42763759634142445,0.0439429566067121,0.8056799096100407,0,0.34849757229669914
TGGAAGACTAGTCTTG-1,GSM8500537_Cap.area4_DLBCL_V2,1988,7117,1,0.257962561456011,0,0.317067212263719,0,0.07563593611628548,0.5301172626500141,0.008959352713550136,0.42763759634142445,0.0439429566067121,0.8056799096100407,0,0.34849757229669914
TGGAAGCCATAACAGT-1,GSM8500537_Cap.area4_DLBCL_V2,6647,2107,1,0.384294744556753,0.24541878537849,0.618972730326442,0.0444315509817693,0.07563593611628548,0.5301172626500141,0.008959352713550136,0.42763759634142445,0.0439429566067121,0.8056799096100407,0,0.34849757229669914
TGGAAGCTCCATCGAC-1,GSM8500537_Cap.area4_DLBCL_V2,7356,4076,1,0.381485326900174,0.346909079279798,0.601505481418145,0.118484135951385,0.07563593611628548,0.5301172626500141,0.008959352713550136,0.42763759634142445,0.0439429566067121,0.8056799096100407,0,0.34849757229669914
TGGACGCCTGCGACCG-1,GSM8500537_Cap.area4_DLBCL_V2,4874,3374,1,0.270360643723089,0.22415171575682,0.300867255015727,0.0332244175038935,0.07563593611628548,0.5301172626500141,0.008959352713550136,0.42763759634142445,0.0439429566067121,0.8056799096100407,0,0.34849757229669914
TGGACTGACGTACCAC-1,GSM8500537_Cap.area4_DLBCL_V2,6901,1895,1,0.406999114422695,0.446048802328184,0.238082877820869,0.149372461599536,0.07563593611628548,0.5301172626500141,0.008959352713550136,0.42763759634142445,0.0439429566067121,0.8056799096100407,0,0.34849757229669914
TGGACTGAGTACCTAG-1,GSM8500537_Cap.area4_DLBCL_V2,6349,4490,1,0.123202125385532,0.0788000895455563,0.043148990747244,0.20638531773903,0.07563593611628548,0.5301172626500141,0.008959352713550136,0.42763759634142445,0.0439429566067121,0.8056799096100407,0,0.34849757229669914
TGGAGTCGGCAAGCTC-1,GSM8500537_Cap.area4_DLBCL_V2,6403,7967,1,0.0804348489938009,0.091368447983626,0.0821143921580603,0.326060402479616,0.07563593611628548,0.5301172626500141,0.008959352713550136,0.42763759634142445,0.0439429566067121,0.8056799096100407,0,0.34849757229669914
TGGAGTGAACGCGGTC-1,GSM8500537_Cap.area4_DLBCL_V2,7059,3310,1,0.496701987968364,0.368080207234002,0.599734326808563,0.0338809661953767,0.07563593611628548,0.5301172626500141,0.008959352713550136,0.42763759634142445,0.0439429566067121,0.8056799096100407,0,0.34849757229669914
TGGAGTGATGGCTCTT-1,GSM8500537_Cap.area4_DLBCL_V2,6792,4173,1,0.386844596451583,0.394831942179155,0.203866002992641,0.161724738143952,0.07563593611628548,0.5301172626500141,0.008959352713550136,0.42763759634142445,0.0439429566067121,0.8056799096100407,0,0.34849757229669914
TGGAGTGCTCCTGATC-1,GSM8500537_Cap.area4_DLBCL_V2,1810,3637,1,0.273475432864079,0.0527679171063993,0.652380370720982,0.0125965737319449,0.07563593611628548,0.5301172626500141,0.008959352713550136,0.42763759634142445,0.0439429566067121,0.8056799096100407,0,0.34849757229669914
TGGCAAGCGACACTTA-1,GSM8500537_Cap.area4_DLBCL_V2,7218,4725,1,0.127568937612606,0.139531165051649,0.0746938650868781,0.344672794454454,0.07563593611628548,0.5301172626500141,0.008959352713550136,0.42763759634142445,0.0439429566067121,0.8056799096100407,0,0.34849757229669914
TGGCATCGATCAATTG-1,GSM8500537_Cap.area4_DLBCL_V2,6897,2112,1,0.425932146456164,0.676852473695993,0.366125141234312,0.00453476654350016,0.07563593611628548,0.5301172626500141,0.008959352713550136,0.42763759634142445,0.0439429566067121,0.8056799096100407,0,0.34849757229669914
TGGCATGCGTTCACGC-1,GSM8500537_Cap.area4_DLBCL_V2,6019,2311,1,0.105368430695942,0.154178259618152,0.0870003359086329,0.221577549088466,0.07563593611628548,0.5301172626500141,0.008959352713550136,0.42763759634142445,0.0439429566067121,0.8056799096100407,0,0.34849757229669914
TGGCCAACATTCTGAG-1,GSM8500537_Cap.area4_DLBCL_V2,4766,2503,1,0.313784468806303,0.108701909239183,0.152349833572541,0.145005649372462,0.07563593611628548,0.5301172626500141,0.008959352713550136,0.42763759634142445,0.0439429566067121,0.8056799096100407,0,0.34849757229669914
TGGCCACTCCTGAGTG-1,GSM8500537_Cap.area4_DLBCL_V2,2242,6905,1,0.111323174641952,0.0238574946432569,0.678871346993618,0,0.07563593611628548,0.5301172626500141,0.008959352713550136,0.42763759634142445,0.0439429566067121,0.8056799096100407,0,0.34849757229669914
TGGCCAGAGTATCTCC-1,GSM8500537_Cap.area4_DLBCL_V2,1569,3198,1,0.578770574403762,0.0898653618599892,0.732540385378813,9.00845879011847e-4,0.07563593611628548,0.5301172626500141,0.008959352713550136,0.42763759634142445,0.0439429566067121,0.8056799096100407,0,0.34849757229669914
TGGCCTGACATACTCA-1,GSM8500537_Cap.area4_DLBCL_V2,4412,4559,1,0.219852200201545,0.368064216956091,0.0447674596146211,0.106559379485144,0.07563593611628548,0.5301172626500141,0.008959352713550136,0.42763759634142445,0.0439429566067121,0.8056799096100407,0,0.34849757229669914
TGGCGACACTGCCGGA-1,GSM8500537_Cap.area4_DLBCL_V2,4327,2603,1,0.239014260848322,0.138124020595478,0.162595046874523,0.151067273338016,0.07563593611628548,0.5301172626500141,0.008959352713550136,0.42763759634142445,0.0439429566067121,0.8056799096100407,0,0.34849757229669914
TGGCGAGCTCCACGTG-1,GSM8500537_Cap.area4_DLBCL_V2,4358,1083,1,0.0708309158090817,0.0263679682752886,0.0516230494396434,0.064891440437292,0.07563593611628548,0.5301172626500141,0.008959352713550136,0.42763759634142445,0.0439429566067121,0.8056799096100407,0,0.34849757229669914
TGGCGATGAGTGGCAG-1,GSM8500537_Cap.area4_DLBCL_V2,6089,8069,1,0.111216294622408,0.18457577792702,0.227181115827404,0.194094115491495,0.07563593611628548,0.5301172626500141,0.008959352713550136,0.42763759634142445,0.0439429566067121,0.8056799096100407,0,0.34849757229669914
TGGCTGGACCTTAGGA-1,GSM8500537_Cap.area4_DLBCL_V2,8145,2137,1,0.12537026292484801,0.147190508171032,0.124606834213821,0.12883622927291,0.07563593611628548,0.5301172626500141,0.008959352713550136,0.42763759634142445,0.0439429566067121,0.8056799096100407,0,0.34849757229669914
TGGTACAAGACACTGA-1,GSM8500537_Cap.area4_DLBCL_V2,4364,6948,1,0.366247289828076,0.347532700118328,0.132409075640517,0.0664182978593459,0.07563593611628548,0.5301172626500141,0.008959352713550136,0.42763759634142445,0.0439429566067121,0.8056799096100407,0,0.34849757229669914
TGGTACAAGACCAATC-1,GSM8500537_Cap.area4_DLBCL_V2,6851,7433,1,0.146395089626531,0.180354344558508,0.076755122606651,0.260588756221944,0.07563593611628548,0.5301172626500141,0.008959352713550136,0.42763759634142445,0.0439429566067121,0.8056799096100407,0,0.34849757229669914
TGGTACCAGATTGTTA-1,GSM8500537_Cap.area4_DLBCL_V2,4724,1525,1,0.198018139066174,0.098324218874924,0.399593855925734,0.0787858429779827,0.07563593611628548,0.5301172626500141,0.008959352713550136,0.42763759634142445,0.0439429566067121,0.8056799096100407,0,0.34849757229669914
TGGTACGTGCTGTTGA-1,GSM8500537_Cap.area4_DLBCL_V2,1587,2330,1,0.548431917427551,0.0423582461863187,0.817601612361438,0,0.07563593611628548,0.5301172626500141,0.008959352713550136,0.42763759634142445,0.0439429566067121,0.8056799096100407,0,0.34849757229669914
TGGTACTGGTATCTTG-1,GSM8500537_Cap.area4_DLBCL_V2,5894,2309,1,0.129614926558158,0.132831238606927,0.0542034384829144,0.274238861575106,0.07563593611628548,0.5301172626500141,0.008959352713550136,0.42763759634142445,0.0439429566067121,0.8056799096100407,0,0.34849757229669914
TGGTAGACGTATTAAT-1,GSM8500537_Cap.area4_DLBCL_V2,4488,868,1,0.270253763703545,0.0754261409063289,0.0793660487983632,0.0888020276666565,0.07563593611628548,0.5301172626500141,0.008959352713550136,0.42763759634142445,0.0439429566067121,0.8056799096100407,0,0.34849757229669914
TGGTAGCATCAAGTCT-1,GSM8500537_Cap.area4_DLBCL_V2,4172,4120,1,0.289553241518307,0.291326873261057,0.103658350383241,0.196506550218341,0.07563593611628548,0.5301172626500141,0.008959352713550136,0.42763759634142445,0.0439429566067121,0.8056799096100407,0,0.34849757229669914
TGGTAGCCAGTTGACA-1,GSM8500537_Cap.area4_DLBCL_V2,3828,2593,1,0.267200048859437,0.0995394799961623,0.128576663511161,0.121079793568877,0.07563593611628548,0.5301172626500141,0.008959352713550136,0.42763759634142445,0.0439429566067121,0.8056799096100407,0,0.34849757229669914
TGGTATTAGCTAGACC-1,GSM8500537_Cap.area4_DLBCL_V2,6748,6345,1,0.100925275597765,0.127458505228821,0.0441719852200202,0.356872385256665,0.07563593611628548,0.5301172626500141,0.008959352713550136,0.42763759634142445,0.0439429566067121,0.8056799096100407,0,0.34849757229669914
TGGTATTCCTAGTCCA-1,GSM8500537_Cap.area4_DLBCL_V2,4731,4240,1,0.150456530369194,0.267789184176021,0.157922863163038,0.024124347268452,0.07563593611628548,0.5301172626500141,0.008959352713550136,0.42763759634142445,0.0439429566067121,0.8056799096100407,0,0.34849757229669914
TGGTATTGAGTTGTAA-1,GSM8500537_Cap.area4_DLBCL_V2,5005,6092,1,0.390646471432498,0.182065304294989,0.336214004336275,0.037316395394998,0.07563593611628548,0.5301172626500141,0.008959352713550136,0.42763759634142445,0.0439429566067121,0.8056799096100407,0,0.34849757229669914
TGGTCGCCGGCTTACT-1,GSM8500537_Cap.area4_DLBCL_V2,3965,5093,1,0.266360277277308,0.170360420864115,0.0723577732311357,0.117461141478609,0.07563593611628548,0.5301172626500141,0.008959352713550136,0.42763759634142445,0.0439429566067121,0.8056799096100407,0,0.34849757229669914
TGGTCTGCTCAGGTTG-1,GSM8500537_Cap.area4_DLBCL_V2,4007,6072,1,0.275506153235411,0.236080463078448,0.0952911717103857,0.132836595718692,0.07563593611628548,0.5301172626500141,0.008959352713550136,0.42763759634142445,0.0439429566067121,0.8056799096100407,0,0.34849757229669914
TGGTGCAGACCGAAGT-1,GSM8500537_Cap.area4_DLBCL_V2,4584,5323,1,0.266390814425749,0.0715085228181266,0.364018077991877,0.0323846459217638,0.07563593611628548,0.5301172626500141,0.008959352713550136,0.42763759634142445,0.0439429566067121,0.8056799096100407,0,0.34849757229669914
TGGTGCCGCTGCAACA-1,GSM8500537_Cap.area4_DLBCL_V2,7744,3433,1,0.112712614896021,0.18534331126675,0.117461141478609,0.334473386875134,0.07563593611628548,0.5301172626500141,0.008959352713550136,0.42763759634142445,0.0439429566067121,0.8056799096100407,0,0.34849757229669914
TGGTGCCTTCCGCTAA-1,GSM8500537_Cap.area4_DLBCL_V2,1101,1668,1,0.354704247717348,0.0162141418017845,0.639203591168657,0.0154823342596269,0.07563593611628548,0.5301172626500141,0.008959352713550136,0.42763759634142445,0.0439429566067121,0.8056799096100407,0,0.34849757229669914
TGGTTGAACACGCCAA-1,GSM8500537_Cap.area4_DLBCL_V2,4925,3918,1,0.285155892142792,0.314880552624005,0.168565059394754,0.106605185207805,0.07563593611628548,0.5301172626500141,0.008959352713550136,0.42763759634142445,0.0439429566067121,0.8056799096100407,0,0.34849757229669914
TGGTTGCCTCCGGCTT-1,GSM8500537_Cap.area4_DLBCL_V2,4813,3264,1,0.393242129049989,0.294093191339665,0.154853879744709,0.0568449018230678,0.07563593611628548,0.5301172626500141,0.008959352713550136,0.42763759634142445,0.0439429566067121,0.8056799096100407,0,0.34849757229669914
TGTAAGGTGAGCGACC-1,GSM8500537_Cap.area4_DLBCL_V2,4020,5420,1,0.284850520658381,0.302408135853401,0.0944819372766971,0.0830915809081748,0.07563593611628548,0.5301172626500141,0.008959352713550136,0.42763759634142445,0.0439429566067121,0.8056799096100407,0,0.34849757229669914
TGTAATGCACTACGAG-1,GSM8500537_Cap.area4_DLBCL_V2,2612,7129,1,0.122652456713592,0.0273113946720394,0.451445933978685,0.0260787247686811,0.07563593611628548,0.5301172626500141,0.008959352713550136,0.42763759634142445,0.0439429566067121,0.8056799096100407,0,0.34849757229669914
TGTACCAACTACGCAT-1,GSM8500537_Cap.area4_DLBCL_V2,1573,2981,1,0.624393074174734,0,0.725242006901396,0,0.07563593611628548,0.5301172626500141,0.008959352713550136,0.42763759634142445,0.0439429566067121,0.8056799096100407,0,0.34849757229669914
TGTACCACATACTGGT-1,GSM8500537_Cap.area4_DLBCL_V2,1168,4493,1,0.591382416709928,0.117208737087851,0.747793691025132,0.0106880019543775,0.07563593611628548,0.5301172626500141,0.008959352713550136,0.42763759634142445,0.0439429566067121,0.8056799096100407,0,0.34849757229669914
TGTAGGATCAGAGCGT-1,GSM8500537_Cap.area4_DLBCL_V2,6322,5793,1,0.116835129935567,0.0907288368671848,0.079075945888173,0.262940116651907,0.07563593611628548,0.5301172626500141,0.008959352713550136,0.42763759634142445,0.0439429566067121,0.8056799096100407,0,0.34849757229669914
TGTAGGTCTGAACGCA-1,GSM8500537_Cap.area4_DLBCL_V2,7200,5594,1,0.0677619323907533,0.0986760049889667,0.0539286041469448,0.37571380584481,0.07563593611628548,0.5301172626500141,0.008959352713550136,0.42763759634142445,0.0439429566067121,0.8056799096100407,0,0.34849757229669914
TGTATGATTGTAGGTG-1,GSM8500537_Cap.area4_DLBCL_V2,4854,7392,1,0.340809845176657,0.267069621670025,0.107475493938376,0.19139157785446,0.07563593611628548,0.5301172626500141,0.008959352713550136,0.42763759634142445,0.0439429566067121,0.8056799096100407,0,0.34849757229669914
TGTCACAGACGTATCC-1,GSM8500537_Cap.area4_DLBCL_V2,4286,7707,1,0.262436253702629,0.165195561098852,0.12740098329618,0.0312700400036645,0.07563593611628548,0.5301172626500141,0.008959352713550136,0.42763759634142445,0.0439429566067121,0.8056799096100407,0,0.34849757229669914
TGTCAGACGAAGCACC-1,GSM8500537_Cap.area4_DLBCL_V2,6920,7109,1,0.0871682902250588,0.132303559435863,0.0488747060799463,0.335038324121294,0.07563593611628548,0.5301172626500141,0.008959352713550136,0.42763759634142445,0.0439429566067121,0.8056799096100407,0,0.34849757229669914
TGTCAGATAAGGTGAC-1,GSM8500537_Cap.area4_DLBCL_V2,8205,2247,1,0.207454117934467,0.0614346477341776,0.117995541576328,0.0719455217271812,0.07563593611628548,0.5301172626500141,0.008959352713550136,0.42763759634142445,0.0439429566067121,0.8056799096100407,0,0.34849757229669914
TGTCAGTGGCTTCCAT-1,GSM8500537_Cap.area4_DLBCL_V2,4003,6289,1,0.293416190796103,0.14359269564105,0.132714447124928,0.0955660060463553,0.07563593611628548,0.5301172626500141,0.008959352713550136,0.42763759634142445,0.0439429566067121,0.8056799096100407,0,0.34849757229669914
TGTCATGCATGAGCAC-1,GSM8500537_Cap.area4_DLBCL_V2,1491,3957,1,0.496503496503496,0.11549777735137,0.834839832656427,0,0.07563593611628548,0.5301172626500141,0.008959352713550136,0.42763759634142445,0.0439429566067121,0.8056799096100407,0,0.34849757229669914
TGTCCGGATGGCAGTT-1,GSM8500537_Cap.area4_DLBCL_V2,6782,7757,1,0.0833969523925856,0.0976366369247498,0.0346443949064036,0.252160503252206,0.07563593611628548,0.5301172626500141,0.008959352713550136,0.42763759634142445,0.0439429566067121,0.8056799096100407,0,0.34849757229669914
TGTCGATTCACGTAGT-1,GSM8500537_Cap.area4_DLBCL_V2,5306,6641,1,0.359239014260848,0.23440148389779,0.173664763184414,0.0225822212721776,0.07563593611628548,0.5301172626500141,0.008959352713550136,0.42763759634142445,0.0439429566067121,0.8056799096100407,0,0.34849757229669914
TGTCGCGGAAGAGCTA-1,GSM8500537_Cap.area4_DLBCL_V2,6236,6986,1,0.082786209423764,0.14591128593815,0.139554768375729,0.261871316456469,0.07563593611628548,0.5301172626500141,0.008959352713550136,0.42763759634142445,0.0439429566067121,0.8056799096100407,0,0.34849757229669914
TGTCGTTCATACGATA-1,GSM8500537_Cap.area4_DLBCL_V2,5491,6754,1,0.196689773108987,0.173462534778854,0.108605368430696,0.0899624393074174,0.07563593611628548,0.5301172626500141,0.008959352713550136,0.42763759634142445,0.0439429566067121,0.8056799096100407,0,0.34849757229669914
TGTCTAAGCAGACGTA-1,GSM8500537_Cap.area4_DLBCL_V2,4410,1627,1,0.23472379149235,0.130560619143561,0.575457293797905,0.0516383180138639,0.07563593611628548,0.5301172626500141,0.008959352713550136,0.42763759634142445,0.0439429566067121,0.8056799096100407,0,0.34849757229669914
TGTCTGGCTTGTCTGT-1,GSM8500537_Cap.area4_DLBCL_V2,1540,1568,1,0.590405227959813,0,0.854551561975143,0,0.07563593611628548,0.5301172626500141,0.008959352713550136,0.42763759634142445,0.0439429566067121,0.8056799096100407,0,0.34849757229669914
TGTTACCTATTGGACA-1,GSM8500537_Cap.area4_DLBCL_V2,4442,6189,1,0.255198949522094,0.26714957305958,0.149891593123034,0.0651662747732616,0.07563593611628548,0.5301172626500141,0.008959352713550136,0.42763759634142445,0.0439429566067121,0.8056799096100407,0,0.34849757229669914
TGTTCAGCGAGGCAGT-1,GSM8500537_Cap.area4_DLBCL_V2,6915,7326,1,0.11692674138089,0.14234545396399,0.0916419824716768,0.34145112529392,0.07563593611628548,0.5301172626500141,0.008959352713550136,0.42763759634142445,0.0439429566067121,0.8056799096100407,0,0.34849757229669914
TGTTGCGTCCAAGATT-1,GSM8500537_Cap.area4_DLBCL_V2,4136,5857,1,0.27888050813815,0.19589689468803,0.0921611139951751,0.0694567441292332,0.07563593611628548,0.5301172626500141,0.008959352713550136,0.42763759634142445,0.0439429566067121,0.8056799096100407,0,0.34849757229669914
TGTTGGAACGAGGTCA-1,GSM8500537_Cap.area4_DLBCL_V2,3750,3351,1,0.203682780101994,0.0635133838626115,0.36691910709378,0.00853513298928144,0.07563593611628548,0.5301172626500141,0.008959352713550136,0.42763759634142445,0.0439429566067121,0.8056799096100407,0,0.34849757229669914
TGTTGGATGGACTTCT-1,GSM8500537_Cap.area4_DLBCL_V2,4969,1747,1,0.292011481967814,0.088746042406217,0.541729013344734,0.0282468623079977,0.07563593611628548,0.5301172626500141,0.008959352713550136,0.42763759634142445,0.0439429566067121,0.8056799096100407,0,0.34849757229669914
